CREATE DATABASE  IF NOT EXISTS `payrollsystem_db` /*!40100 DEFAULT CHARACTER SET utf8mb4 COLLATE utf8mb4_0900_ai_ci */ /*!80016 DEFAULT ENCRYPTION='N' */;
USE `payrollsystem_db`;
-- MySQL dump 10.13  Distrib 8.0.36, for Win64 (x86_64)
--
-- Host: 127.0.0.1    Database: payrollsystem_db
-- ------------------------------------------------------
-- Server version	8.0.36

/*!40101 SET @OLD_CHARACTER_SET_CLIENT=@@CHARACTER_SET_CLIENT */;
/*!40101 SET @OLD_CHARACTER_SET_RESULTS=@@CHARACTER_SET_RESULTS */;
/*!40101 SET @OLD_COLLATION_CONNECTION=@@COLLATION_CONNECTION */;
/*!50503 SET NAMES utf8 */;
/*!40103 SET @OLD_TIME_ZONE=@@TIME_ZONE */;
/*!40103 SET TIME_ZONE='+00:00' */;
/*!40014 SET @OLD_UNIQUE_CHECKS=@@UNIQUE_CHECKS, UNIQUE_CHECKS=0 */;
/*!40014 SET @OLD_FOREIGN_KEY_CHECKS=@@FOREIGN_KEY_CHECKS, FOREIGN_KEY_CHECKS=0 */;
/*!40101 SET @OLD_SQL_MODE=@@SQL_MODE, SQL_MODE='NO_AUTO_VALUE_ON_ZERO' */;
/*!40111 SET @OLD_SQL_NOTES=@@SQL_NOTES, SQL_NOTES=0 */;

--
-- Table structure for table `allowances`
--

DROP TABLE IF EXISTS `allowances`;
/*!40101 SET @saved_cs_client     = @@character_set_client */;
/*!50503 SET character_set_client = utf8mb4 */;
CREATE TABLE `allowances` (
  `allowance_id` int NOT NULL AUTO_INCREMENT,
  `allowance_name` varchar(45) NOT NULL,
  PRIMARY KEY (`allowance_id`),
  KEY `UIDX_allowance_name` (`allowance_name`)
) ENGINE=InnoDB AUTO_INCREMENT=4 DEFAULT CHARSET=utf8mb4 COLLATE=utf8mb4_0900_ai_ci;
/*!40101 SET character_set_client = @saved_cs_client */;

--
-- Dumping data for table `allowances`
--

LOCK TABLES `allowances` WRITE;
/*!40000 ALTER TABLE `allowances` DISABLE KEYS */;
INSERT INTO `allowances` VALUES (2,'Clothing Allowance'),(3,'Phone Allowance'),(1,'Rice Subsidy');
/*!40000 ALTER TABLE `allowances` ENABLE KEYS */;
UNLOCK TABLES;

--
-- Table structure for table `deduction_types`
--

DROP TABLE IF EXISTS `deduction_types`;
/*!40101 SET @saved_cs_client     = @@character_set_client */;
/*!50503 SET character_set_client = utf8mb4 */;
CREATE TABLE `deduction_types` (
  `deduction_type_id` int NOT NULL AUTO_INCREMENT,
  `deduction_name` varchar(45) NOT NULL,
  PRIMARY KEY (`deduction_type_id`),
  KEY `UIDX_deduction_name` (`deduction_name`)
) ENGINE=InnoDB AUTO_INCREMENT=5 DEFAULT CHARSET=utf8mb4 COLLATE=utf8mb4_0900_ai_ci;
/*!40101 SET character_set_client = @saved_cs_client */;

--
-- Dumping data for table `deduction_types`
--

LOCK TABLES `deduction_types` WRITE;
/*!40000 ALTER TABLE `deduction_types` DISABLE KEYS */;
INSERT INTO `deduction_types` VALUES (3,'Pag-IBIG'),(2,'PhilHealth'),(1,'Social Security System'),(4,'Withholding Tax');
/*!40000 ALTER TABLE `deduction_types` ENABLE KEYS */;
UNLOCK TABLES;

--
-- Table structure for table `department`
--

DROP TABLE IF EXISTS `department`;
/*!40101 SET @saved_cs_client     = @@character_set_client */;
/*!50503 SET character_set_client = utf8mb4 */;
CREATE TABLE `department` (
  `dept_id` int NOT NULL AUTO_INCREMENT,
  `dept_name` varchar(45) NOT NULL,
  PRIMARY KEY (`dept_id`),
  KEY `UIDX_dept_name` (`dept_name`)
) ENGINE=InnoDB AUTO_INCREMENT=9 DEFAULT CHARSET=utf8mb4 COLLATE=utf8mb4_0900_ai_ci;
/*!40101 SET character_set_client = @saved_cs_client */;

--
-- Dumping data for table `department`
--

LOCK TABLES `department` WRITE;
/*!40000 ALTER TABLE `department` DISABLE KEYS */;
INSERT INTO `department` VALUES (3,'Accounting'),(1,'Executive'),(8,'Facility'),(2,'Human Resources'),(7,'IT'),(4,'Operations'),(5,'Sales & Marketing'),(6,'Supply Chain');
/*!40000 ALTER TABLE `department` ENABLE KEYS */;
UNLOCK TABLES;

--
-- Table structure for table `emp_deductions`
--

DROP TABLE IF EXISTS `emp_deductions`;
/*!40101 SET @saved_cs_client     = @@character_set_client */;
/*!50503 SET character_set_client = utf8mb4 */;
CREATE TABLE `emp_deductions` (
  `emp_deduction_id` int NOT NULL AUTO_INCREMENT,
  `emp_id` int NOT NULL,
  `payroll_period_id` int NOT NULL,
  `deduction_type_id` int NOT NULL,
  `amount` decimal(10,2) DEFAULT NULL,
  PRIMARY KEY (`emp_deduction_id`),
  KEY `IDX_emp_deductions_payroll_period_id` (`payroll_period_id`),
  KEY `IDX_empid_payrollperiod` (`emp_id`,`payroll_period_id`) /*!80000 INVISIBLE */,
  KEY `IDX_empid_deductiontype` (`emp_id`,`deduction_type_id`) /*!80000 INVISIBLE */,
  KEY `FK_emp_deductions_emp_id` (`emp_id`),
  KEY `FK_emp_deductions_deduction_type_id_idx` (`deduction_type_id`),
  CONSTRAINT `FK_emp_deductions_deduction_type_id` FOREIGN KEY (`deduction_type_id`) REFERENCES `deduction_types` (`deduction_type_id`),
  CONSTRAINT `FK_emp_deductions_emp_id` FOREIGN KEY (`emp_id`) REFERENCES `employee` (`emp_id`)
) ENGINE=InnoDB AUTO_INCREMENT=1534 DEFAULT CHARSET=utf8mb4 COLLATE=utf8mb4_0900_ai_ci;
/*!40101 SET character_set_client = @saved_cs_client */;

--
-- Dumping data for table `emp_deductions`
--

LOCK TABLES `emp_deductions` WRITE;
/*!40000 ALTER TABLE `emp_deductions` DISABLE KEYS */;
INSERT INTO `emp_deductions` VALUES (1,1,1,3,NULL),(2,1,1,2,150.00),(3,1,1,1,135.00),(4,1,1,3,100.00),(5,1,1,2,900.00),(6,1,1,1,1125.00),(7,2,1,3,100.00),(8,2,1,2,723.21),(9,2,1,1,1125.00),(10,3,1,3,100.00),(11,3,1,2,701.78),(12,3,1,1,1125.00),(13,4,1,3,100.00),(14,4,1,2,851.78),(15,4,1,1,1125.00),(16,5,1,3,100.00),(17,5,1,2,738.32),(18,5,1,1,1125.00),(19,6,1,3,100.00),(20,6,1,2,780.64),(21,6,1,1,1125.00),(22,7,1,3,100.00),(23,7,1,2,671.48),(24,7,1,1,1125.00),(25,8,1,3,100.00),(26,8,1,2,345.54),(27,8,1,1,1035.00),(28,9,1,3,100.00),(29,9,1,2,359.60),(30,9,1,1,1080.00),(31,10,1,3,100.00),(32,10,1,2,808.86),(33,10,1,1,1125.00),(34,11,1,3,100.00),(35,11,1,2,671.62),(36,11,1,1,1125.00),(37,12,1,3,100.00),(38,12,1,2,504.99),(39,12,1,1,1125.00),(40,13,1,3,100.00),(41,13,1,2,330.01),(42,13,1,1,990.00),(43,14,1,3,100.00),(44,14,1,2,370.72),(45,14,1,1,1102.50),(46,15,1,3,100.00),(47,15,1,2,792.94),(48,15,1,1,1125.00),(49,16,1,3,100.00),(50,16,1,2,613.92),(51,16,1,1,1125.00),(52,17,1,3,100.00),(53,17,1,2,616.55),(54,17,1,1,1125.00),(55,18,1,3,100.00),(56,18,1,2,337.50),(57,18,1,1,1012.50),(58,19,1,3,100.00),(59,19,1,2,325.45),(60,19,1,1,967.50),(61,20,1,3,100.00),(62,20,1,2,373.65),(63,20,1,1,1125.00),(64,21,1,3,100.00),(65,21,1,2,323.83),(66,21,1,1,967.50),(67,22,1,3,100.00),(68,22,1,2,368.58),(69,22,1,1,1102.50),(70,23,1,3,100.00),(71,23,1,2,317.41),(72,23,1,1,945.00),(73,24,1,3,100.00),(74,24,1,2,323.44),(75,24,1,1,967.50),(76,25,1,3,100.00),(77,25,1,2,306.43),(78,25,1,1,922.50),(79,26,1,3,100.00),(80,26,1,2,371.25),(81,26,1,1,1102.50),(82,27,1,3,100.00),(83,27,1,2,397.76),(84,27,1,1,1125.00),(85,28,1,3,100.00),(86,28,1,2,340.72),(87,28,1,1,1012.50),(88,29,1,3,100.00),(89,29,1,2,345.54),(90,29,1,1,1035.00),(91,30,1,3,100.00),(92,30,1,2,329.47),(93,30,1,1,990.00),(94,31,1,3,100.00),(95,31,1,2,339.51),(96,31,1,1,1012.50),(97,32,1,3,100.00),(98,32,1,2,799.45),(99,32,1,1,1125.00),(100,33,1,3,100.00),(101,33,1,2,837.07),(102,33,1,1,1125.00),(103,34,1,3,100.00),(104,34,1,2,766.53),(105,34,1,1,1125.00),(106,1,1,3,100.00),(107,1,1,2,900.00),(108,1,1,1,1125.00),(109,2,1,3,100.00),(110,2,1,2,723.64),(111,2,1,1,1125.00),(112,3,1,3,100.00),(113,3,1,2,701.78),(114,3,1,1,1125.00),(115,4,1,3,100.00),(116,4,1,2,861.96),(117,4,1,1,1125.00),(118,5,1,3,100.00),(119,5,1,2,755.15),(120,5,1,1,1125.00),(121,6,1,3,100.00),(122,6,1,2,790.61),(123,6,1,1,1125.00),(124,7,1,3,100.00),(125,7,1,2,690.97),(126,7,1,1,1125.00),(127,8,1,3,100.00),(128,8,1,2,352.75),(129,8,1,1,1057.50),(130,9,1,3,100.00),(131,9,1,2,359.60),(132,9,1,1,1080.00),(133,10,1,3,100.00),(134,10,1,2,812.15),(135,10,1,1,1125.00),(136,11,1,3,100.00),(137,11,1,2,677.65),(138,11,1,1,1125.00),(139,12,1,3,100.00),(140,12,1,2,520.62),(141,12,1,1,1125.00),(142,13,1,3,100.00),(143,13,1,2,338.64),(144,13,1,1,1012.50),(145,14,1,3,100.00),(146,14,1,2,370.72),(147,14,1,1,1102.50),(148,15,1,3,100.00),(149,15,1,2,799.53),(150,15,1,1,1125.00),(151,16,1,3,100.00),(152,16,1,2,623.36),(153,16,1,1,1125.00),(154,17,1,3,100.00),(155,17,1,2,616.55),(156,17,1,1,1125.00),(157,18,1,3,100.00),(158,18,1,2,344.60),(159,18,1,1,1035.00),(160,19,1,3,100.00),(161,19,1,2,325.45),(162,19,1,1,967.50),(163,20,1,3,100.00),(164,20,1,2,380.23),(165,20,1,1,1125.00),(166,21,1,3,100.00),(167,21,1,2,333.63),(168,21,1,1,990.00),(169,22,1,3,100.00),(170,22,1,2,369.37),(171,22,1,1,1102.50),(172,23,1,3,100.00),(173,23,1,2,322.58),(174,23,1,1,967.50),(175,24,1,3,100.00),(176,24,1,2,334.09),(177,24,1,1,1012.50),(178,25,1,3,100.00),(179,25,1,2,307.83),(180,25,1,1,922.50),(181,26,1,3,100.00),(182,26,1,2,377.94),(183,26,1,1,1125.00),(184,27,1,3,100.00),(185,27,1,2,417.36),(186,27,1,1,1125.00),(187,28,1,3,100.00),(188,28,1,2,340.72),(189,28,1,1,1012.50),(190,29,1,3,100.00),(191,29,1,2,346.58),(192,29,1,1,1035.00),(193,30,1,3,100.00),(194,30,1,2,333.33),(195,30,1,1,990.00),(196,31,1,3,100.00),(197,31,1,2,341.88),(198,31,1,1,1035.00),(199,32,1,3,100.00),(200,32,1,2,821.36),(201,32,1,1,1125.00),(202,33,1,3,100.00),(203,33,1,2,848.55),(204,33,1,1,1125.00),(205,34,1,3,100.00),(206,34,1,2,777.02),(207,34,1,1,1125.00),(208,1,2,3,100.00),(209,1,2,2,900.00),(210,1,2,1,1125.00),(211,2,2,3,100.00),(212,2,2,2,824.03),(213,2,2,1,1125.00),(214,3,2,3,100.00),(215,3,2,2,795.69),(216,3,2,1,1125.00),(217,4,2,3,100.00),(218,4,2,2,820.87),(219,4,2,1,1125.00),(220,5,2,3,100.00),(221,5,2,2,641.54),(222,5,2,1,1125.00),(223,6,2,3,100.00),(224,6,2,2,777.30),(225,6,2,1,1125.00),(226,7,2,3,100.00),(227,7,2,2,579.39),(228,7,2,1,1125.00),(229,8,2,3,100.00),(230,8,2,2,332.78),(231,8,2,1,990.00),(232,9,2,3,100.00),(233,9,2,2,288.83),(234,9,2,1,877.50),(235,10,2,3,100.00),(236,10,2,2,700.69),(237,10,2,1,1125.00),(238,11,2,3,100.00),(239,11,2,2,689.77),(240,11,2,1,1125.00),(241,12,2,3,100.00),(242,12,2,2,566.82),(243,12,2,1,1125.00),(244,13,2,3,100.00),(245,13,2,2,326.94),(246,13,2,1,990.00),(247,14,2,3,100.00),(248,14,2,2,311.94),(249,14,2,1,945.00),(250,15,2,3,100.00),(251,15,2,2,755.92),(252,15,2,1,1125.00),(253,16,2,3,100.00),(254,16,2,2,620.90),(255,16,2,1,1125.00),(256,17,2,3,100.00),(257,17,2,2,553.66),(258,17,2,1,1125.00),(259,18,2,3,100.00),(260,18,2,2,241.07),(261,18,2,1,720.00),(262,19,2,3,100.00),(263,19,2,2,318.36),(264,19,2,1,945.00),(265,20,2,3,100.00),(266,20,2,2,319.72),(267,20,2,1,967.50),(268,21,2,3,100.00),(269,21,2,2,327.98),(270,21,2,1,990.00),(271,22,2,3,100.00),(272,22,2,2,308.79),(273,22,2,1,922.50),(274,23,2,3,100.00),(275,23,2,2,329.81),(276,23,2,1,990.00),(277,24,2,3,100.00),(278,24,2,2,283.26),(279,24,2,1,855.00),(280,25,2,3,100.00),(281,25,2,2,326.09),(282,25,2,1,967.50),(283,26,2,3,100.00),(284,26,2,2,338.94),(285,26,2,1,1012.50),(286,27,2,3,100.00),(287,27,2,2,318.21),(288,27,2,1,945.00),(289,28,2,3,100.00),(290,28,2,2,285.01),(291,28,2,1,855.00),(292,29,2,3,100.00),(293,29,2,2,296.82),(294,29,2,1,900.00),(295,30,2,3,100.00),(296,30,2,2,274.86),(297,30,2,1,832.50),(298,31,2,3,100.00),(299,31,2,2,295.32),(300,31,2,1,877.50),(301,32,2,3,100.00),(302,32,2,2,709.54),(303,32,2,1,1125.00),(304,33,2,3,100.00),(305,33,2,2,615.06),(306,33,2,1,1125.00),(307,34,2,3,100.00),(308,34,2,2,728.21),(309,34,2,1,1125.00),(310,1,2,3,100.00),(311,1,2,2,900.00),(312,1,2,1,1125.00),(313,2,2,3,100.00),(314,2,2,2,824.03),(315,2,2,1,1125.00),(316,3,2,3,100.00),(317,3,2,2,795.69),(318,3,2,1,1125.00),(319,4,2,3,100.00),(320,4,2,2,820.87),(321,4,2,1,1125.00),(322,5,2,3,100.00),(323,5,2,2,641.54),(324,5,2,1,1125.00),(325,6,2,3,100.00),(326,6,2,2,777.30),(327,6,2,1,1125.00),(328,7,2,3,100.00),(329,7,2,2,579.39),(330,7,2,1,1125.00),(331,8,2,3,100.00),(332,8,2,2,332.78),(333,8,2,1,990.00),(334,9,2,3,100.00),(335,9,2,2,288.83),(336,9,2,1,877.50),(337,10,2,3,100.00),(338,10,2,2,700.69),(339,10,2,1,1125.00),(340,11,2,3,100.00),(341,11,2,2,689.77),(342,11,2,1,1125.00),(343,12,2,3,100.00),(344,12,2,2,566.82),(345,12,2,1,1125.00),(346,13,2,3,100.00),(347,13,2,2,326.94),(348,13,2,1,990.00),(349,14,2,3,100.00),(350,14,2,2,311.94),(351,14,2,1,945.00),(352,15,2,3,100.00),(353,15,2,2,755.92),(354,15,2,1,1125.00),(355,16,2,3,100.00),(356,16,2,2,620.90),(357,16,2,1,1125.00),(358,17,2,3,100.00),(359,17,2,2,553.66),(360,17,2,1,1125.00),(361,18,2,3,100.00),(362,18,2,2,241.07),(363,18,2,1,720.00),(364,19,2,3,100.00),(365,19,2,2,318.36),(366,19,2,1,945.00),(367,20,2,3,100.00),(368,20,2,2,319.72),(369,20,2,1,967.50),(370,21,2,3,100.00),(371,21,2,2,327.98),(372,21,2,1,990.00),(373,22,2,3,100.00),(374,22,2,2,308.79),(375,22,2,1,922.50),(376,23,2,3,100.00),(377,23,2,2,329.81),(378,23,2,1,990.00),(379,24,2,3,100.00),(380,24,2,2,283.26),(381,24,2,1,855.00),(382,25,2,3,100.00),(383,25,2,2,326.09),(384,25,2,1,967.50),(385,26,2,3,100.00),(386,26,2,2,338.94),(387,26,2,1,1012.50),(388,27,2,3,100.00),(389,27,2,2,318.21),(390,27,2,1,945.00),(391,28,2,3,100.00),(392,28,2,2,285.01),(393,28,2,1,855.00),(394,29,2,3,100.00),(395,29,2,2,296.82),(396,29,2,1,900.00),(397,30,2,3,100.00),(398,30,2,2,274.86),(399,30,2,1,832.50),(400,31,2,3,100.00),(401,31,2,2,295.32),(402,31,2,1,877.50),(403,32,2,3,100.00),(404,32,2,2,709.54),(405,32,2,1,1125.00),(406,33,2,3,100.00),(407,33,2,2,615.06),(408,33,2,1,1125.00),(409,34,2,3,100.00),(410,34,2,2,728.21),(411,34,2,1,1125.00),(412,1,2,3,100.00),(413,1,2,2,900.00),(414,1,2,1,1125.00),(415,2,2,3,100.00),(416,2,2,2,824.03),(417,2,2,1,1125.00),(418,3,2,3,100.00),(419,3,2,2,795.69),(420,3,2,1,1125.00),(421,4,2,3,100.00),(422,4,2,2,820.87),(423,4,2,1,1125.00),(424,5,2,3,100.00),(425,5,2,2,641.54),(426,5,2,1,1125.00),(427,6,2,3,100.00),(428,6,2,2,777.30),(429,6,2,1,1125.00),(430,7,2,3,100.00),(431,7,2,2,579.39),(432,7,2,1,1125.00),(433,8,2,3,100.00),(434,8,2,2,332.78),(435,8,2,1,990.00),(436,9,2,3,100.00),(437,9,2,2,288.83),(438,9,2,1,877.50),(439,10,2,3,100.00),(440,10,2,2,700.69),(441,10,2,1,1125.00),(442,11,2,3,100.00),(443,11,2,2,689.77),(444,11,2,1,1125.00),(445,12,2,3,100.00),(446,12,2,2,566.82),(447,12,2,1,1125.00),(448,13,2,3,100.00),(449,13,2,2,326.94),(450,13,2,1,990.00),(451,14,2,3,100.00),(452,14,2,2,311.94),(453,14,2,1,945.00),(454,15,2,3,100.00),(455,15,2,2,755.92),(456,15,2,1,1125.00),(457,16,2,3,100.00),(458,16,2,2,620.90),(459,16,2,1,1125.00),(460,17,2,3,100.00),(461,17,2,2,553.66),(462,17,2,1,1125.00),(463,18,2,3,100.00),(464,18,2,2,241.07),(465,18,2,1,720.00),(466,19,2,3,100.00),(467,19,2,2,318.36),(468,19,2,1,945.00),(469,20,2,3,100.00),(470,20,2,2,319.72),(471,20,2,1,967.50),(472,21,2,3,100.00),(473,21,2,2,327.98),(474,21,2,1,990.00),(475,22,2,3,100.00),(476,22,2,2,308.79),(477,22,2,1,922.50),(478,23,2,3,100.00),(479,23,2,2,329.81),(480,23,2,1,990.00),(481,24,2,3,100.00),(482,24,2,2,283.26),(483,24,2,1,855.00),(484,25,2,3,100.00),(485,25,2,2,326.09),(486,25,2,1,967.50),(487,26,2,3,100.00),(488,26,2,2,338.94),(489,26,2,1,1012.50),(490,27,2,3,100.00),(491,27,2,2,318.21),(492,27,2,1,945.00),(493,28,2,3,100.00),(494,28,2,2,285.01),(495,28,2,1,855.00),(496,29,2,3,100.00),(497,29,2,2,296.82),(498,29,2,1,900.00),(499,30,2,3,100.00),(500,30,2,2,274.86),(501,30,2,1,832.50),(502,31,2,3,100.00),(503,31,2,2,295.32),(504,31,2,1,877.50),(505,32,2,3,100.00),(506,32,2,2,709.54),(507,32,2,1,1125.00),(508,33,2,3,100.00),(509,33,2,2,615.06),(510,33,2,1,1125.00),(511,34,2,3,100.00),(512,34,2,2,728.21),(513,34,2,1,1125.00),(514,1,2,3,100.00),(515,1,2,2,900.00),(516,1,2,1,1125.00),(517,2,2,3,100.00),(518,2,2,2,824.03),(519,2,2,1,1125.00),(520,3,2,3,100.00),(521,3,2,2,795.69),(522,3,2,1,1125.00),(523,4,2,3,100.00),(524,4,2,2,820.87),(525,4,2,1,1125.00),(526,5,2,3,100.00),(527,5,2,2,641.54),(528,5,2,1,1125.00),(529,6,2,3,100.00),(530,6,2,2,777.30),(531,6,2,1,1125.00),(532,7,2,3,100.00),(533,7,2,2,579.39),(534,7,2,1,1125.00),(535,8,2,3,100.00),(536,8,2,2,332.78),(537,8,2,1,990.00),(538,9,2,3,100.00),(539,9,2,2,288.83),(540,9,2,1,877.50),(541,10,2,3,100.00),(542,10,2,2,700.69),(543,10,2,1,1125.00),(544,11,2,3,100.00),(545,11,2,2,689.77),(546,11,2,1,1125.00),(547,12,2,3,100.00),(548,12,2,2,566.82),(549,12,2,1,1125.00),(550,13,2,3,100.00),(551,13,2,2,326.94),(552,13,2,1,990.00),(553,14,2,3,100.00),(554,14,2,2,311.94),(555,14,2,1,945.00),(556,15,2,3,100.00),(557,15,2,2,755.92),(558,15,2,1,1125.00),(559,16,2,3,100.00),(560,16,2,2,620.90),(561,16,2,1,1125.00),(562,17,2,3,100.00),(563,17,2,2,553.66),(564,17,2,1,1125.00),(565,18,2,3,100.00),(566,18,2,2,241.07),(567,18,2,1,720.00),(568,19,2,3,100.00),(569,19,2,2,318.36),(570,19,2,1,945.00),(571,20,2,3,100.00),(572,20,2,2,319.72),(573,20,2,1,967.50),(574,21,2,3,100.00),(575,21,2,2,327.98),(576,21,2,1,990.00),(577,22,2,3,100.00),(578,22,2,2,308.79),(579,22,2,1,922.50),(580,23,2,3,100.00),(581,23,2,2,329.81),(582,23,2,1,990.00),(583,24,2,3,100.00),(584,24,2,2,283.26),(585,24,2,1,855.00),(586,25,2,3,100.00),(587,25,2,2,326.09),(588,25,2,1,967.50),(589,26,2,3,100.00),(590,26,2,2,338.94),(591,26,2,1,1012.50),(592,27,2,3,100.00),(593,27,2,2,318.21),(594,27,2,1,945.00),(595,28,2,3,100.00),(596,28,2,2,285.01),(597,28,2,1,855.00),(598,29,2,3,100.00),(599,29,2,2,296.82),(600,29,2,1,900.00),(601,30,2,3,100.00),(602,30,2,2,274.86),(603,30,2,1,832.50),(604,31,2,3,100.00),(605,31,2,2,295.32),(606,31,2,1,877.50),(607,32,2,3,100.00),(608,32,2,2,709.54),(609,32,2,1,1125.00),(610,33,2,3,100.00),(611,33,2,2,615.06),(612,33,2,1,1125.00),(613,34,2,3,100.00),(614,34,2,2,728.21),(615,34,2,1,1125.00),(616,1,2,3,100.00),(617,1,2,2,900.00),(618,1,2,1,1125.00),(619,2,2,3,100.00),(620,2,2,2,824.03),(621,2,2,1,1125.00),(622,3,2,3,100.00),(623,3,2,2,795.69),(624,3,2,1,1125.00),(625,4,2,3,100.00),(626,4,2,2,820.87),(627,4,2,1,1125.00),(628,5,2,3,100.00),(629,5,2,2,641.54),(630,5,2,1,1125.00),(631,6,2,3,100.00),(632,6,2,2,777.30),(633,6,2,1,1125.00),(634,7,2,3,100.00),(635,7,2,2,579.39),(636,7,2,1,1125.00),(637,8,2,3,100.00),(638,8,2,2,332.78),(639,8,2,1,990.00),(640,9,2,3,100.00),(641,9,2,2,288.83),(642,9,2,1,877.50),(643,10,2,3,100.00),(644,10,2,2,700.69),(645,10,2,1,1125.00),(646,11,2,3,100.00),(647,11,2,2,689.77),(648,11,2,1,1125.00),(649,12,2,3,100.00),(650,12,2,2,566.82),(651,12,2,1,1125.00),(652,13,2,3,100.00),(653,13,2,2,326.94),(654,13,2,1,990.00),(655,14,2,3,100.00),(656,14,2,2,311.94),(657,14,2,1,945.00),(658,15,2,3,100.00),(659,15,2,2,755.92),(660,15,2,1,1125.00),(661,16,2,3,100.00),(662,16,2,2,620.90),(663,16,2,1,1125.00),(664,17,2,3,100.00),(665,17,2,2,553.66),(666,17,2,1,1125.00),(667,18,2,3,100.00),(668,18,2,2,241.07),(669,18,2,1,720.00),(670,19,2,3,100.00),(671,19,2,2,318.36),(672,19,2,1,945.00),(673,20,2,3,100.00),(674,20,2,2,319.72),(675,20,2,1,967.50),(676,21,2,3,100.00),(677,21,2,2,327.98),(678,21,2,1,990.00),(679,22,2,3,100.00),(680,22,2,2,308.79),(681,22,2,1,922.50),(682,23,2,3,100.00),(683,23,2,2,329.81),(684,23,2,1,990.00),(685,24,2,3,100.00),(686,24,2,2,283.26),(687,24,2,1,855.00),(688,25,2,3,100.00),(689,25,2,2,326.09),(690,25,2,1,967.50),(691,26,2,3,100.00),(692,26,2,2,338.94),(693,26,2,1,1012.50),(694,27,2,3,100.00),(695,27,2,2,318.21),(696,27,2,1,945.00),(697,28,2,3,100.00),(698,28,2,2,285.01),(699,28,2,1,855.00),(700,29,2,3,100.00),(701,29,2,2,296.82),(702,29,2,1,900.00),(703,30,2,3,100.00),(704,30,2,2,274.86),(705,30,2,1,832.50),(706,31,2,3,100.00),(707,31,2,2,295.32),(708,31,2,1,877.50),(709,32,2,3,100.00),(710,32,2,2,709.54),(711,32,2,1,1125.00),(712,33,2,3,100.00),(713,33,2,2,615.06),(714,33,2,1,1125.00),(715,34,2,3,100.00),(716,34,2,2,728.21),(717,34,2,1,1125.00),(718,1,1,3,100.00),(719,1,1,2,900.00),(720,1,1,1,1125.00),(721,2,1,3,100.00),(722,2,1,2,723.64),(723,2,1,1,1125.00),(724,3,1,3,100.00),(725,3,1,2,701.78),(726,3,1,1,1125.00),(727,4,1,3,100.00),(728,4,1,2,861.96),(729,4,1,1,1125.00),(730,5,1,3,100.00),(731,5,1,2,755.15),(732,5,1,1,1125.00),(733,6,1,3,100.00),(734,6,1,2,790.61),(735,6,1,1,1125.00),(736,7,1,3,100.00),(737,7,1,2,690.97),(738,7,1,1,1125.00),(739,8,1,3,100.00),(740,8,1,2,352.75),(741,8,1,1,1057.50),(742,9,1,3,100.00),(743,9,1,2,359.60),(744,9,1,1,1080.00),(745,10,1,3,100.00),(746,10,1,2,812.15),(747,10,1,1,1125.00),(748,11,1,3,100.00),(749,11,1,2,677.65),(750,11,1,1,1125.00),(751,12,1,3,100.00),(752,12,1,2,520.62),(753,12,1,1,1125.00),(754,13,1,3,100.00),(755,13,1,2,338.64),(756,13,1,1,1012.50),(757,14,1,3,100.00),(758,14,1,2,370.72),(759,14,1,1,1102.50),(760,15,1,3,100.00),(761,15,1,2,799.53),(762,15,1,1,1125.00),(763,16,1,3,100.00),(764,16,1,2,623.36),(765,16,1,1,1125.00),(766,17,1,3,100.00),(767,17,1,2,616.55),(768,17,1,1,1125.00),(769,18,1,3,100.00),(770,18,1,2,344.60),(771,18,1,1,1035.00),(772,19,1,3,100.00),(773,19,1,2,325.45),(774,19,1,1,967.50),(775,20,1,3,100.00),(776,20,1,2,380.23),(777,20,1,1,1125.00),(778,21,1,3,100.00),(779,21,1,2,333.63),(780,21,1,1,990.00),(781,22,1,3,100.00),(782,22,1,2,369.37),(783,22,1,1,1102.50),(784,23,1,3,100.00),(785,23,1,2,322.58),(786,23,1,1,967.50),(787,24,1,3,100.00),(788,24,1,2,334.09),(789,24,1,1,1012.50),(790,25,1,3,100.00),(791,25,1,2,307.83),(792,25,1,1,922.50),(793,26,1,3,100.00),(794,26,1,2,377.94),(795,26,1,1,1125.00),(796,27,1,3,100.00),(797,27,1,2,417.36),(798,27,1,1,1125.00),(799,28,1,3,100.00),(800,28,1,2,340.72),(801,28,1,1,1012.50),(802,29,1,3,100.00),(803,29,1,2,346.58),(804,29,1,1,1035.00),(805,30,1,3,100.00),(806,30,1,2,333.33),(807,30,1,1,990.00),(808,31,1,3,100.00),(809,31,1,2,341.88),(810,31,1,1,1035.00),(811,32,1,3,100.00),(812,32,1,2,821.36),(813,32,1,1,1125.00),(814,33,1,3,100.00),(815,33,1,2,848.55),(816,33,1,1,1125.00),(817,34,1,3,100.00),(818,34,1,2,777.02),(819,34,1,1,1125.00),(820,1,2,3,100.00),(821,1,2,2,900.00),(822,1,2,1,1125.00),(823,2,2,3,100.00),(824,2,2,2,824.03),(825,2,2,1,1125.00),(826,3,2,3,100.00),(827,3,2,2,795.69),(828,3,2,1,1125.00),(829,4,2,3,100.00),(830,4,2,2,820.87),(831,4,2,1,1125.00),(832,5,2,3,100.00),(833,5,2,2,641.54),(834,5,2,1,1125.00),(835,6,2,3,100.00),(836,6,2,2,777.30),(837,6,2,1,1125.00),(838,7,2,3,100.00),(839,7,2,2,579.39),(840,7,2,1,1125.00),(841,8,2,3,100.00),(842,8,2,2,332.78),(843,8,2,1,990.00),(844,9,2,3,100.00),(845,9,2,2,288.83),(846,9,2,1,877.50),(847,10,2,3,100.00),(848,10,2,2,700.69),(849,10,2,1,1125.00),(850,11,2,3,100.00),(851,11,2,2,689.77),(852,11,2,1,1125.00),(853,12,2,3,100.00),(854,12,2,2,566.82),(855,12,2,1,1125.00),(856,13,2,3,100.00),(857,13,2,2,326.94),(858,13,2,1,990.00),(859,14,2,3,100.00),(860,14,2,2,311.94),(861,14,2,1,945.00),(862,15,2,3,100.00),(863,15,2,2,755.92),(864,15,2,1,1125.00),(865,16,2,3,100.00),(866,16,2,2,620.90),(867,16,2,1,1125.00),(868,17,2,3,100.00),(869,17,2,2,553.66),(870,17,2,1,1125.00),(871,18,2,3,100.00),(872,18,2,2,241.07),(873,18,2,1,720.00),(874,19,2,3,100.00),(875,19,2,2,318.36),(876,19,2,1,945.00),(877,20,2,3,100.00),(878,20,2,2,319.72),(879,20,2,1,967.50),(880,21,2,3,100.00),(881,21,2,2,327.98),(882,21,2,1,990.00),(883,22,2,3,100.00),(884,22,2,2,308.79),(885,22,2,1,922.50),(886,23,2,3,100.00),(887,23,2,2,329.81),(888,23,2,1,990.00),(889,24,2,3,100.00),(890,24,2,2,283.26),(891,24,2,1,855.00),(892,25,2,3,100.00),(893,25,2,2,326.09),(894,25,2,1,967.50),(895,26,2,3,100.00),(896,26,2,2,338.94),(897,26,2,1,1012.50),(898,27,2,3,100.00),(899,27,2,2,318.21),(900,27,2,1,945.00),(901,28,2,3,100.00),(902,28,2,2,285.01),(903,28,2,1,855.00),(904,29,2,3,100.00),(905,29,2,2,296.82),(906,29,2,1,900.00),(907,30,2,3,100.00),(908,30,2,2,274.86),(909,30,2,1,832.50),(910,31,2,3,100.00),(911,31,2,2,295.32),(912,31,2,1,877.50),(913,32,2,3,100.00),(914,32,2,2,709.54),(915,32,2,1,1125.00),(916,33,2,3,100.00),(917,33,2,2,615.06),(918,33,2,1,1125.00),(919,34,2,3,100.00),(920,34,2,2,728.21),(921,34,2,1,1125.00),(922,1,3,3,100.00),(923,1,3,2,900.00),(924,1,3,1,1125.00),(925,2,3,3,100.00),(926,2,3,2,832.60),(927,2,3,1,1125.00),(928,3,3,3,100.00),(929,3,3,2,744.64),(930,3,3,1,1125.00),(931,4,3,3,100.00),(932,4,3,2,763.12),(933,4,3,1,1125.00),(934,5,3,3,100.00),(935,5,3,2,713.49),(936,5,3,1,1125.00),(937,6,3,3,100.00),(938,6,3,2,631.00),(939,6,3,1,1125.00),(940,7,3,3,100.00),(941,7,3,2,621.48),(942,7,3,1,1125.00),(943,8,3,3,100.00),(944,8,3,2,322.94),(945,8,3,1,967.50),(946,9,3,3,100.00),(947,9,3,2,317.98),(948,9,3,1,945.00),(949,10,3,3,100.00),(950,10,3,2,660.77),(951,10,3,1,1125.00),(952,11,3,3,100.00),(953,11,3,2,680.83),(954,11,3,1,1125.00),(955,12,3,3,100.00),(956,12,3,2,562.87),(957,12,3,1,1125.00),(958,13,3,3,100.00),(959,13,3,2,351.54),(960,13,3,1,1057.50),(961,14,3,3,100.00),(962,14,3,2,334.29),(963,14,3,1,1012.50),(964,15,3,3,100.00),(965,15,3,2,772.54),(966,15,3,1,1125.00),(967,16,3,3,100.00),(968,16,3,2,586.83),(969,16,3,1,1125.00),(970,17,3,3,100.00),(971,17,3,2,554.00),(972,17,3,1,1125.00),(973,18,3,3,100.00),(974,18,3,2,295.32),(975,18,3,1,877.50),(976,19,3,3,100.00),(977,19,3,2,304.70),(978,19,3,1,922.50),(979,20,3,3,100.00),(980,20,3,2,274.39),(981,20,3,1,832.50),(982,21,3,3,100.00),(983,21,3,2,263.51),(984,21,3,1,787.50),(985,22,3,3,100.00),(986,22,3,2,340.89),(987,22,3,1,1012.50),(988,23,3,3,100.00),(989,23,3,2,297.32),(990,23,3,1,900.00),(991,24,3,3,100.00),(992,24,3,2,302.85),(993,24,3,1,900.00),(994,25,3,3,100.00),(995,25,3,2,319.66),(996,25,3,1,967.50),(997,26,3,3,100.00),(998,26,3,2,333.68),(999,26,3,1,990.00),(1000,27,3,3,100.00),(1001,27,3,2,330.03),(1002,27,3,1,990.00),(1003,28,3,3,100.00),(1004,28,3,2,328.44),(1005,28,3,1,990.00),(1006,29,3,3,100.00),(1007,29,3,2,298.13),(1008,29,3,1,900.00),(1009,30,3,3,100.00),(1010,30,3,2,276.23),(1011,30,3,1,832.50),(1012,31,3,3,100.00),(1013,31,3,2,294.81),(1014,31,3,1,877.50),(1015,32,3,3,100.00),(1016,32,3,2,761.45),(1017,32,3,1,1125.00),(1018,33,3,3,100.00),(1019,33,3,2,714.85),(1020,33,3,1,1125.00),(1021,34,3,3,100.00),(1022,34,3,2,692.79),(1023,34,3,1,1125.00),(1024,1,4,3,100.00),(1025,1,4,2,900.00),(1026,1,4,1,1125.00),(1027,2,4,3,100.00),(1028,2,4,2,848.62),(1029,2,4,1,1125.00),(1030,3,4,3,100.00),(1031,3,4,2,896.08),(1032,3,4,1,1125.00),(1033,4,4,3,100.00),(1034,4,4,2,841.06),(1035,4,4,1,1125.00),(1036,5,4,3,100.00),(1037,5,4,2,690.11),(1038,5,4,1,1125.00),(1039,6,4,3,100.00),(1040,6,4,2,675.25),(1041,6,4,1,1125.00),(1042,7,4,3,100.00),(1043,7,4,2,525.06),(1044,7,4,1,1125.00),(1045,8,4,3,100.00),(1046,8,4,2,335.05),(1047,8,4,1,1012.50),(1048,9,4,3,100.00),(1049,9,4,2,317.43),(1050,9,4,1,945.00),(1051,10,4,3,100.00),(1052,10,4,2,714.76),(1053,10,4,1,1125.00),(1054,11,4,3,100.00),(1055,11,4,2,718.68),(1056,11,4,1,1125.00),(1057,12,4,3,100.00),(1058,12,4,2,506.05),(1059,12,4,1,1125.00),(1060,13,4,3,100.00),(1061,13,4,2,349.29),(1062,13,4,1,1057.50),(1063,14,4,3,100.00),(1064,14,4,2,330.01),(1065,14,4,1,990.00),(1066,15,4,3,100.00),(1067,15,4,2,726.07),(1068,15,4,1,1125.00),(1069,16,4,3,100.00),(1070,16,4,2,604.06),(1071,16,4,1,1125.00),(1072,17,4,3,100.00),(1073,17,4,2,594.13),(1074,17,4,1,1125.00),(1075,18,4,3,100.00),(1076,18,4,2,325.21),(1077,18,4,1,967.50),(1078,19,4,3,100.00),(1079,19,4,2,317.74),(1080,19,4,1,945.00),(1081,20,4,3,100.00),(1082,20,4,2,267.74),(1083,20,4,1,810.00),(1084,21,4,3,100.00),(1085,21,4,2,294.77),(1086,21,4,1,877.50),(1087,22,4,3,100.00),(1088,22,4,2,370.72),(1089,22,4,1,1102.50),(1090,23,4,3,100.00),(1091,23,4,2,303.35),(1092,23,4,1,900.00),(1093,24,4,3,100.00),(1094,24,4,2,321.43),(1095,24,4,1,967.50),(1096,25,4,3,100.00),(1097,25,4,2,348.24),(1098,25,4,1,1035.00),(1099,26,4,3,100.00),(1100,26,4,2,355.78),(1101,26,4,1,1057.50),(1102,27,4,3,100.00),(1103,27,4,2,345.68),(1104,27,4,1,1035.00),(1105,28,4,3,100.00),(1106,28,4,2,357.86),(1107,28,4,1,1080.00),(1108,29,4,3,100.00),(1109,29,4,2,301.97),(1110,29,4,1,900.00),(1111,30,4,3,100.00),(1112,30,4,2,355.99),(1113,30,4,1,1057.50),(1114,31,4,3,100.00),(1115,31,4,2,304.52),(1116,31,4,1,922.50),(1117,32,4,3,100.00),(1118,32,4,2,663.07),(1119,32,4,1,1125.00),(1120,33,4,3,100.00),(1121,33,4,2,755.15),(1122,33,4,1,1125.00),(1123,34,4,3,100.00),(1124,34,4,2,677.18),(1125,34,4,1,1125.00),(1126,1,1,3,100.00),(1127,1,1,2,900.00),(1128,1,1,1,1125.00),(1129,2,1,3,100.00),(1130,2,1,2,723.64),(1131,2,1,1,1125.00),(1132,3,1,3,100.00),(1133,3,1,2,701.78),(1134,3,1,1,1125.00),(1135,4,1,3,100.00),(1136,4,1,2,861.96),(1137,4,1,1,1125.00),(1138,5,1,3,100.00),(1139,5,1,2,755.15),(1140,5,1,1,1125.00),(1141,6,1,3,100.00),(1142,6,1,2,790.61),(1143,6,1,1,1125.00),(1144,7,1,3,100.00),(1145,7,1,2,690.97),(1146,7,1,1,1125.00),(1147,8,1,3,100.00),(1148,8,1,2,352.75),(1149,8,1,1,1057.50),(1150,9,1,3,100.00),(1151,9,1,2,359.60),(1152,9,1,1,1080.00),(1153,10,1,3,100.00),(1154,10,1,2,812.15),(1155,10,1,1,1125.00),(1156,11,1,3,100.00),(1157,11,1,2,677.65),(1158,11,1,1,1125.00),(1159,12,1,3,100.00),(1160,12,1,2,520.62),(1161,12,1,1,1125.00),(1162,13,1,3,100.00),(1163,13,1,2,338.64),(1164,13,1,1,1012.50),(1165,14,1,3,100.00),(1166,14,1,2,370.72),(1167,14,1,1,1102.50),(1168,15,1,3,100.00),(1169,15,1,2,799.53),(1170,15,1,1,1125.00),(1171,16,1,3,100.00),(1172,16,1,2,623.36),(1173,16,1,1,1125.00),(1174,17,1,3,100.00),(1175,17,1,2,616.55),(1176,17,1,1,1125.00),(1177,18,1,3,100.00),(1178,18,1,2,344.60),(1179,18,1,1,1035.00),(1180,19,1,3,100.00),(1181,19,1,2,325.45),(1182,19,1,1,967.50),(1183,20,1,3,100.00),(1184,20,1,2,380.23),(1185,20,1,1,1125.00),(1186,21,1,3,100.00),(1187,21,1,2,333.63),(1188,21,1,1,990.00),(1189,22,1,3,100.00),(1190,22,1,2,369.37),(1191,22,1,1,1102.50),(1192,23,1,3,100.00),(1193,23,1,2,322.58),(1194,23,1,1,967.50),(1195,24,1,3,100.00),(1196,24,1,2,334.09),(1197,24,1,1,1012.50),(1198,25,1,3,100.00),(1199,25,1,2,307.83),(1200,25,1,1,922.50),(1201,26,1,3,100.00),(1202,26,1,2,377.94),(1203,26,1,1,1125.00),(1204,27,1,3,100.00),(1205,27,1,2,417.36),(1206,27,1,1,1125.00),(1207,28,1,3,100.00),(1208,28,1,2,340.72),(1209,28,1,1,1012.50),(1210,29,1,3,100.00),(1211,29,1,2,346.58),(1212,29,1,1,1035.00),(1213,30,1,3,100.00),(1214,30,1,2,333.33),(1215,30,1,1,990.00),(1216,31,1,3,100.00),(1217,31,1,2,341.88),(1218,31,1,1,1035.00),(1219,32,1,3,100.00),(1220,32,1,2,821.36),(1221,32,1,1,1125.00),(1222,33,1,3,100.00),(1223,33,1,2,848.55),(1224,33,1,1,1125.00),(1225,34,1,3,100.00),(1226,34,1,2,777.02),(1227,34,1,1,1125.00),(1228,1,1,3,100.00),(1229,1,1,2,900.00),(1230,1,1,1,1125.00),(1231,2,1,3,100.00),(1232,2,1,2,723.64),(1233,2,1,1,1125.00),(1234,3,1,3,100.00),(1235,3,1,2,701.78),(1236,3,1,1,1125.00),(1237,4,1,3,100.00),(1238,4,1,2,861.96),(1239,4,1,1,1125.00),(1240,5,1,3,100.00),(1241,5,1,2,755.15),(1242,5,1,1,1125.00),(1243,6,1,3,100.00),(1244,6,1,2,790.61),(1245,6,1,1,1125.00),(1246,7,1,3,100.00),(1247,7,1,2,690.97),(1248,7,1,1,1125.00),(1249,8,1,3,100.00),(1250,8,1,2,352.75),(1251,8,1,1,1057.50),(1252,9,1,3,100.00),(1253,9,1,2,359.60),(1254,9,1,1,1080.00),(1255,10,1,3,100.00),(1256,10,1,2,812.15),(1257,10,1,1,1125.00),(1258,11,1,3,100.00),(1259,11,1,2,677.65),(1260,11,1,1,1125.00),(1261,12,1,3,100.00),(1262,12,1,2,520.62),(1263,12,1,1,1125.00),(1264,13,1,3,100.00),(1265,13,1,2,338.64),(1266,13,1,1,1012.50),(1267,14,1,3,100.00),(1268,14,1,2,370.72),(1269,14,1,1,1102.50),(1270,15,1,3,100.00),(1271,15,1,2,799.53),(1272,15,1,1,1125.00),(1273,16,1,3,100.00),(1274,16,1,2,623.36),(1275,16,1,1,1125.00),(1276,17,1,3,100.00),(1277,17,1,2,616.55),(1278,17,1,1,1125.00),(1279,18,1,3,100.00),(1280,18,1,2,344.60),(1281,18,1,1,1035.00),(1282,19,1,3,100.00),(1283,19,1,2,325.45),(1284,19,1,1,967.50),(1285,20,1,3,100.00),(1286,20,1,2,380.23),(1287,20,1,1,1125.00),(1288,21,1,3,100.00),(1289,21,1,2,333.63),(1290,21,1,1,990.00),(1291,22,1,3,100.00),(1292,22,1,2,369.37),(1293,22,1,1,1102.50),(1294,23,1,3,100.00),(1295,23,1,2,322.58),(1296,23,1,1,967.50),(1297,24,1,3,100.00),(1298,24,1,2,334.09),(1299,24,1,1,1012.50),(1300,25,1,3,100.00),(1301,25,1,2,307.83),(1302,25,1,1,922.50),(1303,26,1,3,100.00),(1304,26,1,2,377.94),(1305,26,1,1,1125.00),(1306,27,1,3,100.00),(1307,27,1,2,417.36),(1308,27,1,1,1125.00),(1309,28,1,3,100.00),(1310,28,1,2,340.72),(1311,28,1,1,1012.50),(1312,29,1,3,100.00),(1313,29,1,2,346.58),(1314,29,1,1,1035.00),(1315,30,1,3,100.00),(1316,30,1,2,333.33),(1317,30,1,1,990.00),(1318,31,1,3,100.00),(1319,31,1,2,341.88),(1320,31,1,1,1035.00),(1321,32,1,3,100.00),(1322,32,1,2,821.36),(1323,32,1,1,1125.00),(1324,33,1,3,100.00),(1325,33,1,2,848.55),(1326,33,1,1,1125.00),(1327,34,1,3,100.00),(1328,34,1,2,777.02),(1329,34,1,1,1125.00),(1330,1,1,3,100.00),(1331,1,1,2,900.00),(1332,1,1,1,1125.00),(1333,2,1,3,100.00),(1334,2,1,2,723.64),(1335,2,1,1,1125.00),(1336,3,1,3,100.00),(1337,3,1,2,701.78),(1338,3,1,1,1125.00),(1339,4,1,3,100.00),(1340,4,1,2,861.96),(1341,4,1,1,1125.00),(1342,5,1,3,100.00),(1343,5,1,2,755.15),(1344,5,1,1,1125.00),(1345,6,1,3,100.00),(1346,6,1,2,790.61),(1347,6,1,1,1125.00),(1348,7,1,3,100.00),(1349,7,1,2,690.97),(1350,7,1,1,1125.00),(1351,8,1,3,100.00),(1352,8,1,2,352.75),(1353,8,1,1,1057.50),(1354,9,1,3,100.00),(1355,9,1,2,359.60),(1356,9,1,1,1080.00),(1357,10,1,3,100.00),(1358,10,1,2,812.15),(1359,10,1,1,1125.00),(1360,11,1,3,100.00),(1361,11,1,2,677.65),(1362,11,1,1,1125.00),(1363,12,1,3,100.00),(1364,12,1,2,520.62),(1365,12,1,1,1125.00),(1366,13,1,3,100.00),(1367,13,1,2,338.64),(1368,13,1,1,1012.50),(1369,14,1,3,100.00),(1370,14,1,2,370.72),(1371,14,1,1,1102.50),(1372,15,1,3,100.00),(1373,15,1,2,799.53),(1374,15,1,1,1125.00),(1375,16,1,3,100.00),(1376,16,1,2,623.36),(1377,16,1,1,1125.00),(1378,17,1,3,100.00),(1379,17,1,2,616.55),(1380,17,1,1,1125.00),(1381,18,1,3,100.00),(1382,18,1,2,344.60),(1383,18,1,1,1035.00),(1384,19,1,3,100.00),(1385,19,1,2,325.45),(1386,19,1,1,967.50),(1387,20,1,3,100.00),(1388,20,1,2,380.23),(1389,20,1,1,1125.00),(1390,21,1,3,100.00),(1391,21,1,2,333.63),(1392,21,1,1,990.00),(1393,22,1,3,100.00),(1394,22,1,2,369.37),(1395,22,1,1,1102.50),(1396,23,1,3,100.00),(1397,23,1,2,322.58),(1398,23,1,1,967.50),(1399,24,1,3,100.00),(1400,24,1,2,334.09),(1401,24,1,1,1012.50),(1402,25,1,3,100.00),(1403,25,1,2,307.83),(1404,25,1,1,922.50),(1405,26,1,3,100.00),(1406,26,1,2,377.94),(1407,26,1,1,1125.00),(1408,27,1,3,100.00),(1409,27,1,2,417.36),(1410,27,1,1,1125.00),(1411,28,1,3,100.00),(1412,28,1,2,340.72),(1413,28,1,1,1012.50),(1414,29,1,3,100.00),(1415,29,1,2,346.58),(1416,29,1,1,1035.00),(1417,30,1,3,100.00),(1418,30,1,2,333.33),(1419,30,1,1,990.00),(1420,31,1,3,100.00),(1421,31,1,2,341.88),(1422,31,1,1,1035.00),(1423,32,1,3,100.00),(1424,32,1,2,821.36),(1425,32,1,1,1125.00),(1426,33,1,3,100.00),(1427,33,1,2,848.55),(1428,33,1,1,1125.00),(1429,34,1,3,100.00),(1430,34,1,2,777.02),(1431,34,1,1,1125.00),(1432,1,2,3,100.00),(1433,1,2,2,900.00),(1434,1,2,1,1125.00),(1435,2,2,3,100.00),(1436,2,2,2,824.03),(1437,2,2,1,1125.00),(1438,3,2,3,100.00),(1439,3,2,2,795.69),(1440,3,2,1,1125.00),(1441,4,2,3,100.00),(1442,4,2,2,820.87),(1443,4,2,1,1125.00),(1444,5,2,3,100.00),(1445,5,2,2,641.54),(1446,5,2,1,1125.00),(1447,6,2,3,100.00),(1448,6,2,2,777.30),(1449,6,2,1,1125.00),(1450,7,2,3,100.00),(1451,7,2,2,579.39),(1452,7,2,1,1125.00),(1453,8,2,3,100.00),(1454,8,2,2,332.78),(1455,8,2,1,990.00),(1456,9,2,3,100.00),(1457,9,2,2,288.83),(1458,9,2,1,877.50),(1459,10,2,3,100.00),(1460,10,2,2,700.69),(1461,10,2,1,1125.00),(1462,11,2,3,100.00),(1463,11,2,2,689.77),(1464,11,2,1,1125.00),(1465,12,2,3,100.00),(1466,12,2,2,566.82),(1467,12,2,1,1125.00),(1468,13,2,3,100.00),(1469,13,2,2,326.94),(1470,13,2,1,990.00),(1471,14,2,3,100.00),(1472,14,2,2,311.94),(1473,14,2,1,945.00),(1474,15,2,3,100.00),(1475,15,2,2,755.92),(1476,15,2,1,1125.00),(1477,16,2,3,100.00),(1478,16,2,2,620.90),(1479,16,2,1,1125.00),(1480,17,2,3,100.00),(1481,17,2,2,553.66),(1482,17,2,1,1125.00),(1483,18,2,3,100.00),(1484,18,2,2,241.07),(1485,18,2,1,720.00),(1486,19,2,3,100.00),(1487,19,2,2,318.36),(1488,19,2,1,945.00),(1489,20,2,3,100.00),(1490,20,2,2,319.72),(1491,20,2,1,967.50),(1492,21,2,3,100.00),(1493,21,2,2,327.98),(1494,21,2,1,990.00),(1495,22,2,3,100.00),(1496,22,2,2,308.79),(1497,22,2,1,922.50),(1498,23,2,3,100.00),(1499,23,2,2,329.81),(1500,23,2,1,990.00),(1501,24,2,3,100.00),(1502,24,2,2,283.26),(1503,24,2,1,855.00),(1504,25,2,3,100.00),(1505,25,2,2,326.09),(1506,25,2,1,967.50),(1507,26,2,3,100.00),(1508,26,2,2,338.94),(1509,26,2,1,1012.50),(1510,27,2,3,100.00),(1511,27,2,2,318.21),(1512,27,2,1,945.00),(1513,28,2,3,100.00),(1514,28,2,2,285.01),(1515,28,2,1,855.00),(1516,29,2,3,100.00),(1517,29,2,2,296.82),(1518,29,2,1,900.00),(1519,30,2,3,100.00),(1520,30,2,2,274.86),(1521,30,2,1,832.50),(1522,31,2,3,100.00),(1523,31,2,2,295.32),(1524,31,2,1,877.50),(1525,32,2,3,100.00),(1526,32,2,2,709.54),(1527,32,2,1,1125.00),(1528,33,2,3,100.00),(1529,33,2,2,615.06),(1530,33,2,1,1125.00),(1531,34,2,3,100.00),(1532,34,2,2,728.21),(1533,34,2,1,1125.00);
/*!40000 ALTER TABLE `emp_deductions` ENABLE KEYS */;
UNLOCK TABLES;

--
-- Temporary view structure for view `emp_deductions_view`
--

DROP TABLE IF EXISTS `emp_deductions_view`;
/*!50001 DROP VIEW IF EXISTS `emp_deductions_view`*/;
SET @saved_cs_client     = @@character_set_client;
/*!50503 SET character_set_client = utf8mb4 */;
/*!50001 CREATE VIEW `emp_deductions_view` AS SELECT 
 1 AS `emp_id`,
 1 AS `last_name`,
 1 AS `first_name`,
 1 AS `pay_period_start`,
 1 AS `pay_period_end`,
 1 AS `sss_contrib_amount`,
 1 AS `philhealth_contrib_amount`,
 1 AS `pagibig_contrib_amount`,
 1 AS `payroll_period_id`*/;
SET character_set_client = @saved_cs_client;

--
-- Temporary view structure for view `emp_leave_balance_view`
--

DROP TABLE IF EXISTS `emp_leave_balance_view`;
/*!50001 DROP VIEW IF EXISTS `emp_leave_balance_view`*/;
SET @saved_cs_client     = @@character_set_client;
/*!50503 SET character_set_client = utf8mb4 */;
/*!50001 CREATE VIEW `emp_leave_balance_view` AS SELECT 
 1 AS `emp_id`,
 1 AS `first_name`,
 1 AS `last_name`,
 1 AS `vacation_leave`,
 1 AS `sick_leave`,
 1 AS `emergency_leave`*/;
SET character_set_client = @saved_cs_client;

--
-- Table structure for table `emp_leave_balances`
--

DROP TABLE IF EXISTS `emp_leave_balances`;
/*!40101 SET @saved_cs_client     = @@character_set_client */;
/*!50503 SET character_set_client = utf8mb4 */;
CREATE TABLE `emp_leave_balances` (
  `emp_id` int NOT NULL,
  `leave_type_id` int NOT NULL,
  `year` year NOT NULL,
  `leave_days_taken` int DEFAULT '0',
  `leave_days_remaining` int DEFAULT NULL,
  PRIMARY KEY (`emp_id`,`leave_type_id`,`year`),
  UNIQUE KEY `unique_emp_leave` (`emp_id`,`leave_type_id`,`year`),
  KEY `leave_type_id` (`leave_type_id`),
  CONSTRAINT `emp_leave_balances_ibfk_1` FOREIGN KEY (`emp_id`) REFERENCES `employee` (`emp_id`),
  CONSTRAINT `emp_leave_balances_ibfk_2` FOREIGN KEY (`leave_type_id`) REFERENCES `leave_types` (`leave_type_id`)
) ENGINE=InnoDB DEFAULT CHARSET=utf8mb4 COLLATE=utf8mb4_0900_ai_ci;
/*!40101 SET character_set_client = @saved_cs_client */;

--
-- Dumping data for table `emp_leave_balances`
--

LOCK TABLES `emp_leave_balances` WRITE;
/*!40000 ALTER TABLE `emp_leave_balances` DISABLE KEYS */;
INSERT INTO `emp_leave_balances` VALUES (1,1,2024,0,10),(1,2,2024,0,5),(1,3,2024,1,4),(2,1,2024,0,10),(2,2,2024,0,5),(2,3,2024,0,5),(3,1,2024,0,10),(3,2,2024,0,5),(3,3,2024,0,5),(4,1,2024,0,10),(4,2,2024,0,5),(4,3,2024,0,5),(5,1,2024,0,10),(5,2,2024,0,5),(5,3,2024,0,5),(6,1,2024,0,10),(6,2,2024,0,5),(6,3,2024,0,5),(7,1,2024,0,10),(7,2,2024,0,5),(7,3,2024,0,5),(8,1,2024,0,10),(8,2,2024,0,5),(8,3,2024,0,5),(9,1,2024,0,10),(9,2,2024,0,5),(9,3,2024,0,5),(10,1,2024,0,10),(10,2,2024,0,5),(10,3,2024,0,5),(11,1,2024,0,10),(11,2,2024,0,5),(11,3,2024,0,5),(12,1,2024,0,10),(12,2,2024,0,5),(12,3,2024,0,5),(13,1,2024,0,10),(13,2,2024,0,5),(13,3,2024,0,5),(14,1,2024,0,10),(14,2,2024,0,5),(14,3,2024,0,5),(15,1,2024,0,10),(15,2,2024,0,5),(15,3,2024,0,5),(16,1,2024,0,10),(16,2,2024,0,5),(16,3,2024,0,5),(17,1,2024,0,10),(17,2,2024,0,5),(17,3,2024,0,5),(18,1,2024,0,10),(18,2,2024,0,5),(18,3,2024,0,5),(19,1,2024,0,10),(19,2,2024,0,5),(19,3,2024,0,5),(20,1,2024,0,10),(20,2,2024,0,5),(20,3,2024,0,5),(21,1,2024,0,10),(21,2,2024,0,5),(21,3,2024,0,5),(22,1,2024,0,10),(22,2,2024,0,5),(22,3,2024,0,5),(23,1,2024,0,10),(23,2,2024,0,5),(23,3,2024,0,5),(24,1,2024,0,10),(24,2,2024,0,5),(24,3,2024,0,5),(25,1,2024,0,10),(25,2,2024,0,5),(25,3,2024,0,5),(26,1,2024,0,10),(26,2,2024,0,5),(26,3,2024,0,5),(27,1,2024,0,10),(27,2,2024,0,5),(27,3,2024,0,5),(28,1,2024,0,10),(28,2,2024,0,5),(28,3,2024,0,5),(29,1,2024,0,10),(29,2,2024,0,5),(29,3,2024,0,5),(30,1,2024,0,10),(30,2,2024,0,5),(30,3,2024,0,5),(31,1,2024,0,10),(31,2,2024,0,5),(31,3,2024,0,5),(32,1,2024,0,10),(32,2,2024,0,5),(32,3,2024,0,5),(33,1,2024,0,10),(33,2,2024,0,5),(33,3,2024,0,5),(34,1,2024,0,10),(34,2,2024,0,5),(34,3,2024,0,5);
/*!40000 ALTER TABLE `emp_leave_balances` ENABLE KEYS */;
UNLOCK TABLES;

--
-- Table structure for table `employee`
--

DROP TABLE IF EXISTS `employee`;
/*!40101 SET @saved_cs_client     = @@character_set_client */;
/*!50503 SET character_set_client = utf8mb4 */;
CREATE TABLE `employee` (
  `emp_id` int NOT NULL AUTO_INCREMENT,
  `last_name` varchar(45) NOT NULL,
  `first_name` varchar(45) NOT NULL,
  `birthdate` date NOT NULL,
  `address` varchar(100) NOT NULL,
  `phone_no` varchar(11) NOT NULL,
  `sss_no` varchar(12) NOT NULL,
  `philhealth_no` varchar(12) NOT NULL,
  `bir_no` varchar(15) NOT NULL,
  `pagibig_no` varchar(12) NOT NULL,
  `status_id` int NOT NULL,
  `dept_id` int NOT NULL,
  `position_id` int NOT NULL,
  `emp_supervisor_id` int DEFAULT NULL,
  `basic_salary` decimal(38,2) NOT NULL,
  PRIMARY KEY (`emp_id`),
  UNIQUE KEY `employee_id_UNIQUE` (`emp_id`),
  KEY `FK_employee_status_id` (`status_id`),
  KEY `FK_employee_dept_id` (`dept_id`),
  KEY `FK_employee_position_id` (`position_id`),
  KEY `FK_employee_emp_supervisor_id` (`emp_supervisor_id`) /*!80000 INVISIBLE */,
  KEY `IDX_empid_lastname_firstname` (`emp_id`,`last_name`,`first_name`) /*!80000 INVISIBLE */,
  KEY `IDX_employee_last_name` (`last_name`),
  CONSTRAINT `dept_id` FOREIGN KEY (`dept_id`) REFERENCES `department` (`dept_id`),
  CONSTRAINT `position_id` FOREIGN KEY (`position_id`) REFERENCES `position` (`position_id`),
  CONSTRAINT `status_id` FOREIGN KEY (`status_id`) REFERENCES `status` (`status_id`)
) ENGINE=InnoDB AUTO_INCREMENT=39 DEFAULT CHARSET=utf8mb4 COLLATE=utf8mb4_0900_ai_ci;
/*!40101 SET character_set_client = @saved_cs_client */;

--
-- Dumping data for table `employee`
--

LOCK TABLES `employee` WRITE;
/*!40000 ALTER TABLE `employee` DISABLE KEYS */;
INSERT INTO `employee` VALUES (1,'Garcia','Manuel III','1983-10-11','Valero Carpark Building Valero Street 1227, Makati City','966-860-270','44-4506057-3','820126853951','442-605-657-000','691295330870',1,1,1,-1,90000.00),(2,'Lim','Antonio','1988-06-19','San Antonio De Padua 2, Block 1 Lot 8 and 2, Dasmarinas, Cavite','171-867-411','52-2061274-9','331735646338','683-102-776-000','663904995411',1,1,2,1,60000.00),(3,'Aquino','Bianca Sofia','1989-08-04','Rm. 402 4/F Jiao Building Timog Avenue Cor. Quezon Avenue 1100, Quezon City','966-889-370','30-8870406-2','177451189665','971-711-280-000','171519773969',1,1,3,1,60000.00),(4,'Reyes','Isabella','1994-06-16','460 Solanda Street Intramuros 1000, Manila','786-868-477','40-2511815-0','341911411254','876-809-437-000','416946776041',1,1,4,1,60000.00),(5,'Hernandez','Eduard','1989-09-23','National Highway, Gingoog, Misamis Occidental','088-861-012','50-5577638-1','957436191812','031-702-374-000','952347222457',1,7,6,2,52670.00),(6,'Villanueva','Andrea Mae','1988-02-14','17/85 Stracke Via Suite 042, Poblacion, Las Piñas 4783 Dinagat Islands ','918-621-603','49-1632020-8','382189453145','317-674-022-000','441093369646',1,2,7,2,52670.00),(7,'San Jose','Brad','1996-03-15','99 Strosin Hills, Poblacion, Bislig 5340 Tawi-Tawi','797-009-261','40-2400714-1','239192926939','672-474-690-000','210850209964',1,2,8,15,42975.00),(8,'Romualdez','Alice','1992-05-14','12A/33 Upton Isle Apt. 420, Roxas City 1814 Surigao del Norte ','983-606-799','55-4476527-2','545652640232','888-572-294-000','211385556888',1,2,9,7,22500.00),(9,'Atienza','Rosie','1948-09-24','90A Dibbert Terrace Apt. 190, San Lorenzo 6056 Davao del Norte','266-036-427','41-0644692-3','708988234853','604-997-793-000','260107732354',1,2,9,7,22500.00),(10,'Alvaro','Roderick','1988-03-30','#284 T. Morato corner, Scout Rallos Street, Quezon City','053-381-386','64-7605054-4','578114853194','525-420-419-000','799254095212',1,3,5,3,52670.00),(11,'Salcedo','Anthony','1993-09-14','93/54 Shanahan Alley Apt. 183, Santo Tomas 1572 Masbate','070-766-300','26-9647608-3','126445315651','210-805-911-000','218002473454',1,3,7,10,50825.00),(12,'Lopez','Josie','1987-01-14','49 Springs Apt. 266, Poblacion, Taguig 3200 Occidental Mindoro','478-355-427','44-8563448-3','431709011012','218-489-737-000','113071293354',1,3,8,11,38475.00),(13,'Farala','Martha','1942-01-11','42/25 Sawayn Stream, Ubay 1208 Zamboanga del Norte ','329-034-366','45-5656375-0','233693897247','210-835-851-000','631130283546',1,3,9,11,24000.00),(14,'Martinez','Leila','1970-07-11','37/46 Kulas Roads, Maragondon 0962 Quirino ','877-110-749','27-2090996-4','515741057496','275-792-513-000','101205445886',1,3,9,11,24000.00),(15,'Romualdez','Fredrick','1985-03-10','22A/52 Lubowitz Meadows, Pililla 4895 Zambales','023-079-009','26-8768374-1','308366860059','598-065-761-000','223057707853',1,4,7,2,53500.00),(16,'Mata','Christian','1987-10-21','90 O\'Keefe Spur Apt. 379, Catigbian 2772 Sulu ','783-776-744','49-2959312-6','824187961962','103-100-522-000','631052853464',1,4,8,8,42975.00),(17,'De Leon','Selena','1975-02-20','89A Armstrong Trace, Compostela 7874 Maguindanao','975-432-139','27-2090208-8','587272469938','482-259-498-000','719007608464',1,4,8,1,41850.00),(18,'San Jose','Allison','1986-06-24','08 Grant Drive Suite 406, Poblacion, Iloilo City 9186 La Union','179-075-129','45-3251383-0','745148459521','121-203-336-000','114901859343',1,4,9,16,22500.00),(19,'Rosario','Cydney','1996-10-06','93A/21 Berge Points, Tapaz 2180 Quezon','868-819-912','49-1629900-2','579253435499','122-244-511-000','265104358643',1,4,9,16,22500.00),(20,'Bautista','Mark','1991-02-12','65 Murphy Center Suite 094, Poblacion, Palayan 5636 Quirino','683-725-348','49-1647342-5','399665157135','273-970-941-000','260054585575',1,4,9,16,23250.00),(21,'Lazaro','Darlene','1985-11-25','47A/94 Larkin Plaza Apt. 179, Poblacion, Caloocan 2751 Quirino','740-721-558','45-5617168-2','606386917510','354-650-951-000','104907708845',2,4,9,16,23250.00),(22,'Delos Santos','Kolby','1980-02-26','06A Gulgowski Extensions, Bongabon 6085 Zamboanga del Sur','739-443-033','52-0109570-6','357451271274','187-500-345-000','113017988667',2,4,9,16,24000.00),(23,'Santos','Vella','1983-12-31','99A Padberg Spring, Poblacion, Mabalacat 3959 Lanao del Sur','955-879-269','52-9883524-3','548670482885','101-558-994-000','360028104576',2,4,9,16,22500.00),(24,'Del Rosario','Tomas','1978-12-18','80A/48 Ledner Ridges, Poblacion, Kabankalan 8870 Marinduque','882-550-989','45-5866331-6','953901539995','560-735-732-000','913108649964',2,4,9,16,22500.00),(25,'Tolentino','Jacklyn','1984-05-19','96/48 Watsica Flats Suite 734, Poblacion, Malolos 1844 Ifugao','675-757-366','47-1692793-0','753800654114','841-177-857-000','210546661243',2,4,9,17,24000.00),(26,'Gutierrez','Percival','1970-12-18','58A Wilderman Walks, Poblacion, Digos 5822 Davao del Sur','512-899-876','40-9504657-8','797639382265','502-995-671-000','210897095686',2,4,9,17,24750.00),(27,'Manalaysay','Garfield','1986-08-28','60 Goyette Valley Suite 219, Poblacion, Tabuk 3159 Lanao del Sur','948-628-136','45-3298166-4','810909286264','336-676-445-000','211274476563',2,4,9,17,24750.00),(28,'Villegas','Lizeth','1981-12-12','66/77 Mann Views, Luisiana 1263 Dinagat Islands','332-372-215','40-2400719-4','934389652994','210-395-397-000','122238077997',2,4,9,17,24000.00),(29,'Ramos','Carol','1978-08-20','72/70 Stamm Spurs, Bustos 4550 Iloilo','250-700-389','60-1152206-4','351830469744','395-032-717-000','212141893454',2,4,9,17,22500.00),(30,'Maceda','Emelia','1973-04-14','50A/83 Bahringer Oval Suite 145, Kiamba 7688 Nueva Ecija','973-358-041','54-1331005-0','465087894112','215-973-013-000','515012579765',2,4,9,17,22500.00),(31,'Aguilar','Delia','1989-01-27','95 Cremin Junction, Surallah 2809 Cotabato','529-705-439','52-1859253-1','136451303068','599-312-588-000','110018813465',2,4,9,17,22500.00),(32,'Castro','John Rafael','1992-02-09','Hi-way, Yati, Liloan Cebu','332-424-955','26-7145133-4','601644902402','404-768-309-000','697764069311',1,5,5,4,52670.00),(33,'Martinez','Carlos Ian','1990-11-16','Bulala, Camalaniugan','078-854-208','11-5062972-7','380685387212','256-436-296-000','993372963726',1,6,5,4,52670.00),(34,'Santos','Beatriz','1990-08-07','Agapita Building, Metro Manila','526-639-511','20-2987501-5','918460050077','911-529-713-000','874042259378',1,8,5,4,52670.00);
/*!40000 ALTER TABLE `employee` ENABLE KEYS */;
UNLOCK TABLES;

--
-- Temporary view structure for view `employee_allowances`
--

DROP TABLE IF EXISTS `employee_allowances`;
/*!50001 DROP VIEW IF EXISTS `employee_allowances`*/;
SET @saved_cs_client     = @@character_set_client;
/*!50503 SET character_set_client = utf8mb4 */;
/*!50001 CREATE VIEW `employee_allowances` AS SELECT 
 1 AS `emp_id`,
 1 AS `last_name`,
 1 AS `first_name`,
 1 AS `position_name`,
 1 AS `rice_subsidy`,
 1 AS `phone_allowance`,
 1 AS `clothing_allowance`*/;
SET character_set_client = @saved_cs_client;

--
-- Temporary view structure for view `employee_details`
--

DROP TABLE IF EXISTS `employee_details`;
/*!50001 DROP VIEW IF EXISTS `employee_details`*/;
SET @saved_cs_client     = @@character_set_client;
/*!50503 SET character_set_client = utf8mb4 */;
/*!50001 CREATE VIEW `employee_details` AS SELECT 
 1 AS `emp_id`,
 1 AS `last_name`,
 1 AS `first_name`,
 1 AS `birthdate`,
 1 AS `address`,
 1 AS `phone_no`,
 1 AS `sss_no`,
 1 AS `philhealth_no`,
 1 AS `bir_no`,
 1 AS `pagibig_no`,
 1 AS `status`,
 1 AS `department`,
 1 AS `position`,
 1 AS `supervisor`,
 1 AS `basic_salary`,
 1 AS `gross_semi_monthly_rate`,
 1 AS `hourly_rate`*/;
SET character_set_client = @saved_cs_client;

--
-- Temporary view structure for view `employee_hours_by_pay_period`
--

DROP TABLE IF EXISTS `employee_hours_by_pay_period`;
/*!50001 DROP VIEW IF EXISTS `employee_hours_by_pay_period`*/;
SET @saved_cs_client     = @@character_set_client;
/*!50503 SET character_set_client = utf8mb4 */;
/*!50001 CREATE VIEW `employee_hours_by_pay_period` AS SELECT 
 1 AS `emp_id`,
 1 AS `employee_name`,
 1 AS `total_hours`,
 1 AS `overtime_total_hours`,
 1 AS `pay_period_start`,
 1 AS `pay_period_end`,
 1 AS `pay_period_id`*/;
SET character_set_client = @saved_cs_client;

--
-- Temporary view structure for view `employee_overtime`
--

DROP TABLE IF EXISTS `employee_overtime`;
/*!50001 DROP VIEW IF EXISTS `employee_overtime`*/;
SET @saved_cs_client     = @@character_set_client;
/*!50503 SET character_set_client = utf8mb4 */;
/*!50001 CREATE VIEW `employee_overtime` AS SELECT 
 1 AS `emp_id`,
 1 AS `last_name`,
 1 AS `first_name`,
 1 AS `overtime_type_name`,
 1 AS `multiplier`,
 1 AS `date`,
 1 AS `start_time`,
 1 AS `end_time`,
 1 AS `total_hours`,
 1 AS `reason`,
 1 AS `status`,
 1 AS `approval_date`,
 1 AS `approver_name`*/;
SET character_set_client = @saved_cs_client;

--
-- Table structure for table `employee_permissions`
--

DROP TABLE IF EXISTS `employee_permissions`;
/*!40101 SET @saved_cs_client     = @@character_set_client */;
/*!50503 SET character_set_client = utf8mb4 */;
CREATE TABLE `employee_permissions` (
  `emp_id` int NOT NULL,
  `permission_id` int NOT NULL,
  PRIMARY KEY (`emp_id`,`permission_id`),
  KEY `FK_permissions_emp_id` (`emp_id`),
  KEY `IDX_permissions_permission_id` (`permission_id`),
  CONSTRAINT `FK_emp_permissions_emp_id` FOREIGN KEY (`emp_id`) REFERENCES `employee` (`emp_id`),
  CONSTRAINT `permission_id` FOREIGN KEY (`permission_id`) REFERENCES `permissions` (`permissions_id`)
) ENGINE=InnoDB DEFAULT CHARSET=utf8mb4 COLLATE=utf8mb4_0900_ai_ci;
/*!40101 SET character_set_client = @saved_cs_client */;

--
-- Dumping data for table `employee_permissions`
--

LOCK TABLES `employee_permissions` WRITE;
/*!40000 ALTER TABLE `employee_permissions` DISABLE KEYS */;
INSERT INTO `employee_permissions` VALUES (1,1),(1,2),(1,3),(1,4),(1,5),(1,6),(1,7),(1,8),(1,9),(1,10),(5,6),(5,7),(5,8),(6,1),(6,2),(6,3),(6,4),(6,5),(7,1),(7,2),(7,3),(7,4),(7,5),(8,1),(8,2),(8,3),(8,4),(8,5),(9,1),(9,2),(9,3),(9,4),(9,5),(10,4),(10,5),(10,10),(11,4),(11,5),(11,10),(12,4),(12,5),(12,10),(13,4),(13,5),(13,10),(14,4),(14,5),(14,10);
/*!40000 ALTER TABLE `employee_permissions` ENABLE KEYS */;
UNLOCK TABLES;

--
-- Temporary view structure for view `employee_permissions_view`
--

DROP TABLE IF EXISTS `employee_permissions_view`;
/*!50001 DROP VIEW IF EXISTS `employee_permissions_view`*/;
SET @saved_cs_client     = @@character_set_client;
/*!50503 SET character_set_client = utf8mb4 */;
/*!50001 CREATE VIEW `employee_permissions_view` AS SELECT 
 1 AS `emp_id`,
 1 AS `last_name`,
 1 AS `first_name`,
 1 AS `permissions`*/;
SET character_set_client = @saved_cs_client;

--
-- Table structure for table `leave_requests`
--

DROP TABLE IF EXISTS `leave_requests`;
/*!40101 SET @saved_cs_client     = @@character_set_client */;
/*!50503 SET character_set_client = utf8mb4 */;
CREATE TABLE `leave_requests` (
  `leave_request_id` int NOT NULL AUTO_INCREMENT,
  `emp_id` int DEFAULT NULL,
  `leave_type_id` int DEFAULT NULL,
  `year` year DEFAULT NULL,
  `date_submitted` date DEFAULT NULL,
  `start_date` date DEFAULT NULL,
  `end_date` date DEFAULT NULL,
  `days_taken` int DEFAULT NULL,
  `status` varchar(45) DEFAULT NULL,
  `date_approved` date DEFAULT NULL,
  `leave_days_remaining` int DEFAULT NULL,
  PRIMARY KEY (`leave_request_id`),
  KEY `fk_emp_id` (`emp_id`),
  KEY `fk_leave_type_id` (`leave_type_id`),
  CONSTRAINT `fk_emp_id` FOREIGN KEY (`emp_id`) REFERENCES `employee` (`emp_id`),
  CONSTRAINT `fk_leave_type_id` FOREIGN KEY (`leave_type_id`) REFERENCES `leave_types` (`leave_type_id`)
) ENGINE=InnoDB AUTO_INCREMENT=2 DEFAULT CHARSET=utf8mb4 COLLATE=utf8mb4_0900_ai_ci;
/*!40101 SET character_set_client = @saved_cs_client */;

--
-- Dumping data for table `leave_requests`
--

LOCK TABLES `leave_requests` WRITE;
/*!40000 ALTER TABLE `leave_requests` DISABLE KEYS */;
INSERT INTO `leave_requests` VALUES (1,1,3,2024,'2024-06-29','2024-08-14','2024-08-14',1,'Approved','2024-06-29',4);
/*!40000 ALTER TABLE `leave_requests` ENABLE KEYS */;
UNLOCK TABLES;

--
-- Table structure for table `leave_types`
--

DROP TABLE IF EXISTS `leave_types`;
/*!40101 SET @saved_cs_client     = @@character_set_client */;
/*!50503 SET character_set_client = utf8mb4 */;
CREATE TABLE `leave_types` (
  `leave_type_id` int NOT NULL AUTO_INCREMENT,
  `leave_type_name` varchar(45) NOT NULL,
  `days_allotted` int NOT NULL,
  PRIMARY KEY (`leave_type_id`),
  KEY `UIDX_leaves_types_leavename` (`leave_type_name`) /*!80000 INVISIBLE */
) ENGINE=InnoDB AUTO_INCREMENT=4 DEFAULT CHARSET=utf8mb4 COLLATE=utf8mb4_0900_ai_ci;
/*!40101 SET character_set_client = @saved_cs_client */;

--
-- Dumping data for table `leave_types`
--

LOCK TABLES `leave_types` WRITE;
/*!40000 ALTER TABLE `leave_types` DISABLE KEYS */;
INSERT INTO `leave_types` VALUES (1,'Vacation',10),(2,'Emergency',5),(3,'Sick',5);
/*!40000 ALTER TABLE `leave_types` ENABLE KEYS */;
UNLOCK TABLES;

--
-- Table structure for table `login_attempts`
--

DROP TABLE IF EXISTS `login_attempts`;
/*!40101 SET @saved_cs_client     = @@character_set_client */;
/*!50503 SET character_set_client = utf8mb4 */;
CREATE TABLE `login_attempts` (
  `emp_id` int DEFAULT NULL,
  `username` varchar(45) DEFAULT NULL,
  `timestamp` datetime NOT NULL DEFAULT CURRENT_TIMESTAMP,
  `success` tinyint DEFAULT NULL,
  PRIMARY KEY (`timestamp`)
) ENGINE=InnoDB DEFAULT CHARSET=utf8mb4 COLLATE=utf8mb4_0900_ai_ci;
/*!40101 SET character_set_client = @saved_cs_client */;

--
-- Dumping data for table `login_attempts`
--

LOCK TABLES `login_attempts` WRITE;
/*!40000 ALTER TABLE `login_attempts` DISABLE KEYS */;
INSERT INTO `login_attempts` VALUES (1,'garman','2024-03-03 03:51:40',1),(1,'garman','2024-03-03 03:55:58',1),(1,'garman','2024-03-03 04:03:37',1),(1,'garman','2024-03-03 19:40:02',1),(1,'garman','2024-03-03 19:50:20',1),(1,'garman','2024-03-03 19:51:03',1),(1,'garman','2024-03-03 19:52:11',1),(1,'garman','2024-03-03 20:20:08',1),(1,'garman','2024-03-03 20:24:55',1),(1,'garman','2024-03-03 20:38:40',1),(1,'garman','2024-03-03 21:12:14',1),(1,'garman','2024-03-03 21:12:52',1),(1,'garman','2024-03-03 21:27:11',1),(1,'garman','2024-03-03 21:35:45',1),(1,'garman','2024-03-03 21:40:26',1),(1,'garman','2024-03-03 22:01:03',1),(1,'garman','2024-03-03 22:01:13',1),(1,'garman','2024-03-03 22:01:26',1),(1,'garman','2024-03-03 22:06:15',1),(1,'garman','2024-03-03 22:14:17',1),(1,'garman','2024-03-03 22:20:07',1),(1,'garman','2024-03-03 22:22:57',1),(1,'garman','2024-03-03 22:40:28',1),(1,'garman','2024-03-03 22:40:52',1),(1,'garman','2024-03-03 22:44:20',1),(1,'garman','2024-03-03 22:45:05',1),(1,'garman','2024-03-03 22:47:02',1),(1,'garman','2024-03-03 22:51:10',1),(1,'garman','2024-03-03 22:54:19',1),(1,'garman','2024-03-03 23:06:46',1),(1,'garman','2024-03-03 23:07:39',1),(1,'garman','2024-03-03 23:20:43',1),(1,'garman','2024-03-03 23:22:46',1),(1,'garman','2024-03-03 23:23:19',1),(1,'garman','2024-03-03 23:24:50',1),(1,'garman','2024-03-04 00:48:59',1),(1,'garman','2024-03-04 00:49:45',1),(1,'garman','2024-03-04 00:55:39',1),(1,'garman','2024-03-04 00:56:13',1),(1,'garman','2024-03-04 00:58:15',1),(1,'garman','2024-03-04 01:01:47',1),(1,'garman','2024-03-04 01:02:09',1),(1,'garman','2024-03-04 01:56:03',1),(1,'garman','2024-03-04 01:57:12',1),(1,'garman','2024-03-04 02:00:02',1),(1,'garman','2024-03-04 02:55:46',1),(1,'garman','2024-03-04 02:56:55',1),(1,'garman','2024-03-04 02:57:27',1),(1,'garman','2024-03-04 03:05:19',1),(1,'garman','2024-03-04 03:09:59',1),(1,'garman','2024-03-04 03:11:23',1),(0,'garman','2024-03-04 03:12:17',0),(1,'garman','2024-03-04 03:12:31',1),(1,'garman','2024-03-04 03:19:14',1),(1,'garman','2024-03-04 03:19:39',1),(1,'garman','2024-03-04 03:23:00',1),(1,'garman','2024-03-04 03:31:24',1),(1,'garman','2024-03-04 03:32:49',1),(1,'garman','2024-03-04 03:38:34',1),(1,'garman','2024-03-04 03:40:06',1),(1,'garman','2024-03-04 03:41:34',1),(1,'garman','2024-03-04 03:43:56',1),(1,'garman','2024-03-04 03:46:12',1),(1,'garman','2024-03-04 03:49:01',1),(1,'garman','2024-03-04 03:52:25',1),(1,'garman','2024-03-04 03:58:35',1),(1,'garman','2024-03-04 04:06:46',1),(1,'garman','2024-03-04 09:16:40',1),(1,'garman','2024-03-04 09:18:53',1),(1,'garman','2024-03-04 09:23:49',1),(1,'garman','2024-03-04 09:51:02',1),(1,'garman','2024-03-04 10:05:53',1),(7,'sanbra','2024-03-04 14:23:58',1),(7,'sanbra','2024-03-04 14:29:46',1),(7,'sanbra','2024-03-04 14:35:38',1),(7,'sanbra','2024-03-04 14:44:17',1),(7,'sanbra','2024-03-04 14:52:37',1),(7,'sanbra','2024-03-04 15:00:51',1),(7,'sanbra','2024-03-04 18:53:16',1),(7,'sanbra','2024-03-05 16:22:31',1),(7,'sanbra','2024-03-05 20:45:29',1),(7,'sanbra','2024-03-05 20:47:36',1),(1,'garman','2024-03-06 17:36:12',1),(1,'garman','2024-03-06 23:33:47',1),(1,'garman','2024-03-06 23:36:56',1),(1,'garman','2024-03-06 23:58:57',1),(1,'garman','2024-03-07 00:53:08',1),(1,'garman','2024-03-07 00:54:07',1),(1,'garman','2024-03-07 00:57:52',1),(1,'garman','2024-03-07 02:08:57',1),(1,'garman','2024-03-07 02:17:15',1),(1,'garman','2024-03-07 02:40:00',1),(1,'garman','2024-03-07 02:44:06',1),(1,'garman','2024-03-07 02:51:31',1),(1,'garman','2024-03-07 02:52:29',1),(1,'garman','2024-03-07 02:53:27',1),(1,'garman','2024-03-07 03:03:06',1),(0,'garman','2024-03-07 03:13:58',0),(1,'garman','2024-03-07 03:14:07',1),(1,'garman','2024-03-07 03:18:29',1),(1,'garman','2024-03-07 03:20:14',1),(1,'garman','2024-03-07 03:23:16',1),(1,'garman','2024-03-07 03:28:11',1),(1,'garman','2024-03-07 03:30:35',1),(0,'garman','2024-03-07 03:42:38',0),(1,'garman','2024-03-07 03:42:48',1),(1,'garman','2024-03-07 03:44:15',1),(1,'garman','2024-03-07 03:44:50',1),(1,'garman','2024-03-07 03:52:11',1),(0,'garman','2024-03-07 03:53:46',0),(1,'garman','2024-03-07 03:53:56',1),(1,'garman','2024-03-07 14:35:24',1),(1,'garman','2024-03-07 14:40:45',1),(1,'garman','2024-03-07 15:00:07',1),(1,'garman','2024-03-07 15:04:02',1),(1,'garman','2024-03-07 15:07:32',1),(1,'garman','2024-03-07 15:19:39',1),(1,'garman','2024-03-07 15:27:19',1),(1,'garman','2024-03-07 15:28:03',1),(1,'garman','2024-03-07 15:28:35',1),(1,'garman','2024-03-07 15:31:55',1),(1,'garman','2024-03-07 15:48:19',1),(1,'garman','2024-03-07 15:52:05',1),(1,'garman','2024-03-07 16:03:26',1),(7,'sanbra','2024-03-07 16:03:44',1),(7,'sanbra','2024-03-07 17:00:28',1),(7,'sanbra','2024-03-07 17:11:36',1),(7,'sanbra','2024-03-07 20:39:59',1),(7,'sanbra','2024-03-07 20:44:26',1),(7,'sanbra','2024-03-07 20:45:06',1),(7,'sanbra','2024-03-07 20:50:46',1),(7,'sanbra','2024-03-07 21:05:08',1),(7,'sanbra','2024-03-07 21:06:19',1),(7,'sanbra','2024-03-07 21:16:56',1),(7,'sanbra','2024-03-07 21:19:20',1),(7,'sanbra','2024-03-07 21:19:46',1),(7,'sanbra','2024-03-07 22:56:04',1),(7,'sanbra','2024-03-07 22:57:25',1),(7,'sanbra','2024-03-08 00:03:47',1),(7,'sanbra','2024-03-08 00:05:36',1),(7,'sanbra','2024-03-08 00:09:22',1),(7,'sanbra','2024-03-08 00:16:18',1),(7,'sanbra','2024-03-08 00:27:01',1),(7,'sanbra','2024-03-08 00:29:05',1),(7,'sanbra','2024-03-08 00:34:59',1),(7,'sanbra','2024-03-08 00:45:59',1),(7,'sanbra','2024-03-08 13:03:46',1),(7,'sanbra','2024-03-08 13:04:49',1),(7,'sanbra','2024-03-08 13:32:07',1),(1,'garman','2024-03-09 02:08:05',1),(7,'sanbra','2024-03-09 03:12:23',1),(10,'alvrod','2024-03-09 03:13:25',1),(7,'sanbra','2024-03-09 10:13:21',1),(7,'sanbra','2024-03-09 10:15:10',1),(7,'sanbra','2024-03-09 10:15:54',1),(7,'sanbra','2024-03-09 10:21:38',1),(10,'alvrod','2024-03-09 10:22:15',1),(1,'garman','2024-03-09 10:34:27',1),(7,'sanbra','2024-03-09 10:40:30',1),(10,'alvrod','2024-03-09 10:44:41',1),(6,'viland','2024-03-11 17:47:55',1),(1,'garman','2024-03-12 22:08:31',1),(7,'sanbra','2024-03-12 22:13:18',1),(10,'alvrod','2024-03-12 22:17:41',1),(1,'garman','2024-03-14 02:18:51',1),(1,'garman','2024-03-14 02:20:21',1),(1,'garman','2024-03-14 02:26:38',1),(1,'garman','2024-03-14 02:31:11',1),(1,'garman','2024-03-14 02:31:35',1),(1,'garman','2024-03-14 02:35:21',1),(5,'heredu','2024-03-14 20:10:59',1),(7,'sanbra','2024-03-16 03:26:31',1),(7,'sanbra','2024-03-16 03:27:15',1),(7,'sanbra','2024-03-16 03:32:35',1),(7,'sanbra','2024-03-16 03:37:07',1),(7,'sanbra','2024-03-16 03:47:05',1),(7,'sanbra','2024-03-16 03:50:53',1),(5,'heredu','2024-03-16 09:58:52',1),(5,'heredu','2024-03-16 16:38:29',1),(5,'heredu','2024-03-16 16:39:16',1),(5,'heredu','2024-03-16 16:39:57',1),(1,'garman','2024-03-16 17:56:18',1),(0,'sanbra','2024-03-16 17:56:50',0),(0,'sanbea','2024-03-16 23:09:43',0),(34,'sanbea','2024-03-16 23:09:57',1),(1,'garman','2024-03-16 23:12:52',1),(5,'heredu','2024-03-17 02:10:31',1),(7,'sanbra','2024-03-17 02:33:30',1),(7,'sanbra','2024-03-17 02:34:06',1),(0,'garman','2024-03-17 10:24:17',0),(0,'garman','2024-03-17 10:24:24',0),(0,'garman','2024-03-17 10:24:33',0),(0,'garman','2024-03-17 10:24:46',0),(1,'garman','2024-03-17 10:26:56',1),(1,'garman','2024-03-17 10:27:36',1),(1,'garman','2024-03-17 10:34:38',1),(1,'garman','2024-03-17 10:35:23',1),(1,'garman','2024-03-17 10:41:41',1),(1,'garman','2024-03-17 10:43:07',1),(1,'garman','2024-03-17 10:47:12',1),(1,'garman','2024-03-17 10:49:58',1),(1,'garman','2024-03-17 10:54:50',1),(0,'garman','2024-03-17 11:07:11',0),(1,'garman','2024-03-17 11:07:16',1),(1,'garman','2024-03-17 11:09:51',1),(1,'garman','2024-03-17 11:13:43',1),(1,'garman','2024-03-17 11:21:34',1),(1,'garman','2024-03-17 11:23:20',1),(1,'garman','2024-03-17 11:23:50',1),(7,'sanbra','2024-03-17 11:36:57',1),(7,'sanbra','2024-03-17 11:42:33',1),(7,'sanbra','2024-03-17 11:46:19',1),(7,'sanbra','2024-03-17 11:47:21',1),(7,'sanbra','2024-03-17 11:50:25',1),(7,'sanbra','2024-03-17 11:58:20',1),(7,'sanbra','2024-03-17 11:59:33',1),(7,'sanbra','2024-03-17 12:45:30',1),(7,'sanbra','2024-03-17 12:54:20',1),(7,'sanbra','2024-03-17 13:02:38',1),(7,'sanbra','2024-03-17 13:07:01',1),(7,'sanbra','2024-03-17 13:07:43',1),(7,'sanbra','2024-03-17 15:34:06',1),(7,'sanbra','2024-03-17 15:38:48',1),(7,'sanbra','2024-03-17 16:22:59',1),(5,'heredu','2024-03-18 00:33:22',1),(5,'heredu','2024-03-18 00:37:17',1),(1,'garman','2024-03-18 13:45:10',1),(1,'garman','2024-03-18 13:49:12',1),(1,'garman','2024-03-18 13:51:27',1),(5,'heredu','2024-03-18 13:58:25',1),(1,'garman','2024-03-18 13:59:03',1),(1,'garman','2024-03-18 14:16:34',1),(1,'garman','2024-03-18 14:18:21',1),(1,'garman','2024-03-18 14:23:43',1),(5,'heredu','2024-03-18 17:40:45',1),(5,'heredu','2024-03-18 17:43:11',1),(1,'garman','2024-03-18 19:09:28',1),(1,'garman','2024-03-18 19:55:36',1),(7,'sanbra','2024-03-18 19:55:52',1),(7,'sanbra','2024-03-18 19:56:34',1),(7,'sanbra','2024-03-19 00:45:48',1),(7,'sanbra','2024-03-19 00:55:46',1),(7,'sanbra','2024-03-19 00:57:56',1),(7,'sanbra','2024-03-19 00:58:40',1),(7,'sanbra','2024-03-19 00:59:40',1),(7,'sanbra','2024-03-19 01:00:02',1),(7,'sanbra','2024-03-19 01:13:30',1),(7,'sanbra','2024-03-19 01:22:57',1),(7,'sanbra','2024-03-19 01:46:54',1),(7,'sanbra','2024-03-19 02:57:36',1),(7,'sanbra','2024-03-19 09:11:30',1),(7,'sanbra','2024-03-19 09:21:19',1),(7,'sanbra','2024-03-19 09:22:30',1),(7,'sanbra','2024-03-19 09:23:56',1),(7,'sanbra','2024-03-19 09:25:20',1),(7,'sanbra','2024-03-19 09:26:15',1),(7,'sanbra','2024-03-19 09:26:38',1),(7,'sanbra','2024-03-19 09:36:56',1),(7,'sanbra','2024-03-19 09:39:52',1),(0,'garman','2024-03-19 11:04:39',0),(1,'garman','2024-03-19 11:04:49',1),(7,'sanbra','2024-03-19 11:07:37',1),(7,'sanbra','2024-03-19 20:03:15',1),(5,'heredu','2024-03-19 20:06:39',1),(5,'heredu','2024-03-19 20:08:39',1),(7,'sanbra','2024-03-19 20:27:39',1),(7,'sanbra','2024-03-19 20:30:40',1),(7,'sanbra','2024-03-19 22:02:40',1),(7,'sanbra','2024-03-19 22:12:43',1),(10,'alvrod','2024-03-19 22:29:00',1),(10,'alvrod','2024-03-19 22:37:31',1),(5,'heredu','2024-03-19 22:43:58',1),(0,'heredu','2024-03-20 09:13:42',0),(5,'heredu','2024-03-20 09:13:55',1),(5,'heredu','2024-03-20 09:15:20',1),(5,'heredu','2024-03-20 09:16:47',1),(1,'garman','2024-03-20 09:20:14',1),(5,'heredu','2024-03-20 09:21:10',1),(7,'sanbra','2024-03-20 09:24:30',1),(5,'heredu','2024-03-20 09:27:07',1),(1,'garman','2024-03-20 09:28:40',1),(5,'heredu','2024-03-20 09:29:44',1),(0,'heredu','2024-03-20 23:47:09',0),(0,'heredu','2024-03-20 23:47:14',0),(5,'heredu','2024-03-20 23:47:20',1),(7,'sanbra','2024-03-20 23:47:36',1),(0,'garman','2024-03-24 02:17:21',0),(1,'garman','2024-03-24 02:17:27',1),(5,'heredu','2024-03-24 02:18:00',1),(1,'garman','2024-03-24 02:19:11',1),(7,'sanbra','2024-03-24 02:20:09',1),(0,'heredu','2024-03-24 02:23:51',0),(5,'heredu','2024-03-24 02:23:58',1),(1,'garman','2024-03-24 02:24:18',1),(5,'heredu','2024-03-24 02:24:30',1),(1,'garman','2024-03-24 02:24:47',1),(1,'garman','2024-05-17 13:36:32',1),(0,'sanbra','2024-05-17 13:38:12',0),(10,'alvrod','2024-05-17 13:38:24',1),(1,'garman','2024-05-18 22:23:29',1),(0,'heredu','2024-05-18 22:26:40',0),(0,'heredu','2024-05-18 22:26:44',0),(0,'heredu','2024-05-18 22:26:54',0),(10,'alvrod','2024-05-18 22:27:06',1),(10,'alvrod','2024-05-21 16:04:55',1),(0,'sanbra','2024-06-03 22:25:16',0),(0,'sanbra','2024-06-03 22:25:21',0),(1,'garman','2024-06-03 22:25:32',1),(10,'alvrod','2024-06-06 14:17:51',1),(10,'alvrod','2024-06-08 14:30:05',1),(10,'alvrod','2024-06-09 20:17:34',1),(10,'alvrod','2024-06-09 20:48:24',1),(10,'alvrod','2024-06-09 20:49:03',1),(10,'alvrod','2024-06-09 22:29:39',1),(1,'garman','2024-06-10 19:25:54',1),(1,'garman','2024-06-11 00:46:56',1),(1,'garman','2024-06-11 00:47:29',1),(1,'garman','2024-06-11 00:50:05',1),(1,'garman','2024-06-11 00:51:40',1),(1,'garman','2024-06-11 00:52:15',1),(1,'garman','2024-06-11 00:55:02',1),(1,'garman','2024-06-11 00:55:41',1),(1,'garman','2024-06-11 00:59:05',1),(1,'garman','2024-06-11 01:01:55',1),(7,'sanbra','2024-06-11 01:03:31',1),(7,'sanbra','2024-06-11 01:19:12',1),(1,'garman','2024-06-11 14:38:41',1),(1,'garman','2024-06-12 01:14:20',1),(1,'garman','2024-06-12 13:38:07',1),(1,'garman','2024-06-12 13:38:13',1),(1,'garman','2024-06-12 13:44:14',1),(1,'garman','2024-06-12 13:47:49',1),(1,'garman','2024-06-12 13:55:27',1),(1,'garman','2024-06-12 14:23:01',1),(1,'garman','2024-06-12 14:26:01',1),(1,'garman','2024-06-12 14:43:18',1),(1,'garman','2024-06-12 19:10:20',1),(1,'garman','2024-06-12 19:39:37',1),(1,'garman','2024-06-12 20:27:22',1),(1,'garman','2024-06-12 22:15:18',1),(1,'garman','2024-06-12 22:38:21',1),(1,'garman','2024-06-12 22:41:06',1),(0,'heredu','2024-06-12 22:47:57',0),(0,'heredu','2024-06-12 22:48:09',0),(0,'heredu','2024-06-12 22:48:19',0),(10,'alvrod','2024-06-12 22:48:34',1),(1,'garman','2024-06-12 22:50:56',1),(1,'garman','2024-06-16 01:44:26',1),(1,'garman','2024-06-16 01:50:04',1),(1,'garman','2024-06-16 01:53:39',1),(1,'garman','2024-06-16 01:59:00',1),(1,'garman','2024-06-16 02:11:53',1),(1,'garman','2024-06-16 02:19:13',1),(1,'garman','2024-06-16 20:10:57',1),(1,'garman','2024-06-16 23:57:22',1),(1,'garman','2024-06-17 01:11:27',1),(1,'garman','2024-06-17 01:34:41',1),(1,'garman','2024-06-17 01:40:00',1),(1,'garman','2024-06-17 01:41:09',1),(1,'garman','2024-06-17 15:07:30',1),(1,'garman','2024-06-17 15:29:43',1),(1,'garman','2024-06-17 23:32:18',1),(1,'garman','2024-06-17 23:35:09',1),(1,'garman','2024-06-18 00:15:41',1),(1,'garman','2024-06-18 00:46:59',1),(1,'garman','2024-06-18 00:48:06',1),(1,'garman','2024-06-18 00:51:04',1),(1,'garman','2024-06-18 00:51:19',1),(1,'garman','2024-06-18 00:51:33',1),(1,'garman','2024-06-18 00:52:12',1),(1,'garman','2024-06-18 00:52:43',1),(1,'garman','2024-06-18 00:53:16',1),(1,'garman','2024-06-18 02:10:16',1),(1,'garman','2024-06-18 02:14:09',1),(1,'garman','2024-06-18 02:24:04',1),(1,'garman','2024-06-18 02:25:01',1),(1,'garman','2024-06-18 14:28:11',1),(1,'garman','2024-06-18 15:31:17',1),(0,'heredu','2024-06-18 15:36:54',0),(5,'heredu','2024-06-18 15:37:03',1),(1,'garman','2024-06-18 15:38:40',1),(1,'garman','2024-06-18 15:39:42',1),(1,'garman','2024-06-18 16:00:26',1),(1,'garman','2024-06-19 00:10:21',1),(1,'garman','2024-06-19 00:31:03',1),(1,'garman','2024-06-19 17:27:10',1),(0,'garan','2024-06-19 17:55:04',0),(1,'garman','2024-06-19 17:55:09',1),(0,'garan','2024-06-19 17:55:50',0),(1,'garman','2024-06-19 17:55:54',1),(1,'garman','2024-06-19 17:59:32',1),(1,'garman','2024-06-19 18:01:49',1),(1,'garman','2024-06-19 18:34:26',1),(1,'garman','2024-06-19 18:36:19',1),(1,'garman','2024-06-19 18:40:03',1),(1,'garman','2024-06-19 18:46:31',1),(1,'garman','2024-06-19 18:54:47',1),(1,'garman','2024-06-19 18:59:22',1),(1,'garman','2024-06-19 22:04:40',1),(1,'garman','2024-06-19 22:08:13',1),(1,'garman','2024-06-19 22:17:53',1),(1,'garman','2024-06-19 22:38:03',1),(1,'garman','2024-06-19 22:39:13',1),(1,'garman','2024-06-19 22:48:39',1),(1,'garman','2024-06-19 22:49:19',1),(1,'garman','2024-06-19 22:50:54',1),(1,'garman','2024-06-19 22:54:53',1),(1,'garman','2024-06-19 22:58:03',1),(1,'garman','2024-06-19 22:58:36',1),(1,'garman','2024-06-19 23:06:24',1),(1,'garman','2024-06-19 23:23:22',1),(1,'garman','2024-06-19 23:37:20',1),(1,'garman','2024-06-19 23:39:03',1),(1,'garman','2024-06-19 23:43:32',1),(1,'garman','2024-06-19 23:48:11',1),(1,'garman','2024-06-20 01:25:33',1),(1,'garman','2024-06-20 01:32:53',1),(1,'garman','2024-06-20 01:38:35',1),(1,'garman','2024-06-20 01:42:45',1),(1,'garman','2024-06-20 01:56:35',1),(1,'garman','2024-06-20 02:20:38',1),(1,'garman','2024-06-20 03:18:54',1),(1,'garman','2024-06-20 03:28:30',1),(1,'garman','2024-06-20 03:31:31',1),(1,'garman','2024-06-20 13:10:13',1),(1,'garman','2024-06-20 13:19:13',1),(1,'garman','2024-06-20 13:21:56',1),(1,'garman','2024-06-20 13:56:10',1),(1,'garman','2024-06-20 14:00:10',1),(1,'garman','2024-06-20 14:39:25',1),(1,'garman','2024-06-20 18:35:05',1),(1,'garman','2024-06-20 18:37:39',1),(1,'garman','2024-06-20 18:43:00',1),(1,'garman','2024-06-20 18:43:52',1),(0,'garmmn','2024-06-20 18:44:57',0),(1,'garman','2024-06-20 18:45:04',1),(1,'garman','2024-06-20 18:46:09',1),(1,'garman','2024-06-20 20:50:35',1),(1,'garman','2024-06-21 01:34:32',1),(1,'garman','2024-06-23 23:08:11',1),(1,'garman','2024-06-23 23:22:25',1),(1,'garman','2024-06-24 01:18:44',1),(0,'garman','2024-06-24 01:54:41',0),(1,'garman','2024-06-24 01:54:47',1),(1,'garman','2024-06-24 02:02:35',1),(1,'garman','2024-06-24 02:06:43',1),(1,'garman','2024-06-24 02:21:31',1),(1,'garman','2024-06-24 02:25:26',1),(1,'garman','2024-06-24 02:58:23',1),(1,'garman','2024-06-24 02:59:24',1),(1,'garman','2024-06-24 03:02:12',1),(1,'garman','2024-06-24 14:27:17',1),(1,'garman','2024-06-24 14:30:07',1),(1,'garman','2024-06-24 15:12:37',1),(1,'garman','2024-06-24 15:16:11',1),(1,'garman','2024-06-24 15:30:37',1),(1,'garman','2024-06-24 15:32:38',1),(1,'garman','2024-06-24 15:53:51',1),(1,'garman','2024-06-24 15:54:27',1),(1,'garman','2024-06-24 15:58:37',1),(1,'garman','2024-06-24 15:59:11',1),(1,'garman','2024-06-24 16:00:02',1),(0,'garman','2024-06-24 16:02:51',0),(1,'garman','2024-06-24 16:02:55',1),(1,'garman','2024-06-24 16:06:02',1),(1,'garman','2024-06-24 16:09:10',1),(1,'garman','2024-06-24 16:12:05',1),(1,'garman','2024-06-24 16:15:58',1),(1,'garman','2024-06-24 16:18:25',1),(1,'garman','2024-06-24 16:18:56',1),(1,'garman','2024-06-24 16:20:18',1),(1,'garman','2024-06-25 00:27:43',1),(1,'garman','2024-06-25 00:33:05',1),(1,'garman','2024-06-25 00:40:03',1),(1,'garman','2024-06-25 00:53:35',1),(1,'garman','2024-06-25 00:59:28',1),(1,'garman','2024-06-25 01:00:10',1),(1,'garman','2024-06-25 01:02:52',1),(1,'garman','2024-06-25 01:03:30',1),(1,'garman','2024-06-25 01:33:58',1),(1,'garman','2024-06-25 01:36:06',1),(1,'garman','2024-06-25 01:40:52',1),(1,'garman','2024-06-25 02:07:36',1),(1,'garman','2024-06-25 02:18:19',1),(1,'garman','2024-06-25 02:20:53',1),(1,'garman','2024-06-25 02:22:09',1),(1,'garman','2024-06-25 02:42:28',1),(1,'garman','2024-06-25 02:49:38',1),(1,'garman','2024-06-25 02:50:19',1),(1,'garman','2024-06-25 02:51:59',1),(1,'garman','2024-06-25 02:54:13',1),(1,'garman','2024-06-25 03:00:26',1),(1,'garman','2024-06-25 16:20:46',1),(1,'garman','2024-06-25 16:24:33',1),(1,'garman','2024-06-25 16:32:53',1),(1,'garman','2024-06-25 16:38:20',1),(1,'garman','2024-06-25 18:55:54',1),(1,'garman','2024-06-25 23:41:34',1),(1,'garman','2024-06-26 00:00:29',1),(1,'garman','2024-06-26 00:02:32',1),(1,'garman','2024-06-26 00:04:27',1),(1,'garman','2024-06-26 00:05:12',1),(1,'garman','2024-06-26 00:06:27',1),(1,'garman','2024-06-26 01:23:15',1),(1,'garman','2024-06-26 01:24:11',1),(0,'heredu','2024-06-26 01:24:42',0),(5,'heredu','2024-06-26 01:24:51',1),(1,'garman','2024-06-26 01:38:58',1),(1,'garman','2024-06-26 01:45:47',1),(1,'garman','2024-06-26 02:12:25',1),(1,'garman','2024-06-26 02:20:19',1),(1,'garman','2024-06-26 02:21:18',1),(1,'garman','2024-06-26 02:22:07',1),(1,'garman','2024-06-26 02:24:40',1),(1,'garman','2024-06-26 02:25:23',1),(1,'garman','2024-06-26 02:27:43',1),(1,'garman','2024-06-26 02:28:31',1),(1,'garman','2024-06-26 02:28:56',1),(1,'garman','2024-06-26 02:48:17',1),(1,'garman','2024-06-26 02:48:53',1),(1,'garman','2024-06-26 02:53:24',1),(1,'garman','2024-06-26 02:57:44',1),(1,'garman','2024-06-26 03:22:00',1),(1,'garman','2024-06-26 03:29:05',1),(1,'garman','2024-06-26 03:40:37',1),(1,'garman','2024-06-26 03:50:19',1),(1,'garman','2024-06-26 03:52:33',1),(1,'garman','2024-06-26 04:00:51',1),(1,'garman','2024-06-26 04:15:45',1),(1,'garman','2024-06-26 10:33:14',1),(1,'garman','2024-06-26 11:47:06',1),(1,'garman','2024-06-26 11:48:45',1),(1,'garman','2024-06-26 12:00:44',1),(1,'garman','2024-06-26 12:01:36',1),(1,'garman','2024-06-26 12:03:14',1),(1,'garman','2024-06-26 12:04:35',1),(1,'garman','2024-06-26 13:27:53',1),(1,'garman','2024-06-26 13:30:07',1),(1,'garman','2024-06-26 13:30:45',1),(1,'garman','2024-06-26 13:35:55',1),(1,'garman','2024-06-26 13:47:01',1),(1,'garman','2024-06-26 13:48:35',1),(1,'garman','2024-06-26 13:51:29',1),(1,'garman','2024-06-26 13:55:46',1),(1,'garman','2024-06-26 13:59:49',1),(1,'garman','2024-06-26 14:06:02',1),(1,'garman','2024-06-26 14:08:29',1),(1,'garman','2024-06-26 14:14:47',1),(1,'garman','2024-06-26 14:16:38',1),(1,'garman','2024-06-26 14:30:04',1),(1,'garman','2024-06-26 14:33:47',1),(1,'garman','2024-06-26 14:35:45',1),(1,'garman','2024-06-26 14:37:55',1),(1,'garman','2024-06-26 14:38:47',1),(1,'garman','2024-06-26 14:40:48',1),(1,'garman','2024-06-26 14:42:00',1),(1,'garman','2024-06-26 14:42:46',1),(1,'garman','2024-06-26 14:44:27',1),(1,'garman','2024-06-26 14:55:00',1),(1,'garman','2024-06-26 14:58:43',1),(1,'garman','2024-06-26 15:06:49',1),(1,'garman','2024-06-26 15:16:19',1),(1,'garman','2024-06-26 15:16:56',1),(1,'garman','2024-06-26 15:43:36',1),(1,'garman','2024-06-26 15:44:13',1),(1,'garman','2024-06-26 15:48:22',1),(1,'garman','2024-06-26 15:54:15',1),(1,'garman','2024-06-26 15:58:11',1),(1,'garman','2024-06-26 16:03:53',1),(1,'garman','2024-06-26 16:17:41',1),(7,'sanbra','2024-06-26 16:17:59',1),(10,'alvrod','2024-06-26 16:18:19',1),(5,'heredu','2024-06-26 16:18:35',1),(1,'garman','2024-06-26 16:20:16',1),(1,'garman','2024-06-26 16:21:44',1),(2,'limant','2024-06-26 16:23:35',1),(2,'limant','2024-06-26 16:24:12',1),(2,'limant','2024-06-26 16:25:06',1),(2,'limant','2024-06-26 16:25:36',1),(4,'reyiss','2024-06-26 16:26:06',1),(4,'reyiss','2024-06-26 16:27:17',1),(4,'reyiss','2024-06-26 16:28:54',1),(1,'garman','2024-06-26 16:29:27',1),(4,'reyiss','2024-06-26 16:29:57',1),(4,'reyiss','2024-06-26 16:30:43',1),(1,'garman','2024-06-26 16:31:29',1),(4,'reyiss','2024-06-26 16:31:47',1),(7,'sanbra','2024-06-26 16:35:15',1),(7,'sanbra','2024-06-26 16:36:14',1),(0,'sanbra','2024-06-26 19:44:59',0),(0,'sanbra','2024-06-26 19:45:07',0),(7,'sanbra','2024-06-26 19:45:19',1),(7,'sanbra','2024-06-26 19:47:55',1),(5,'heredu','2024-06-26 19:50:47',1),(0,'sanbra','2024-06-26 19:51:22',0),(7,'sanbra','2024-06-26 19:51:30',1),(1,'garman','2024-06-26 20:06:35',1),(1,'garman','2024-06-26 20:14:47',1),(0,'sanbra','2024-06-26 20:18:30',0),(7,'sanbra','2024-06-26 20:18:43',1),(1,'garman','2024-06-26 20:20:51',1),(1,'garman','2024-06-26 20:35:23',1),(7,'sanbra','2024-06-26 22:12:55',1),(7,'sanbra','2024-06-26 22:13:37',1),(7,'sanbra','2024-06-26 22:16:02',1),(7,'sanbra','2024-06-26 22:18:36',1),(10,'alvrod','2024-06-26 22:26:41',1),(10,'alvrod','2024-06-26 22:30:05',1),(7,'sanbra','2024-06-26 22:30:37',1),(5,'heredu','2024-06-26 22:31:51',1),(1,'garman','2024-06-26 22:32:39',1),(5,'heredu','2024-06-26 22:32:51',1),(0,'garman','2024-06-26 22:33:38',0),(1,'garman','2024-06-26 22:33:48',1),(5,'heredu','2024-06-26 22:35:03',1),(0,'garman','2024-06-27 00:32:15',0),(1,'garman','2024-06-27 00:32:19',1),(1,'garman','2024-06-27 00:55:02',1),(0,'garman','2024-06-27 02:02:20',0),(1,'garman','2024-06-27 02:02:24',1),(0,'garman','2024-06-27 02:11:42',0),(1,'garman','2024-06-27 02:11:47',1),(1,'garman','2024-06-27 02:19:00',1),(1,'garman','2024-06-27 02:23:25',1),(1,'garman','2024-06-27 02:25:10',1),(1,'garman','2024-06-28 00:02:44',1),(1,'garman','2024-06-28 00:03:59',1),(1,'garman','2024-06-28 00:07:23',1),(1,'garman','2024-06-28 00:10:46',1),(1,'garman','2024-06-28 00:17:54',1),(1,'garman','2024-06-28 00:47:30',1),(1,'garman','2024-06-28 00:48:10',1),(1,'garman','2024-06-28 00:59:46',1),(1,'garman','2024-06-28 01:01:57',1),(1,'garman','2024-06-28 01:04:43',1),(1,'garman','2024-06-28 01:05:06',1),(1,'garman','2024-06-28 01:11:01',1),(1,'garman','2024-06-28 01:25:42',1),(1,'garman','2024-06-28 01:29:20',1),(1,'garman','2024-06-28 01:33:13',1),(1,'garman','2024-06-28 01:37:26',1),(1,'garman','2024-06-28 01:38:23',1),(1,'garman','2024-06-28 01:39:35',1),(1,'garman','2024-06-28 02:06:14',1),(1,'garman','2024-06-28 02:07:39',1),(1,'garman','2024-06-28 02:12:52',1),(1,'garman','2024-06-28 02:13:41',1),(1,'garman','2024-06-28 02:22:45',1),(1,'garman','2024-06-28 02:37:12',1),(1,'garman','2024-06-28 03:01:30',1),(1,'garman','2024-06-28 03:06:58',1),(1,'garman','2024-06-28 23:36:34',1),(1,'garman','2024-06-29 00:19:59',1),(1,'garman','2024-06-29 00:23:25',1),(1,'garman','2024-06-29 00:58:53',1),(1,'garman','2024-06-29 00:59:49',1),(1,'garman','2024-06-29 01:03:26',1),(1,'garman','2024-06-29 01:08:01',1),(1,'garman','2024-06-29 01:08:31',1),(1,'garman','2024-06-29 01:30:54',1),(1,'garman','2024-06-29 01:31:17',1),(1,'garman','2024-06-29 01:33:23',1),(1,'garman','2024-06-29 01:34:55',1),(1,'garman','2024-06-29 01:46:49',1),(1,'garman','2024-06-29 01:48:10',1),(1,'garman','2024-06-29 01:51:47',1),(1,'garman','2024-06-29 02:01:30',1),(1,'garman','2024-06-29 02:23:34',1),(1,'garman','2024-06-29 02:26:43',1),(4,'reyiss','2024-06-29 02:27:50',1),(1,'garman','2024-06-29 11:01:16',1);
/*!40000 ALTER TABLE `login_attempts` ENABLE KEYS */;
UNLOCK TABLES;

--
-- Table structure for table `monthly_summary_report`
--

DROP TABLE IF EXISTS `monthly_summary_report`;
/*!40101 SET @saved_cs_client     = @@character_set_client */;
/*!50503 SET character_set_client = utf8mb4 */;
CREATE TABLE `monthly_summary_report` (
  `report_id` int NOT NULL AUTO_INCREMENT,
  `payroll_period_id` int DEFAULT NULL,
  `total_employees` int DEFAULT NULL,
  `total_gross_pay` decimal(15,2) DEFAULT NULL,
  `total_sss_contrib` decimal(15,2) DEFAULT NULL,
  `total_philhealth_contrib` decimal(15,2) DEFAULT NULL,
  `total_pagibig_contrib` decimal(15,2) DEFAULT NULL,
  `total_withholding_tax` decimal(15,2) DEFAULT NULL,
  `created_at` timestamp NULL DEFAULT CURRENT_TIMESTAMP,
  PRIMARY KEY (`report_id`),
  KEY `payroll_period_id` (`payroll_period_id`),
  CONSTRAINT `monthly_summary_report_ibfk_1` FOREIGN KEY (`payroll_period_id`) REFERENCES `payroll_periods` (`payroll_period_id`)
) ENGINE=InnoDB AUTO_INCREMENT=5 DEFAULT CHARSET=utf8mb4 COLLATE=utf8mb4_0900_ai_ci;
/*!40101 SET character_set_client = @saved_cs_client */;

--
-- Dumping data for table `monthly_summary_report`
--

LOCK TABLES `monthly_summary_report` WRITE;
/*!40000 ALTER TABLE `monthly_summary_report` DISABLE KEYS */;
INSERT INTO `monthly_summary_report` VALUES (1,1,34,1247476.46,110025.00,54571.95,10200.00,111103.46,'2024-06-22 06:46:26'),(2,2,34,1145988.43,207495.00,100824.72,20400.00,94274.15,'2024-06-22 17:42:21'),(3,3,34,1139905.16,34762.50,16779.97,3400.00,91764.17,'2024-06-22 17:42:44');
/*!40000 ALTER TABLE `monthly_summary_report` ENABLE KEYS */;
UNLOCK TABLES;

--
-- Temporary view structure for view `monthly_summary_report_breakdown`
--

DROP TABLE IF EXISTS `monthly_summary_report_breakdown`;
/*!50001 DROP VIEW IF EXISTS `monthly_summary_report_breakdown`*/;
SET @saved_cs_client     = @@character_set_client;
/*!50503 SET character_set_client = utf8mb4 */;
/*!50001 CREATE VIEW `monthly_summary_report_breakdown` AS SELECT 
 1 AS `emp_id`,
 1 AS `employee_name`,
 1 AS `position`,
 1 AS `department`,
 1 AS `gross_income`,
 1 AS `sss_no`,
 1 AS `sss_contrib_amount`,
 1 AS `philhealth_no`,
 1 AS `philhealth_contrib_amount`,
 1 AS `pagibig_no`,
 1 AS `pagibig_contrib_amount`,
 1 AS `bir_no`,
 1 AS `withholding_tax`,
 1 AS `net_pay`,
 1 AS `payroll_period_id`*/;
SET character_set_client = @saved_cs_client;

--
-- Table structure for table `overtime`
--

DROP TABLE IF EXISTS `overtime`;
/*!40101 SET @saved_cs_client     = @@character_set_client */;
/*!50503 SET character_set_client = utf8mb4 */;
CREATE TABLE `overtime` (
  `overtime_id` int NOT NULL AUTO_INCREMENT,
  `emp_id` int NOT NULL,
  `overtime_type_id` int NOT NULL,
  `date` date NOT NULL,
  `start_time` time NOT NULL,
  `end_time` time NOT NULL,
  `total_hours` decimal(10,2) GENERATED ALWAYS AS ((timestampdiff(SECOND,concat(`date`,_utf8mb4' ',`start_time`),concat(`date`,_utf8mb4' ',`end_time`)) / 3600.0)) VIRTUAL,
  `reason` varchar(200) DEFAULT NULL,
  `status` enum('Pending','Approved','Rejected') NOT NULL DEFAULT 'Pending',
  `approval_date` datetime DEFAULT NULL,
  `approver_id` int DEFAULT NULL,
  `payroll_period_id` int DEFAULT NULL,
  PRIMARY KEY (`overtime_id`),
  KEY `FK_overtime_type_id` (`overtime_type_id`) /*!80000 INVISIBLE */,
  KEY `IDX_overtime_date` (`date`) /*!80000 INVISIBLE */,
  KEY `IDX_overtime_status` (`status`) /*!80000 INVISIBLE */,
  KEY `IDX_overtime_approval_date` (`approval_date`),
  KEY `IDX_overtime_approver_id` (`approver_id`) /*!80000 INVISIBLE */,
  KEY `IDX_empid_overtimestatus` (`emp_id`,`status`) /*!80000 INVISIBLE */,
  KEY `IDX_overtime_empid_overtimetype` (`emp_id`,`overtime_type_id`),
  KEY `FK_overtime_empid` (`emp_id`),
  KEY `FK_overtime_approver_id` (`approver_id`),
  KEY `FK_overtime_payroll_period_id_idx` (`payroll_period_id`),
  CONSTRAINT `FK_overtime_approver_id` FOREIGN KEY (`approver_id`) REFERENCES `employee` (`emp_id`),
  CONSTRAINT `FK_overtime_empid` FOREIGN KEY (`emp_id`) REFERENCES `employee` (`emp_id`),
  CONSTRAINT `FK_overtime_payroll_period_id` FOREIGN KEY (`payroll_period_id`) REFERENCES `payroll_periods` (`payroll_period_id`),
  CONSTRAINT `FK_overtime_type_id` FOREIGN KEY (`overtime_type_id`) REFERENCES `overtime_type` (`overtime_type_id`)
) ENGINE=InnoDB AUTO_INCREMENT=289 DEFAULT CHARSET=utf8mb4 COLLATE=utf8mb4_0900_ai_ci;
/*!40101 SET character_set_client = @saved_cs_client */;

--
-- Dumping data for table `overtime`
--

LOCK TABLES `overtime` WRITE;
/*!40000 ALTER TABLE `overtime` DISABLE KEYS */;
INSERT INTO `overtime` (`overtime_id`, `emp_id`, `overtime_type_id`, `date`, `start_time`, `end_time`, `reason`, `status`, `approval_date`, `approver_id`, `payroll_period_id`) VALUES (1,16,1,'2024-01-01','18:11:00','18:58:00','System maintenance','Approved','2024-01-03 00:00:00',8,1),(2,11,1,'2024-01-01','17:55:00','19:15:00','Training session','Approved','2024-01-03 00:00:00',7,1),(3,8,1,'2024-01-02','17:00:00','19:13:00','Training session','Approved','2024-01-04 00:00:00',8,1),(4,18,1,'2024-01-02','17:52:00','19:48:00','System maintenance','Approved','2024-01-04 00:00:00',9,1),(5,4,1,'2024-01-03','17:59:00','19:53:00','Urgent project deadline','Approved','2024-01-06 00:00:00',7,1),(6,24,1,'2024-01-03','17:54:00','19:31:00','Prepared presentation for conference','Rejected','2024-01-05 00:00:00',8,1),(7,12,1,'2024-01-04','18:03:00','20:18:00','Prepared presentation for conference','Approved','2024-01-05 00:00:00',7,1),(8,27,1,'2024-01-04','17:39:00','20:22:00','Urgent project deadline','Approved','2024-01-06 00:00:00',6,1),(9,25,1,'2024-01-05','18:07:00','18:46:00','System maintenance','Approved','2024-01-08 00:00:00',8,1),(10,27,1,'2024-01-05','18:24:00','19:08:00','System maintenance','Rejected','2024-01-07 00:00:00',8,1),(11,5,1,'2024-01-06','17:19:00','19:52:00','Prepared presentation for conference','Approved','2024-01-07 00:00:00',6,1),(12,31,1,'2024-01-07','18:05:00','19:16:00','System maintenance','Rejected','2024-01-09 00:00:00',9,1),(13,15,1,'2024-01-08','17:42:00','19:05:00','Client meeting ran late','Rejected','2024-01-11 00:00:00',9,1),(14,16,1,'2024-01-08','19:13:00','20:54:00','Training session','Rejected','2024-01-10 00:00:00',8,1),(15,22,1,'2024-01-09','17:42:00','18:04:00','Training session','Rejected','2024-01-12 00:00:00',9,1),(16,29,1,'2024-01-09','19:31:00','20:02:00','Client meeting ran late','Approved','2024-01-11 00:00:00',7,1),(17,5,1,'2024-01-10','19:32:00','20:34:00','System maintenance','Approved','2024-01-11 00:00:00',6,1),(18,13,1,'2024-01-10','17:16:00','20:45:00','Client meeting ran late','Approved','2024-01-11 00:00:00',7,1),(19,13,1,'2024-01-11','17:35:00','18:08:00','System maintenance','Rejected','2024-01-14 00:00:00',8,1),(20,8,1,'2024-01-11','17:20:00','18:42:00','Training session','Rejected','2024-01-13 00:00:00',8,1),(21,23,1,'2024-01-12','17:48:00','19:40:00','Training session','Rejected','2024-01-15 00:00:00',7,1),(22,24,1,'2024-01-12','17:23:00','18:14:00','Prepared presentation for conference','Approved','2024-01-15 00:00:00',6,1),(23,34,1,'2024-01-13','18:20:00','18:47:00','Client meeting ran late','Rejected','2024-01-15 00:00:00',6,1),(24,6,1,'2024-01-14','17:39:00','18:31:00','Training session','Approved','2024-01-15 00:00:00',7,1),(25,32,1,'2024-01-15','17:19:00','19:50:00','Prepared presentation for conference','Rejected','2024-01-17 00:00:00',6,1),(26,27,1,'2024-01-15','17:59:00','20:19:00','Urgent project deadline','Approved','2024-01-16 00:00:00',9,1),(27,6,1,'2024-01-16','17:55:00','18:38:00','Urgent project deadline','Approved','2024-01-17 00:00:00',9,1),(28,20,1,'2024-01-16','17:49:00','20:59:00','Urgent project deadline','Approved','2024-01-18 00:00:00',9,1),(29,21,1,'2024-01-17','19:02:00','20:39:00','System maintenance','Approved','2024-01-18 00:00:00',8,1),(30,30,1,'2024-01-17','18:02:00','19:57:00','Client meeting ran late','Rejected','2024-01-20 00:00:00',8,1),(31,27,1,'2024-01-18','18:11:00','19:09:00','Prepared presentation for conference','Approved','2024-01-19 00:00:00',8,1),(32,26,1,'2024-01-18','17:57:00','20:59:00','Urgent project deadline','Approved','2024-01-20 00:00:00',6,1),(33,7,1,'2024-01-19','19:10:00','20:43:00','Prepared presentation for conference','Approved','2024-01-21 00:00:00',6,1),(34,7,1,'2024-01-19','17:45:00','19:59:00','Prepared presentation for conference','Approved','2024-01-21 00:00:00',8,1),(35,27,1,'2024-01-20','17:31:00','19:38:00','Prepared presentation for conference','Rejected','2024-01-21 00:00:00',6,1),(36,1,1,'2024-01-21','19:03:00','20:31:00','Client meeting ran late','Approved','2024-01-22 00:00:00',7,1),(37,2,1,'2024-01-22','19:12:00','19:17:00','System maintenance','Approved','2024-01-24 00:00:00',6,1),(38,18,1,'2024-01-22','19:09:00','20:45:00','Client meeting ran late','Rejected','2024-01-24 00:00:00',8,1),(39,33,1,'2024-01-23','17:35:00','18:09:00','Client meeting ran late','Approved','2024-01-26 00:00:00',7,1),(40,6,1,'2024-01-23','19:44:00','19:55:00','Client meeting ran late','Approved','2024-01-25 00:00:00',9,1),(41,10,1,'2024-01-24','17:40:00','18:22:00','System maintenance','Approved','2024-01-27 00:00:00',9,1),(42,21,1,'2024-01-24','19:06:00','19:15:00','Client meeting ran late','Approved','2024-01-25 00:00:00',7,1),(43,32,1,'2024-01-25','18:25:00','18:59:00','System maintenance','Approved','2024-01-26 00:00:00',8,1),(44,32,1,'2024-01-25','17:44:00','19:18:00','Urgent project deadline','Approved','2024-01-28 00:00:00',8,1),(45,21,1,'2024-01-26','17:20:00','18:00:00','System maintenance','Approved','2024-01-27 00:00:00',8,1),(46,21,1,'2024-01-26','18:28:00','20:45:00','System maintenance','Approved','2024-01-27 00:00:00',6,1),(47,7,1,'2024-01-27','18:10:00','19:28:00','Urgent project deadline','Approved','2024-01-30 00:00:00',8,1),(48,23,1,'2024-01-28','18:05:00','18:47:00','Urgent project deadline','Approved','2024-01-29 00:00:00',6,1),(49,24,1,'2024-01-29','19:25:00','20:31:00','Client meeting ran late','Approved','2024-01-30 00:00:00',6,1),(50,34,1,'2024-01-29','18:14:00','20:01:00','Training session','Approved','2024-02-01 00:00:00',9,1),(51,6,1,'2024-01-30','17:56:00','18:17:00','Client meeting ran late','Approved','2024-01-31 00:00:00',7,1),(52,33,1,'2024-01-30','18:49:00','20:41:00','System maintenance','Approved','2024-02-01 00:00:00',8,1),(53,12,1,'2024-01-31','17:39:00','19:57:00','Client meeting ran late','Approved','2024-02-03 00:00:00',8,1),(54,24,1,'2024-01-31','17:35:00','19:19:00','Training session','Rejected','2024-02-02 00:00:00',9,1),(55,15,1,'2024-02-01','17:06:00','18:36:00','System maintenance','Approved','2024-02-03 00:00:00',9,2),(56,17,1,'2024-02-01','17:55:00','18:28:00','Urgent project deadline','Rejected','2024-02-03 00:00:00',6,2),(57,15,1,'2024-02-02','17:39:00','20:30:00','Urgent project deadline','Rejected','2024-02-03 00:00:00',8,2),(58,3,1,'2024-02-02','18:17:00','18:37:00','Client meeting ran late','Rejected','2024-02-05 00:00:00',8,2),(59,23,1,'2024-02-03','17:54:00','18:37:00','Prepared presentation for conference','Approved','2024-02-05 00:00:00',9,2),(60,25,1,'2024-02-04','17:49:00','18:35:00','Prepared presentation for conference','Approved','2024-02-07 00:00:00',6,2),(61,6,1,'2024-02-05','18:29:00','19:03:00','Training session','Approved','2024-02-08 00:00:00',9,2),(62,13,1,'2024-02-05','18:11:00','19:00:00','System maintenance','Approved','2024-02-06 00:00:00',7,2),(63,25,1,'2024-02-06','18:28:00','18:52:00','Client meeting ran late','Rejected','2024-02-09 00:00:00',6,2),(64,33,1,'2024-02-06','19:51:00','20:01:00','Training session','Rejected','2024-02-09 00:00:00',8,2),(65,14,1,'2024-02-07','17:43:00','20:17:00','Urgent project deadline','Approved','2024-02-09 00:00:00',7,2),(66,30,1,'2024-02-07','17:08:00','19:15:00','Client meeting ran late','Approved','2024-02-10 00:00:00',6,2),(67,8,1,'2024-02-08','18:06:00','19:45:00','Urgent project deadline','Approved','2024-02-11 00:00:00',8,2),(68,17,1,'2024-02-08','17:50:00','19:42:00','Urgent project deadline','Rejected','2024-02-09 00:00:00',8,2),(69,9,1,'2024-02-09','17:05:00','18:51:00','Prepared presentation for conference','Approved','2024-02-11 00:00:00',6,2),(70,32,1,'2024-02-09','18:25:00','19:48:00','Training session','Rejected','2024-02-12 00:00:00',6,2),(71,5,1,'2024-02-10','17:05:00','19:17:00','Training session','Rejected','2024-02-13 00:00:00',7,2),(72,3,1,'2024-02-11','19:40:00','20:52:00','Training session','Approved','2024-02-14 00:00:00',7,2),(73,16,1,'2024-02-12','19:02:00','19:56:00','Prepared presentation for conference','Approved','2024-02-14 00:00:00',6,2),(74,5,1,'2024-02-12','17:42:00','20:33:00','System maintenance','Approved','2024-02-14 00:00:00',8,2),(75,32,1,'2024-02-13','17:20:00','20:50:00','Client meeting ran late','Approved','2024-02-14 00:00:00',9,2),(76,33,1,'2024-02-13','18:06:00','18:30:00','Urgent project deadline','Approved','2024-02-14 00:00:00',7,2),(77,5,1,'2024-02-14','17:09:00','19:31:00','System maintenance','Approved','2024-02-17 00:00:00',8,2),(78,2,1,'2024-02-14','17:25:00','20:11:00','Urgent project deadline','Approved','2024-02-16 00:00:00',9,2),(79,9,1,'2024-02-15','17:16:00','20:33:00','Urgent project deadline','Approved','2024-02-18 00:00:00',6,2),(80,20,1,'2024-02-15','18:38:00','20:15:00','Training session','Approved','2024-02-18 00:00:00',8,2),(81,4,1,'2024-02-16','19:31:00','19:45:00','Prepared presentation for conference','Rejected','2024-02-18 00:00:00',6,2),(82,29,1,'2024-02-16','19:22:00','20:21:00','Training session','Rejected','2024-02-17 00:00:00',9,2),(83,33,1,'2024-02-17','18:37:00','20:50:00','Client meeting ran late','Approved','2024-02-18 00:00:00',7,2),(84,2,1,'2024-02-18','18:08:00','20:11:00','Prepared presentation for conference','Approved','2024-02-21 00:00:00',9,2),(85,34,1,'2024-02-19','19:22:00','20:09:00','Client meeting ran late','Approved','2024-02-21 00:00:00',9,2),(86,29,1,'2024-02-19','18:46:00','20:32:00','Urgent project deadline','Rejected','2024-02-21 00:00:00',7,2),(87,6,1,'2024-02-20','17:19:00','19:16:00','Client meeting ran late','Approved','2024-02-22 00:00:00',7,2),(88,26,1,'2024-02-20','17:35:00','20:58:00','Training session','Rejected','2024-02-22 00:00:00',6,2),(89,9,1,'2024-02-21','17:37:00','20:20:00','Prepared presentation for conference','Approved','2024-02-23 00:00:00',9,2),(90,30,1,'2024-02-21','19:47:00','20:29:00','Prepared presentation for conference','Approved','2024-02-24 00:00:00',8,2),(91,22,1,'2024-02-22','19:06:00','19:12:00','Urgent project deadline','Approved','2024-02-23 00:00:00',8,2),(92,27,1,'2024-02-22','17:30:00','20:30:00','Urgent project deadline','Approved','2024-02-25 00:00:00',7,2),(93,15,1,'2024-02-23','18:05:00','20:37:00','Prepared presentation for conference','Approved','2024-02-26 00:00:00',6,2),(94,6,1,'2024-02-23','18:49:00','20:10:00','Client meeting ran late','Approved','2024-02-24 00:00:00',6,2),(95,6,1,'2024-02-24','19:09:00','20:34:00','Prepared presentation for conference','Approved','2024-02-26 00:00:00',7,2),(96,16,1,'2024-02-25','17:21:00','20:16:00','System maintenance','Approved','2024-02-27 00:00:00',6,2),(97,20,1,'2024-02-26','18:11:00','18:35:00','Client meeting ran late','Approved','2024-02-27 00:00:00',7,2),(98,15,1,'2024-02-26','18:25:00','18:47:00','Prepared presentation for conference','Rejected','2024-02-28 00:00:00',9,2),(99,13,1,'2024-02-27','18:43:00','19:28:00','Prepared presentation for conference','Approved','2024-03-01 00:00:00',7,2),(100,17,1,'2024-02-27','18:40:00','18:43:00','System maintenance','Approved','2024-03-01 00:00:00',6,2),(101,19,1,'2024-02-28','18:26:00','18:54:00','System maintenance','Approved','2024-03-01 00:00:00',8,2),(102,17,1,'2024-02-28','17:17:00','20:59:00','Training session','Approved','2024-03-02 00:00:00',6,2),(103,23,1,'2024-02-29','19:20:00','20:47:00','Prepared presentation for conference','Approved','2024-03-02 00:00:00',7,2),(104,34,1,'2024-02-29','17:18:00','20:22:00','Urgent project deadline','Rejected','2024-03-03 00:00:00',7,2),(105,16,1,'2024-03-01','18:42:00','19:12:00','Prepared presentation for conference','Rejected','2024-03-03 00:00:00',8,3),(106,6,1,'2024-03-01','18:06:00','18:54:00','Prepared presentation for conference','Approved','2024-03-02 00:00:00',9,3),(107,10,1,'2024-03-02','18:49:00','19:39:00','Prepared presentation for conference','Approved','2024-03-03 00:00:00',8,3),(108,21,1,'2024-03-03','17:15:00','19:50:00','Prepared presentation for conference','Approved','2024-03-05 00:00:00',9,3),(109,33,1,'2024-03-04','18:49:00','19:40:00','Urgent project deadline','Approved','2024-03-07 00:00:00',6,3),(110,30,1,'2024-03-04','18:17:00','19:47:00','Prepared presentation for conference','Approved','2024-03-05 00:00:00',9,3),(111,16,1,'2024-03-05','19:19:00','20:05:00','System maintenance','Rejected','2024-03-08 00:00:00',7,3),(112,12,1,'2024-03-05','18:40:00','19:40:00','Prepared presentation for conference','Rejected','2024-03-07 00:00:00',6,3),(113,13,1,'2024-03-06','19:13:00','20:16:00','Training session','Rejected','2024-03-09 00:00:00',6,3),(114,11,1,'2024-03-06','18:39:00','20:14:00','Client meeting ran late','Approved','2024-03-07 00:00:00',9,3),(115,32,1,'2024-03-07','18:27:00','20:22:00','System maintenance','Approved','2024-03-09 00:00:00',8,3),(116,4,1,'2024-03-07','18:19:00','19:46:00','Prepared presentation for conference','Approved','2024-03-09 00:00:00',7,3),(117,33,1,'2024-03-08','18:23:00','20:19:00','Prepared presentation for conference','Approved','2024-03-11 00:00:00',9,3),(118,17,1,'2024-03-08','18:10:00','20:48:00','Prepared presentation for conference','Approved','2024-03-10 00:00:00',9,3),(119,24,1,'2024-03-09','18:15:00','19:47:00','Client meeting ran late','Rejected','2024-03-10 00:00:00',6,3),(120,34,1,'2024-03-10','19:43:00','20:07:00','Urgent project deadline','Approved','2024-03-11 00:00:00',7,3),(121,19,1,'2024-03-11','17:59:00','19:12:00','Client meeting ran late','Approved','2024-03-12 00:00:00',8,3),(122,7,1,'2024-03-11','17:13:00','19:11:00','Urgent project deadline','Approved','2024-03-14 00:00:00',8,3),(123,33,1,'2024-03-12','18:36:00','18:50:00','System maintenance','Approved','2024-03-15 00:00:00',6,3),(124,31,1,'2024-03-12','17:05:00','18:35:00','Prepared presentation for conference','Approved','2024-03-15 00:00:00',7,3),(125,31,1,'2024-03-13','17:14:00','20:37:00','Client meeting ran late','Approved','2024-03-16 00:00:00',9,3),(126,27,1,'2024-03-13','18:51:00','19:12:00','System maintenance','Approved','2024-03-16 00:00:00',9,3),(127,10,1,'2024-03-14','17:33:00','19:14:00','Training session','Rejected','2024-03-16 00:00:00',7,3),(128,17,1,'2024-03-14','18:40:00','19:18:00','System maintenance','Approved','2024-03-17 00:00:00',9,3),(129,9,1,'2024-03-15','17:55:00','18:12:00','Client meeting ran late','Rejected','2024-03-17 00:00:00',9,3),(130,19,1,'2024-03-15','18:25:00','20:52:00','System maintenance','Approved','2024-03-17 00:00:00',7,3),(131,15,1,'2024-03-16','19:10:00','20:30:00','Urgent project deadline','Approved','2024-03-17 00:00:00',7,3),(132,20,1,'2024-03-17','19:09:00','19:12:00','Prepared presentation for conference','Approved','2024-03-20 00:00:00',7,3),(133,5,1,'2024-03-18','17:21:00','20:04:00','Prepared presentation for conference','Rejected','2024-03-19 00:00:00',7,3),(134,12,1,'2024-03-18','17:03:00','18:30:00','Client meeting ran late','Approved','2024-03-20 00:00:00',7,3),(135,34,1,'2024-03-19','17:24:00','20:19:00','Prepared presentation for conference','Approved','2024-03-22 00:00:00',8,3),(136,16,1,'2024-03-19','18:15:00','19:55:00','Client meeting ran late','Approved','2024-03-21 00:00:00',7,3),(137,21,1,'2024-03-20','18:20:00','20:40:00','Prepared presentation for conference','Approved','2024-03-23 00:00:00',8,3),(138,12,1,'2024-03-20','18:04:00','20:36:00','Prepared presentation for conference','Approved','2024-03-21 00:00:00',9,3),(139,8,1,'2024-03-21','19:38:00','20:23:00','Urgent project deadline','Approved','2024-03-24 00:00:00',8,3),(140,24,1,'2024-03-21','18:03:00','18:51:00','Client meeting ran late','Approved','2024-03-22 00:00:00',6,3),(141,1,1,'2024-03-22','17:41:00','18:06:00','Client meeting ran late','Rejected','2024-03-25 00:00:00',6,3),(142,22,1,'2024-03-22','19:30:00','20:35:00','System maintenance','Rejected','2024-03-23 00:00:00',9,3),(143,6,1,'2024-03-23','18:44:00','20:07:00','Training session','Approved','2024-03-26 00:00:00',6,3),(144,1,1,'2024-03-24','17:33:00','19:47:00','Prepared presentation for conference','Approved','2024-03-26 00:00:00',9,3),(145,11,1,'2024-03-25','17:39:00','20:06:00','System maintenance','Approved','2024-03-26 00:00:00',7,3),(146,28,1,'2024-03-25','18:23:00','19:39:00','Prepared presentation for conference','Approved','2024-03-28 00:00:00',6,3),(147,20,1,'2024-03-26','17:57:00','19:05:00','Urgent project deadline','Approved','2024-03-28 00:00:00',9,3),(148,21,1,'2024-03-26','18:50:00','19:41:00','Training session','Approved','2024-03-28 00:00:00',7,3),(149,24,1,'2024-03-27','18:33:00','19:58:00','Training session','Rejected','2024-03-30 00:00:00',7,3),(150,15,1,'2024-03-27','19:08:00','20:32:00','System maintenance','Approved','2024-03-28 00:00:00',7,3),(151,29,1,'2024-03-28','17:08:00','18:32:00','Prepared presentation for conference','Rejected','2024-03-30 00:00:00',8,3),(152,31,1,'2024-03-28','19:03:00','19:55:00','Client meeting ran late','Approved','2024-03-31 00:00:00',9,3),(153,12,1,'2024-03-29','17:58:00','18:50:00','Training session','Approved','2024-04-01 00:00:00',7,3),(154,25,1,'2024-03-29','17:20:00','18:30:00','Urgent project deadline','Approved','2024-03-30 00:00:00',7,3),(155,2,1,'2024-03-30','18:15:00','19:40:00','Training session','Approved','2024-04-01 00:00:00',7,3),(156,21,1,'2024-03-31','17:04:00','19:15:00','System maintenance','Approved','2024-04-01 00:00:00',8,3),(157,10,1,'2024-04-01','17:55:00','20:16:00','Urgent project deadline','Approved','2024-04-02 00:00:00',7,4),(158,25,1,'2024-04-01','18:03:00','20:50:00','System maintenance','Approved','2024-04-04 00:00:00',8,4),(159,33,1,'2024-04-02','17:37:00','20:49:00','Urgent project deadline','Approved','2024-04-04 00:00:00',9,4),(160,27,1,'2024-04-02','17:11:00','20:18:00','Client meeting ran late','Rejected','2024-04-04 00:00:00',8,4),(161,12,1,'2024-04-03','18:49:00','19:42:00','Client meeting ran late','Approved','2024-04-05 00:00:00',7,4),(162,11,1,'2024-04-03','17:51:00','20:49:00','Prepared presentation for conference','Approved','2024-04-04 00:00:00',7,4),(163,27,1,'2024-04-04','19:13:00','20:09:00','Client meeting ran late','Approved','2024-04-05 00:00:00',8,4),(164,17,1,'2024-04-04','17:29:00','20:02:00','Training session','Approved','2024-04-07 00:00:00',6,4),(165,29,1,'2024-04-05','18:00:00','19:05:00','Training session','Approved','2024-04-06 00:00:00',9,4),(166,8,1,'2024-04-05','19:16:00','20:03:00','System maintenance','Approved','2024-04-07 00:00:00',6,4),(167,16,1,'2024-04-06','18:49:00','20:15:00','Prepared presentation for conference','Rejected','2024-04-08 00:00:00',9,4),(168,31,1,'2024-04-07','19:30:00','19:57:00','Client meeting ran late','Approved','2024-04-09 00:00:00',9,4),(169,30,1,'2024-04-08','17:51:00','20:58:00','Client meeting ran late','Approved','2024-04-10 00:00:00',6,4),(170,10,1,'2024-04-08','17:55:00','19:29:00','Urgent project deadline','Approved','2024-04-09 00:00:00',8,4),(171,3,1,'2024-04-09','17:36:00','18:52:00','Prepared presentation for conference','Approved','2024-04-11 00:00:00',8,4),(172,1,1,'2024-04-09','17:17:00','20:57:00','Training session','Approved','2024-04-12 00:00:00',6,4),(173,1,1,'2024-04-10','17:00:00','19:15:00','System maintenance','Approved','2024-04-13 00:00:00',9,4),(174,9,1,'2024-04-10','19:06:00','19:50:00','Training session','Approved','2024-04-11 00:00:00',6,4),(175,9,1,'2024-04-11','17:49:00','20:06:00','Client meeting ran late','Approved','2024-04-12 00:00:00',9,4),(176,18,1,'2024-04-11','17:08:00','19:01:00','Training session','Approved','2024-04-12 00:00:00',9,4),(177,20,1,'2024-04-12','19:59:00','20:58:00','Training session','Approved','2024-04-15 00:00:00',7,4),(178,19,1,'2024-04-12','19:48:00','20:50:00','Client meeting ran late','Approved','2024-04-13 00:00:00',9,4),(179,30,1,'2024-04-13','19:31:00','20:39:00','Prepared presentation for conference','Approved','2024-04-16 00:00:00',6,4),(180,11,1,'2024-04-14','18:50:00','18:54:00','System maintenance','Approved','2024-04-15 00:00:00',7,4),(181,12,1,'2024-04-15','19:00:00','20:26:00','Prepared presentation for conference','Approved','2024-04-16 00:00:00',9,4),(182,33,1,'2024-04-15','18:07:00','20:28:00','Client meeting ran late','Approved','2024-04-16 00:00:00',9,4),(183,6,1,'2024-04-16','19:24:00','19:45:00','Prepared presentation for conference','Approved','2024-04-17 00:00:00',8,4),(184,5,1,'2024-04-16','19:05:00','19:50:00','Training session','Rejected','2024-04-19 00:00:00',8,4),(185,1,1,'2024-04-17','17:05:00','18:10:00','System maintenance','Approved','2024-04-20 00:00:00',9,4),(186,27,1,'2024-04-17','18:41:00','20:07:00','Prepared presentation for conference','Approved','2024-04-20 00:00:00',9,4),(187,25,1,'2024-04-18','19:21:00','20:15:00','Client meeting ran late','Approved','2024-04-20 00:00:00',8,4),(188,7,1,'2024-04-18','19:10:00','19:50:00','Training session','Rejected','2024-04-19 00:00:00',7,4),(189,29,1,'2024-04-19','18:54:00','20:08:00','Training session','Rejected','2024-04-21 00:00:00',7,4),(190,25,1,'2024-04-19','18:24:00','19:51:00','Training session','Approved','2024-04-21 00:00:00',6,4),(191,17,1,'2024-04-20','17:44:00','20:13:00','Urgent project deadline','Approved','2024-04-23 00:00:00',9,4),(192,31,1,'2024-04-21','19:32:00','20:40:00','Training session','Approved','2024-04-22 00:00:00',6,4),(193,6,1,'2024-04-22','17:40:00','18:11:00','Training session','Rejected','2024-04-23 00:00:00',6,4),(194,25,1,'2024-04-22','17:01:00','18:30:00','System maintenance','Approved','2024-04-25 00:00:00',6,4),(195,33,1,'2024-04-23','19:18:00','20:20:00','Prepared presentation for conference','Approved','2024-04-25 00:00:00',7,4),(196,30,1,'2024-04-23','18:10:00','20:40:00','Client meeting ran late','Approved','2024-04-24 00:00:00',7,4),(197,6,1,'2024-04-24','18:13:00','20:02:00','Prepared presentation for conference','Approved','2024-04-26 00:00:00',7,4),(198,7,1,'2024-04-24','18:04:00','19:14:00','Training session','Approved','2024-04-26 00:00:00',7,4),(199,2,1,'2024-04-25','17:19:00','18:15:00','Training session','Approved','2024-04-26 00:00:00',8,4),(200,10,1,'2024-04-25','19:18:00','20:22:00','Client meeting ran late','Approved','2024-04-27 00:00:00',8,4),(201,25,1,'2024-04-26','17:42:00','20:36:00','Client meeting ran late','Approved','2024-04-28 00:00:00',6,4),(202,6,1,'2024-04-26','17:41:00','19:35:00','Prepared presentation for conference','Approved','2024-04-28 00:00:00',8,4),(203,2,1,'2024-04-27','19:10:00','19:39:00','System maintenance','Approved','2024-04-29 00:00:00',9,4),(204,17,1,'2024-04-28','17:34:00','20:32:00','System maintenance','Approved','2024-04-29 00:00:00',8,4),(205,27,1,'2024-04-29','17:16:00','18:13:00','Prepared presentation for conference','Approved','2024-05-02 00:00:00',6,4),(206,30,1,'2024-04-29','17:56:00','20:23:00','System maintenance','Rejected','2024-05-02 00:00:00',6,4),(207,11,1,'2024-04-30','17:47:00','20:07:00','System maintenance','Approved','2024-05-02 00:00:00',7,4),(208,19,1,'2024-04-30','18:00:00','19:08:00','Training session','Approved','2024-05-02 00:00:00',9,4),(209,11,1,'2024-05-01','18:17:00','18:58:00','Prepared presentation for conference','Approved','2024-05-03 00:00:00',9,5),(210,7,1,'2024-05-01','19:06:00','19:59:00','Client meeting ran late','Approved','2024-05-02 00:00:00',7,5),(211,1,1,'2024-05-02','19:45:00','20:53:00','Training session','Approved','2024-05-04 00:00:00',8,5),(212,30,1,'2024-05-02','17:33:00','19:35:00','Prepared presentation for conference','Approved','2024-05-03 00:00:00',9,5),(213,30,1,'2024-05-03','18:19:00','20:59:00','Training session','Approved','2024-05-04 00:00:00',9,5),(214,21,1,'2024-05-03','17:33:00','19:21:00','Client meeting ran late','Approved','2024-05-04 00:00:00',8,5),(215,13,1,'2024-05-04','19:08:00','20:24:00','Client meeting ran late','Rejected','2024-05-06 00:00:00',9,5),(216,27,1,'2024-05-05','17:09:00','19:32:00','Client meeting ran late','Approved','2024-05-07 00:00:00',7,5),(217,31,1,'2024-05-06','17:54:00','18:34:00','Training session','Approved','2024-05-08 00:00:00',7,5),(218,28,1,'2024-05-06','17:37:00','18:20:00','Urgent project deadline','Approved','2024-05-09 00:00:00',6,5),(219,5,1,'2024-05-07','19:27:00','20:49:00','Training session','Rejected','2024-05-09 00:00:00',6,5),(220,3,1,'2024-05-07','18:41:00','19:02:00','Prepared presentation for conference','Approved','2024-05-10 00:00:00',6,5),(221,17,1,'2024-05-08','18:11:00','19:27:00','Urgent project deadline','Approved','2024-05-09 00:00:00',9,5),(222,27,1,'2024-05-08','17:28:00','19:23:00','System maintenance','Rejected','2024-05-10 00:00:00',7,5),(223,34,1,'2024-05-09','18:31:00','20:34:00','System maintenance','Approved','2024-05-11 00:00:00',9,5),(224,20,1,'2024-05-09','19:39:00','20:18:00','Prepared presentation for conference','Approved','2024-05-10 00:00:00',7,5),(225,24,1,'2024-05-10','19:15:00','20:28:00','Client meeting ran late','Approved','2024-05-12 00:00:00',6,5),(226,10,1,'2024-05-10','17:02:00','20:43:00','Client meeting ran late','Approved','2024-05-11 00:00:00',8,5),(227,5,1,'2024-05-11','17:26:00','19:21:00','Prepared presentation for conference','Approved','2024-05-12 00:00:00',9,5),(228,33,1,'2024-05-12','17:53:00','19:40:00','Urgent project deadline','Approved','2024-05-14 00:00:00',6,5),(229,20,1,'2024-05-13','18:52:00','20:08:00','Prepared presentation for conference','Approved','2024-05-15 00:00:00',9,5),(230,26,1,'2024-05-13','17:03:00','18:56:00','Prepared presentation for conference','Approved','2024-05-16 00:00:00',8,5),(231,23,1,'2024-05-14','18:11:00','18:53:00','Training session','Approved','2024-05-15 00:00:00',9,5),(232,25,1,'2024-05-14','18:08:00','18:39:00','System maintenance','Approved','2024-05-15 00:00:00',8,5),(233,4,1,'2024-05-15','18:14:00','18:17:00','Prepared presentation for conference','Approved','2024-05-17 00:00:00',7,5),(234,17,1,'2024-05-15','18:50:00','20:43:00','Training session','Approved','2024-05-16 00:00:00',7,5),(235,29,1,'2024-05-16','18:08:00','20:11:00','Urgent project deadline','Approved','2024-05-19 00:00:00',9,5),(236,29,1,'2024-05-16','17:13:00','19:52:00','Client meeting ran late','Approved','2024-05-17 00:00:00',6,5),(237,16,1,'2024-05-17','18:05:00','18:45:00','Prepared presentation for conference','Approved','2024-05-18 00:00:00',7,5),(238,28,1,'2024-05-17','18:11:00','19:29:00','System maintenance','Approved','2024-05-20 00:00:00',8,5),(239,12,1,'2024-05-18','17:52:00','18:06:00','System maintenance','Approved','2024-05-19 00:00:00',8,5),(240,30,1,'2024-05-19','17:06:00','18:04:00','Prepared presentation for conference','Approved','2024-05-22 00:00:00',6,5),(241,7,1,'2024-05-20','17:17:00','20:13:00','Client meeting ran late','Approved','2024-05-21 00:00:00',8,5),(242,25,1,'2024-05-20','18:32:00','20:46:00','System maintenance','Rejected','2024-05-23 00:00:00',7,5),(243,25,1,'2024-05-21','17:49:00','18:52:00','Training session','Approved','2024-05-24 00:00:00',7,5),(244,32,1,'2024-05-21','18:49:00','20:48:00','Urgent project deadline','Approved','2024-05-22 00:00:00',8,5),(245,4,1,'2024-05-22','18:21:00','18:38:00','System maintenance','Rejected','2024-05-23 00:00:00',7,5),(246,32,1,'2024-05-22','18:28:00','20:44:00','Urgent project deadline','Approved','2024-05-25 00:00:00',7,5),(247,1,1,'2024-05-23','18:45:00','20:30:00','Training session','Approved','2024-05-25 00:00:00',9,5),(248,11,1,'2024-05-23','18:35:00','20:09:00','Urgent project deadline','Approved','2024-05-24 00:00:00',8,5),(249,20,1,'2024-05-24','18:39:00','20:17:00','Prepared presentation for conference','Approved','2024-05-25 00:00:00',9,5),(250,28,1,'2024-05-24','17:31:00','19:58:00','System maintenance','Approved','2024-05-27 00:00:00',8,5),(251,27,1,'2024-05-25','18:09:00','19:36:00','System maintenance','Approved','2024-05-27 00:00:00',9,5),(252,2,1,'2024-05-26','17:17:00','19:51:00','Training session','Approved','2024-05-27 00:00:00',7,5),(253,2,1,'2024-05-27','19:08:00','19:40:00','System maintenance','Approved','2024-05-28 00:00:00',8,5),(254,20,1,'2024-05-27','18:19:00','19:47:00','Prepared presentation for conference','Approved','2024-05-29 00:00:00',9,5),(255,29,1,'2024-05-28','18:43:00','19:02:00','Prepared presentation for conference','Rejected','2024-05-31 00:00:00',9,5),(256,1,1,'2024-05-28','17:51:00','20:12:00','Training session','Rejected','2024-05-30 00:00:00',8,5),(257,16,1,'2024-05-29','18:23:00','20:00:00','Prepared presentation for conference','Rejected','2024-05-30 00:00:00',7,5),(258,12,1,'2024-05-29','18:51:00','19:47:00','System maintenance','Approved','2024-06-01 00:00:00',6,5),(259,17,1,'2024-05-30','17:34:00','20:57:00','System maintenance','Rejected','2024-06-01 00:00:00',7,5),(260,26,1,'2024-05-30','18:35:00','20:14:00','Prepared presentation for conference','Approved','2024-05-31 00:00:00',9,5),(261,22,1,'2024-05-31','17:07:00','19:42:00','Client meeting ran late','Rejected','2024-06-03 00:00:00',9,5),(262,12,1,'2024-05-31','17:11:00','19:41:00','System maintenance','Rejected','2024-06-03 00:00:00',9,5),(263,18,1,'2024-06-01','18:50:00','19:22:00','Prepared presentation for conference','Approved','2024-06-04 00:00:00',6,6),(264,1,1,'2024-06-02','18:39:00','18:42:00','System maintenance','Rejected','2024-06-03 00:00:00',8,6),(265,2,1,'2024-06-03','19:06:00','20:13:00','Client meeting ran late','Approved','2024-06-06 00:00:00',7,6),(266,14,1,'2024-06-03','19:02:00','19:52:00','Urgent project deadline','Approved','2024-06-05 00:00:00',9,6),(267,31,1,'2024-06-04','17:45:00','20:33:00','System maintenance','Approved','2024-06-06 00:00:00',7,6),(268,24,1,'2024-06-04','19:55:00','20:09:00','Prepared presentation for conference','Approved','2024-06-05 00:00:00',6,6),(269,14,1,'2024-06-05','19:16:00','19:18:00','Client meeting ran late','Approved','2024-06-07 00:00:00',8,6),(270,9,1,'2024-06-05','18:30:00','19:25:00','Urgent project deadline','Approved','2024-06-07 00:00:00',9,6),(271,24,1,'2024-06-06','17:48:00','20:41:00','Client meeting ran late','Approved','2024-06-07 00:00:00',7,6),(272,15,1,'2024-06-06','18:45:00','20:08:00','Training session','Approved','2024-06-07 00:00:00',9,6),(273,17,1,'2024-06-07','18:04:00','18:29:00','Prepared presentation for conference','Approved','2024-06-10 00:00:00',8,6),(274,10,1,'2024-06-07','17:37:00','20:56:00','Training session','Approved','2024-06-08 00:00:00',8,6),(275,10,1,'2024-06-08','19:05:00','20:51:00','Training session','Approved','2024-06-10 00:00:00',8,6),(276,9,1,'2024-06-09','19:40:00','20:52:00','Urgent project deadline','Approved','2024-06-12 00:00:00',6,6),(277,3,1,'2024-06-10','19:09:00','19:36:00','System maintenance','Rejected','2024-06-13 00:00:00',7,6),(278,28,1,'2024-06-10','17:40:00','19:46:00','Urgent project deadline','Approved','2024-06-12 00:00:00',9,6),(279,19,1,'2024-06-11','19:00:00','20:30:00','Prepared presentation for conference','Approved','2024-06-12 00:00:00',8,6),(280,6,1,'2024-06-11','18:53:00','19:32:00','Prepared presentation for conference','Approved','2024-06-14 00:00:00',7,6),(281,6,1,'2024-06-12','17:58:00','20:02:00','Prepared presentation for conference','Approved','2024-06-14 00:00:00',7,6),(282,16,1,'2024-06-12','17:24:00','19:50:00','Urgent project deadline','Rejected','2024-06-14 00:00:00',6,6),(283,19,1,'2024-06-13','17:36:00','20:21:00','Client meeting ran late','Approved','2024-06-16 00:00:00',6,6),(284,12,1,'2024-06-13','18:37:00','20:35:00','Prepared presentation for conference','Rejected','2024-06-16 00:00:00',7,6),(285,21,1,'2024-06-14','19:07:00','20:22:00','Urgent project deadline','Approved','2024-06-15 00:00:00',6,6),(286,10,1,'2024-06-14','17:40:00','18:28:00','Client meeting ran late','Approved','2024-06-16 00:00:00',6,6),(287,1,4,'2024-06-19','18:00:00','21:30:00','Jose Rizal Birthday','Approved','2024-06-24 02:25:32',1,6),(288,4,4,'2024-06-27','15:00:00','18:00:00','Department Meeting','Approved','2024-06-26 16:31:34',1,6);
/*!40000 ALTER TABLE `overtime` ENABLE KEYS */;
UNLOCK TABLES;

--
-- Table structure for table `overtime_type`
--

DROP TABLE IF EXISTS `overtime_type`;
/*!40101 SET @saved_cs_client     = @@character_set_client */;
/*!50503 SET character_set_client = utf8mb4 */;
CREATE TABLE `overtime_type` (
  `overtime_type_id` int NOT NULL AUTO_INCREMENT,
  `overtime_type_name` varchar(45) NOT NULL,
  `multiplier` decimal(3,2) NOT NULL,
  PRIMARY KEY (`overtime_type_id`),
  KEY `UIDX_overtime_type_name` (`overtime_type_name`)
) ENGINE=InnoDB AUTO_INCREMENT=6 DEFAULT CHARSET=utf8mb4 COLLATE=utf8mb4_0900_ai_ci;
/*!40101 SET character_set_client = @saved_cs_client */;

--
-- Dumping data for table `overtime_type`
--

LOCK TABLES `overtime_type` WRITE;
/*!40000 ALTER TABLE `overtime_type` DISABLE KEYS */;
INSERT INTO `overtime_type` VALUES (1,'Regular work day',1.25),(2,'Rest day',1.30),(3,'Special holiday',1.50),(4,'Regular holiday',1.30),(5,'Night shift',1.10);
/*!40000 ALTER TABLE `overtime_type` ENABLE KEYS */;
UNLOCK TABLES;

--
-- Table structure for table `pagibig_matrix`
--

DROP TABLE IF EXISTS `pagibig_matrix`;
/*!40101 SET @saved_cs_client     = @@character_set_client */;
/*!50503 SET character_set_client = utf8mb4 */;
CREATE TABLE `pagibig_matrix` (
  `pagibig_matrix_id` int NOT NULL AUTO_INCREMENT,
  `salary_min` decimal(15,2) NOT NULL,
  `salary_max` decimal(15,2) NOT NULL,
  `employee_contribution_rate` decimal(5,2) NOT NULL,
  `employer_contribution_rate` decimal(5,2) NOT NULL,
  `max_contribution` decimal(15,2) NOT NULL,
  `deduction_type_id` int NOT NULL,
  PRIMARY KEY (`pagibig_matrix_id`),
  KEY `FK_pagibig_deduction_type_id` (`deduction_type_id`),
  KEY `IDX_pagibig_empcontrib` (`employee_contribution_rate`) /*!80000 INVISIBLE */,
  KEY `IDX_pagibig_basicsalary_min` (`salary_min`) /*!80000 INVISIBLE */,
  KEY `IDX_pagibig_basicsalary_max` (`salary_max`),
  CONSTRAINT `pagibig_matrix_ibfk_1` FOREIGN KEY (`deduction_type_id`) REFERENCES `deduction_types` (`deduction_type_id`)
) ENGINE=InnoDB AUTO_INCREMENT=5 DEFAULT CHARSET=utf8mb4 COLLATE=utf8mb4_0900_ai_ci;
/*!40101 SET character_set_client = @saved_cs_client */;

--
-- Dumping data for table `pagibig_matrix`
--

LOCK TABLES `pagibig_matrix` WRITE;
/*!40000 ALTER TABLE `pagibig_matrix` DISABLE KEYS */;
INSERT INTO `pagibig_matrix` VALUES (1,1000.00,1500.00,0.01,0.02,100.00,3),(2,1500.01,999999999999.99,0.02,0.02,100.00,3);
/*!40000 ALTER TABLE `pagibig_matrix` ENABLE KEYS */;
UNLOCK TABLES;

--
-- Table structure for table `payroll_periods`
--

DROP TABLE IF EXISTS `payroll_periods`;
/*!40101 SET @saved_cs_client     = @@character_set_client */;
/*!50503 SET character_set_client = utf8mb4 */;
CREATE TABLE `payroll_periods` (
  `payroll_period_id` int NOT NULL AUTO_INCREMENT,
  `pay_period_start` date NOT NULL,
  `pay_period_end` date NOT NULL,
  PRIMARY KEY (`payroll_period_id`),
  KEY `IDX_payroll_period_startdate` (`pay_period_start`),
  KEY `IDX_payroll_period_enddate` (`pay_period_end`)
) ENGINE=InnoDB AUTO_INCREMENT=13 DEFAULT CHARSET=utf8mb4 COLLATE=utf8mb4_0900_ai_ci;
/*!40101 SET character_set_client = @saved_cs_client */;

--
-- Dumping data for table `payroll_periods`
--

LOCK TABLES `payroll_periods` WRITE;
/*!40000 ALTER TABLE `payroll_periods` DISABLE KEYS */;
INSERT INTO `payroll_periods` VALUES (1,'2024-01-01','2024-01-31'),(2,'2024-02-01','2024-02-29'),(3,'2024-03-01','2024-03-31'),(4,'2024-04-01','2024-04-30'),(5,'2024-05-01','2024-05-31'),(6,'2024-06-01','2024-06-30'),(7,'2024-07-01','2024-07-31'),(8,'2024-08-01','2024-08-31'),(9,'2024-09-01','2024-09-30'),(10,'2024-10-01','2024-10-31'),(11,'2024-11-01','2024-11-30'),(12,'2024-12-01','2024-12-31');
/*!40000 ALTER TABLE `payroll_periods` ENABLE KEYS */;
UNLOCK TABLES;

--
-- Temporary view structure for view `payslip_view`
--

DROP TABLE IF EXISTS `payslip_view`;
/*!50001 DROP VIEW IF EXISTS `payslip_view`*/;
SET @saved_cs_client     = @@character_set_client;
/*!50503 SET character_set_client = utf8mb4 */;
/*!50001 CREATE VIEW `payslip_view` AS SELECT 
 1 AS `payslip_id`,
 1 AS `pay_period_start`,
 1 AS `pay_period_end`,
 1 AS `payroll_period_id`,
 1 AS `emp_id`,
 1 AS `name`,
 1 AS `position`,
 1 AS `basic_salary`,
 1 AS `hourly_rate`,
 1 AS `total_hours_worked`,
 1 AS `overtime_hours`,
 1 AS `overtime_pay`,
 1 AS `gross_pay`,
 1 AS `rice_subsidy`,
 1 AS `phone_allowance`,
 1 AS `clothing_allowance`,
 1 AS `total_allowances`,
 1 AS `sss_contrib_amount`,
 1 AS `philhealth_contrib_amount`,
 1 AS `pagibig_contrib_amount`,
 1 AS `withholding_tax`,
 1 AS `total_deductions`,
 1 AS `net_pay`,
 1 AS `date_generated`*/;
SET character_set_client = @saved_cs_client;

--
-- Table structure for table `payslips`
--

DROP TABLE IF EXISTS `payslips`;
/*!40101 SET @saved_cs_client     = @@character_set_client */;
/*!50503 SET character_set_client = utf8mb4 */;
CREATE TABLE `payslips` (
  `payslip_id` int NOT NULL AUTO_INCREMENT,
  `emp_id` int NOT NULL,
  `payroll_period_id` int NOT NULL,
  `total_hours` decimal(10,2) DEFAULT NULL,
  `overtime_hours` decimal(10,2) DEFAULT NULL,
  `overtime_pay` decimal(10,2) DEFAULT NULL,
  `gross_pay` decimal(10,2) DEFAULT NULL,
  `total_allowances` decimal(10,2) DEFAULT '0.00',
  `total_deductions` decimal(10,2) DEFAULT NULL,
  `withholding_tax` decimal(10,2) DEFAULT NULL,
  `net_pay` decimal(10,2) DEFAULT NULL,
  `date_generated` date DEFAULT NULL,
  PRIMARY KEY (`payslip_id`),
  KEY `FK_payslips_emp_id` (`emp_id`) /*!80000 INVISIBLE */,
  KEY `FK_payslips_payroll_period_id` (`payroll_period_id`) /*!80000 INVISIBLE */,
  KEY `IDX_payslips_date_generated` (`date_generated`),
  KEY `IDX_empid_payrollperiod` (`emp_id`,`payroll_period_id`),
  CONSTRAINT `payslips_ibfk_1` FOREIGN KEY (`emp_id`) REFERENCES `employee` (`emp_id`),
  CONSTRAINT `payslips_ibfk_2` FOREIGN KEY (`payroll_period_id`) REFERENCES `payroll_periods` (`payroll_period_id`)
) ENGINE=InnoDB AUTO_INCREMENT=74 DEFAULT CHARSET=utf8mb4 COLLATE=utf8mb4_0900_ai_ci;
/*!40101 SET character_set_client = @saved_cs_client */;

--
-- Dumping data for table `payslips`
--

LOCK TABLES `payslips` WRITE;
/*!40000 ALTER TABLE `payslips` DISABLE KEYS */;
INSERT INTO `payslips` VALUES (1,1,1,172.00,1.47,787.49,92929.61,4500.00,20199.28,18074.28,77230.33,'2024-06-26'),(2,2,1,135.00,0.08,28.57,48242.47,4500.00,7688.85,5740.21,45053.62,'2024-06-26'),(3,3,1,131.00,0.00,0.00,46785.34,4500.00,7308.17,5381.39,43977.17,'2024-06-26'),(4,4,1,159.00,1.90,678.57,57463.83,4500.00,10097.93,8010.97,51865.90,'2024-06-26'),(5,5,1,157.00,3.58,1122.37,50343.44,3500.00,8237.72,6257.57,45605.72,'2024-06-26'),(6,6,1,166.00,2.12,664.64,52707.30,3500.00,8855.28,6839.67,47352.02,'2024-06-26'),(7,7,1,175.00,5.08,1299.46,46064.46,3100.00,7119.84,5203.87,42044.62,'2024-06-26'),(8,8,1,172.00,3.59,480.81,23516.77,2500.00,1744.95,234.70,24271.82,'2024-06-26'),(9,9,1,179.00,0.00,0.00,23973.47,2500.00,1859.77,320.17,24613.70,'2024-06-26'),(10,10,1,172.00,0.70,219.46,54143.18,3500.00,9230.41,7193.26,48412.77,'2024-06-26'),(11,11,1,148.00,1.33,402.36,45176.80,3500.00,6887.94,4985.29,41788.86,'2024-06-26'),(12,12,1,147.00,4.55,1042.04,34707.98,3100.00,4152.96,2407.34,33655.02,'2024-06-26'),(13,13,1,154.00,4.03,575.73,22576.17,2500.00,1509.55,58.41,23566.62,'2024-06-26'),(14,14,1,173.00,0.00,0.00,24714.78,2500.00,2034.93,461.71,25179.85,'2024-06-26'),(15,15,1,166.00,1.38,439.46,53302.16,3500.00,9010.69,6986.16,47791.47,'2024-06-26'),(16,16,1,160.00,2.46,629.27,41557.27,3100.00,5942.34,4093.98,38714.93,'2024-06-26'),(17,17,1,165.00,0.00,0.00,41103.15,3100.00,5823.70,3982.15,38379.45,'2024-06-26'),(18,18,1,168.00,3.53,472.77,22973.01,2500.00,1611.68,132.08,23861.33,'2024-06-26'),(19,19,1,162.00,0.00,0.00,21696.66,2500.00,1392.95,0.00,22803.71,'2024-06-26'),(20,20,1,180.00,3.17,438.70,25348.90,2500.00,2187.36,582.13,25661.54,'2024-06-26'),(21,21,1,156.00,4.72,653.20,22242.04,2500.00,1423.63,0.00,23318.41,'2024-06-26'),(22,22,1,172.00,0.37,52.86,24624.78,2500.00,2015.85,443.98,25108.93,'2024-06-26'),(23,23,1,158.00,2.57,344.20,21505.14,2500.00,1390.08,0.00,22615.06,'2024-06-26'),(24,24,1,161.00,5.30,709.83,22272.56,2500.00,1446.59,0.00,23325.97,'2024-06-26'),(25,25,1,143.00,0.65,92.86,20521.84,2500.00,1330.33,0.00,21691.51,'2024-06-26'),(26,26,1,168.00,3.03,446.38,25196.14,2500.00,2154.98,552.04,25541.16,'2024-06-26'),(27,27,1,180.00,8.87,1306.73,27824.33,2500.00,2712.15,1069.79,27612.18,'2024-06-26'),(28,28,1,159.00,0.00,0.00,22714.74,2500.00,1538.92,85.70,23675.82,'2024-06-26'),(29,29,1,172.00,0.52,69.64,23105.60,2500.00,1639.78,158.20,23965.82,'2024-06-26'),(30,30,1,164.00,1.92,257.15,22221.67,2500.00,1423.33,0.00,23298.34,'2024-06-26'),(31,31,1,169.00,1.18,158.04,22792.21,2500.00,1573.35,96.47,23718.86,'2024-06-26'),(32,32,1,170.00,4.66,1460.96,54757.66,3500.00,9390.94,7344.58,48866.72,'2024-06-26'),(33,33,1,178.00,2.44,764.96,56569.74,3500.00,9864.35,7790.80,50205.39,'2024-06-26'),(34,34,1,163.00,2.23,699.13,51801.26,3500.00,8618.58,6616.56,46682.68,'2024-06-26'),(36,1,6,NULL,NULL,NULL,NULL,4500.00,NULL,NULL,NULL,'2024-06-26'),(37,2,6,NULL,NULL,NULL,NULL,4500.00,NULL,NULL,NULL,'2024-06-26'),(38,4,6,NULL,NULL,NULL,NULL,4500.00,NULL,NULL,NULL,'2024-06-26'),(39,1,2,160.00,0.00,0.00,85713.60,4500.00,18034.48,15909.48,72179.12,'2024-06-26'),(40,2,2,149.00,4.82,1721.41,54935.27,4500.00,9437.34,7388.31,49997.93,'2024-06-26'),(41,3,2,147.00,1.53,546.42,53046.00,4500.00,8943.77,6923.08,48602.23,'2024-06-26'),(42,4,2,153.00,0.23,82.14,54724.56,4500.00,9382.29,7336.42,49842.27,'2024-06-26'),(43,5,2,129.00,7.42,2326.24,42769.03,3500.00,6258.91,4392.37,40010.12,'2024-06-26'),(44,6,2,160.00,5.29,1658.47,51820.07,3500.00,8623.49,6621.19,46696.58,'2024-06-26'),(45,7,2,151.00,0.00,0.00,38625.80,3100.00,5176.49,3372.10,36549.31,'2024-06-26'),(46,8,2,164.00,1.65,220.98,22185.50,2500.00,1422.78,0.00,23262.72,'2024-06-26'),(47,9,2,136.00,7.77,1040.64,19255.12,2500.00,1266.33,0.00,20488.79,'2024-06-26'),(48,10,2,149.00,0.00,0.00,46712.99,3500.00,7289.27,5363.58,42923.72,'2024-06-26'),(49,11,2,152.00,0.00,0.00,45984.56,3500.00,7098.97,5184.20,42385.59,'2024-06-26'),(50,12,2,165.00,0.00,0.00,37788.30,3100.00,4957.69,3165.87,35930.61,'2024-06-26'),(51,13,2,151.00,1.57,224.29,21796.15,2500.00,1416.94,0.00,22879.21,'2024-06-26'),(52,14,2,143.00,2.57,367.15,20796.13,2500.00,1356.94,0.00,21939.19,'2024-06-26'),(53,15,2,151.00,7.25,2308.76,50394.71,3500.00,8251.12,6270.20,45643.59,'2024-06-26'),(54,16,2,158.00,3.82,977.16,41393.56,3100.00,5899.57,4053.67,38593.99,'2024-06-26'),(55,17,2,142.00,6.17,1537.01,36910.63,3100.00,4728.40,2949.74,35282.23,'2024-06-26'),(56,18,2,120.00,0.00,0.00,16071.60,2500.00,1061.07,0.00,17510.53,'2024-06-26'),(57,19,2,158.00,0.47,62.95,21223.89,2500.00,1363.36,0.00,22360.53,'2024-06-26'),(58,20,2,152.00,2.02,279.55,21314.83,2500.00,1387.22,0.00,22427.61,'2024-06-26'),(59,21,2,158.00,0.00,0.00,21865.62,2500.00,1417.98,0.00,22947.64,'2024-06-26'),(60,22,2,144.00,0.10,14.29,20586.13,2500.00,1331.29,0.00,21754.84,'2024-06-26'),(61,23,2,162.00,2.17,290.63,21987.29,2500.00,1419.81,0.00,23067.48,'2024-06-26'),(62,24,2,141.00,0.00,0.00,18884.13,2500.00,1238.26,0.00,20145.87,'2024-06-26'),(63,25,2,151.00,1.17,167.15,21739.01,2500.00,1393.59,0.00,22845.42,'2024-06-26'),(64,26,2,150.00,3.38,497.94,22595.94,2500.00,1513.74,62.30,23582.20,'2024-06-26'),(65,27,2,141.00,3.00,441.96,21214.08,2500.00,1363.21,0.00,22350.87,'2024-06-26'),(66,28,2,133.00,0.00,0.00,19000.38,2500.00,1240.01,0.00,20260.37,'2024-06-26'),(67,29,2,145.00,2.75,368.31,19788.16,2500.00,1296.82,0.00,20991.34,'2024-06-26'),(68,30,2,134.00,2.82,377.68,18324.30,2500.00,1207.36,0.00,19616.94,'2024-06-26'),(69,31,2,147.00,0.00,0.00,19687.71,2500.00,1272.82,0.00,20914.89,'2024-06-26'),(70,32,2,146.00,4.88,1529.93,47302.39,3500.00,7443.25,5508.71,43359.14,'2024-06-26'),(71,33,2,128.00,2.79,874.69,41003.97,3500.00,5797.79,3957.73,38706.18,'2024-06-26'),(72,34,2,151.00,3.85,1207.01,48547.02,3500.00,7768.41,5815.20,44278.61,'2024-06-26'),(73,5,6,NULL,NULL,NULL,NULL,3500.00,NULL,NULL,NULL,'2024-06-29');
/*!40000 ALTER TABLE `payslips` ENABLE KEYS */;
UNLOCK TABLES;

--
-- Table structure for table `permissions`
--

DROP TABLE IF EXISTS `permissions`;
/*!40101 SET @saved_cs_client     = @@character_set_client */;
/*!50503 SET character_set_client = utf8mb4 */;
CREATE TABLE `permissions` (
  `permissions_id` int NOT NULL AUTO_INCREMENT,
  `permissions_name` varchar(45) NOT NULL,
  PRIMARY KEY (`permissions_id`),
  KEY `UIDX_permissions_name` (`permissions_name`)
) ENGINE=InnoDB AUTO_INCREMENT=11 DEFAULT CHARSET=utf8mb4 COLLATE=utf8mb4_0900_ai_ci;
/*!40101 SET character_set_client = @saved_cs_client */;

--
-- Dumping data for table `permissions`
--

LOCK TABLES `permissions` WRITE;
/*!40000 ALTER TABLE `permissions` DISABLE KEYS */;
INSERT INTO `permissions` VALUES (2,'Attendance Management'),(1,'Employee Management'),(3,'Leave Management'),(5,'Monthly Summary Report'),(9,'Overtime Management'),(7,'Permission Management'),(10,'Process Payroll'),(4,'Salary Calculation'),(8,'User Credentials Management'),(6,'View Login Logs');
/*!40000 ALTER TABLE `permissions` ENABLE KEYS */;
UNLOCK TABLES;

--
-- Table structure for table `philhealth_matrix`
--

DROP TABLE IF EXISTS `philhealth_matrix`;
/*!40101 SET @saved_cs_client     = @@character_set_client */;
/*!50503 SET character_set_client = utf8mb4 */;
CREATE TABLE `philhealth_matrix` (
  `philhealth_matrix_id` int NOT NULL AUTO_INCREMENT,
  `salary_min` decimal(15,2) NOT NULL,
  `salary_max` decimal(15,2) NOT NULL,
  `premium_rate` decimal(5,2) NOT NULL,
  `monthly_premium` decimal(15,2) DEFAULT NULL,
  `deduction_type_id` int NOT NULL,
  PRIMARY KEY (`philhealth_matrix_id`),
  KEY `FK_philhealth_deduction_type_id` (`deduction_type_id`) /*!80000 INVISIBLE */,
  KEY `IDX_philhealth_premium_rate` (`premium_rate`) /*!80000 INVISIBLE */,
  KEY `IDX_philhealth_salary_min` (`salary_min`) /*!80000 INVISIBLE */,
  KEY `IDX_philhealth_salary_max` (`salary_max`),
  CONSTRAINT `philhealth_matrix_ibfk_1` FOREIGN KEY (`deduction_type_id`) REFERENCES `deduction_types` (`deduction_type_id`)
) ENGINE=InnoDB AUTO_INCREMENT=10 DEFAULT CHARSET=utf8mb4 COLLATE=utf8mb4_0900_ai_ci;
/*!40101 SET character_set_client = @saved_cs_client */;

--
-- Dumping data for table `philhealth_matrix`
--

LOCK TABLES `philhealth_matrix` WRITE;
/*!40000 ALTER TABLE `philhealth_matrix` DISABLE KEYS */;
INSERT INTO `philhealth_matrix` VALUES (1,0.00,9999.99,0.03,300.00,2),(2,10000.00,59999.99,0.03,0.00,2),(3,60000.00,999999999999.99,0.03,1800.00,2);
/*!40000 ALTER TABLE `philhealth_matrix` ENABLE KEYS */;
UNLOCK TABLES;

--
-- Table structure for table `position`
--

DROP TABLE IF EXISTS `position`;
/*!40101 SET @saved_cs_client     = @@character_set_client */;
/*!50503 SET character_set_client = utf8mb4 */;
CREATE TABLE `position` (
  `position_id` int NOT NULL AUTO_INCREMENT,
  `position_name` varchar(45) NOT NULL,
  PRIMARY KEY (`position_id`),
  KEY `UIDX_position_name` (`position_name`)
) ENGINE=InnoDB AUTO_INCREMENT=10 DEFAULT CHARSET=utf8mb4 COLLATE=utf8mb4_0900_ai_ci;
/*!40101 SET character_set_client = @saved_cs_client */;

--
-- Dumping data for table `position`
--

LOCK TABLES `position` WRITE;
/*!40000 ALTER TABLE `position` DISABLE KEYS */;
INSERT INTO `position` VALUES (1,'Chief Executive Officer'),(3,'Chief Finance Officer'),(4,'Chief Marketing Officer'),(2,'Chief Operating Officer'),(5,'Department Head'),(7,'Manager'),(6,'Operations and Systems'),(9,'Rank and File'),(8,'Team Leader');
/*!40000 ALTER TABLE `position` ENABLE KEYS */;
UNLOCK TABLES;

--
-- Table structure for table `position_allowances`
--

DROP TABLE IF EXISTS `position_allowances`;
/*!40101 SET @saved_cs_client     = @@character_set_client */;
/*!50503 SET character_set_client = utf8mb4 */;
CREATE TABLE `position_allowances` (
  `position_id` int NOT NULL,
  `allowance_id` int NOT NULL,
  `amount` decimal(10,2) NOT NULL,
  PRIMARY KEY (`position_id`,`allowance_id`),
  KEY `FK_allowance_allowance_id` (`allowance_id`) /*!80000 INVISIBLE */,
  KEY `IDX_positionsid_amount` (`position_id`,`amount`),
  KEY `FK_allowance_emp_id` (`allowance_id`) /*!80000 INVISIBLE */,
  CONSTRAINT `position_allowances_ibfk_1` FOREIGN KEY (`position_id`) REFERENCES `position` (`position_id`),
  CONSTRAINT `position_allowances_ibfk_2` FOREIGN KEY (`allowance_id`) REFERENCES `allowances` (`allowance_id`)
) ENGINE=InnoDB DEFAULT CHARSET=utf8mb4 COLLATE=utf8mb4_0900_ai_ci;
/*!40101 SET character_set_client = @saved_cs_client */;

--
-- Dumping data for table `position_allowances`
--

LOCK TABLES `position_allowances` WRITE;
/*!40000 ALTER TABLE `position_allowances` DISABLE KEYS */;
INSERT INTO `position_allowances` VALUES (1,2,1000.00),(1,1,1500.00),(1,3,2000.00),(2,2,1000.00),(2,1,1500.00),(2,3,2000.00),(3,2,1000.00),(3,1,1500.00),(3,3,2000.00),(4,2,1000.00),(4,1,1500.00),(4,3,2000.00),(5,2,1000.00),(5,3,1000.00),(5,1,1500.00),(6,2,1000.00),(6,3,1000.00),(6,1,1500.00),(7,2,1000.00),(7,3,1000.00),(7,1,1500.00),(8,2,800.00),(8,3,800.00),(8,1,1500.00),(9,2,500.00),(9,3,500.00),(9,1,1500.00);
/*!40000 ALTER TABLE `position_allowances` ENABLE KEYS */;
UNLOCK TABLES;

--
-- Table structure for table `sss_matrix`
--

DROP TABLE IF EXISTS `sss_matrix`;
/*!40101 SET @saved_cs_client     = @@character_set_client */;
/*!50503 SET character_set_client = utf8mb4 */;
CREATE TABLE `sss_matrix` (
  `sss_matrix_id` int NOT NULL AUTO_INCREMENT,
  `salary_min` decimal(10,2) NOT NULL,
  `salary_max` decimal(10,2) NOT NULL,
  `sss_contribution` decimal(10,2) NOT NULL,
  `deduction_type_id` int NOT NULL,
  PRIMARY KEY (`sss_matrix_id`),
  KEY `FK_sss_deduction_type_id` (`deduction_type_id`) /*!80000 INVISIBLE */,
  KEY `IDX_sss_sss_contribution` (`sss_contribution`) /*!80000 INVISIBLE */,
  KEY `IDX_sss_salary_min` (`salary_min`),
  KEY `IDX_sss_salary_max` (`salary_max`),
  CONSTRAINT `sss_matrix_ibfk_1` FOREIGN KEY (`deduction_type_id`) REFERENCES `deduction_types` (`deduction_type_id`)
) ENGINE=InnoDB AUTO_INCREMENT=46 DEFAULT CHARSET=utf8mb4 COLLATE=utf8mb4_0900_ai_ci;
/*!40101 SET character_set_client = @saved_cs_client */;

--
-- Dumping data for table `sss_matrix`
--

LOCK TABLES `sss_matrix` WRITE;
/*!40000 ALTER TABLE `sss_matrix` DISABLE KEYS */;
INSERT INTO `sss_matrix` VALUES (1,0.00,3250.00,135.00,1),(2,3250.01,3750.00,157.50,1),(3,3750.01,4250.00,180.00,1),(4,4250.01,4750.00,202.50,1),(5,4750.01,5250.00,225.00,1),(6,5250.01,5750.00,247.50,1),(7,5750.01,6250.00,270.00,1),(8,6250.01,6750.00,292.50,1),(9,6750.01,7250.00,315.00,1),(10,7250.01,7750.00,337.50,1),(11,7750.01,8250.00,360.00,1),(12,8250.01,8750.00,382.50,1),(13,8750.01,9250.00,405.00,1),(14,9250.01,9750.00,427.50,1),(15,9750.01,10250.00,450.00,1),(16,10250.01,10750.00,472.50,1),(17,10750.01,11250.00,495.00,1),(18,11250.01,11750.00,517.50,1),(19,11750.01,12250.00,540.00,1),(20,12250.01,12750.00,562.50,1),(21,12750.01,13250.00,585.00,1),(22,13250.01,13750.00,607.50,1),(23,13750.01,14250.00,630.00,1),(24,14250.01,14750.00,652.50,1),(25,14750.01,15250.00,675.00,1),(26,15250.01,15750.00,697.50,1),(27,15750.01,16250.00,720.00,1),(28,16250.01,16750.00,742.50,1),(29,16750.01,17250.00,765.00,1),(30,17250.01,17750.00,787.50,1),(31,17750.01,18250.00,810.00,1),(32,18250.01,18750.00,832.50,1),(33,18750.01,19250.00,855.00,1),(34,19250.01,19750.00,877.50,1),(35,19750.01,20250.00,900.00,1),(36,20250.01,20750.00,922.50,1),(37,20750.01,21250.00,945.00,1),(38,21250.01,21750.00,967.50,1),(39,21750.01,22250.00,990.00,1),(40,22250.01,22750.00,1012.50,1),(41,22750.01,23250.00,1035.00,1),(42,23250.01,23750.00,1057.50,1),(43,23750.01,24250.00,1080.00,1),(44,24250.01,24750.00,1102.50,1),(45,24750.01,9999999.99,1125.00,1);
/*!40000 ALTER TABLE `sss_matrix` ENABLE KEYS */;
UNLOCK TABLES;

--
-- Table structure for table `status`
--

DROP TABLE IF EXISTS `status`;
/*!40101 SET @saved_cs_client     = @@character_set_client */;
/*!50503 SET character_set_client = utf8mb4 */;
CREATE TABLE `status` (
  `status_id` int NOT NULL AUTO_INCREMENT,
  `status_name` varchar(45) NOT NULL,
  PRIMARY KEY (`status_id`),
  KEY `IDX_status_name` (`status_name`)
) ENGINE=InnoDB AUTO_INCREMENT=3 DEFAULT CHARSET=utf8mb4 COLLATE=utf8mb4_0900_ai_ci;
/*!40101 SET character_set_client = @saved_cs_client */;

--
-- Dumping data for table `status`
--

LOCK TABLES `status` WRITE;
/*!40000 ALTER TABLE `status` DISABLE KEYS */;
INSERT INTO `status` VALUES (2,'Probationary'),(1,'Regular');
/*!40000 ALTER TABLE `status` ENABLE KEYS */;
UNLOCK TABLES;

--
-- Table structure for table `timesheet`
--

DROP TABLE IF EXISTS `timesheet`;
/*!40101 SET @saved_cs_client     = @@character_set_client */;
/*!50503 SET character_set_client = utf8mb4 */;
CREATE TABLE `timesheet` (
  `timesheet_id` int NOT NULL AUTO_INCREMENT,
  `emp_id` int NOT NULL,
  `date` date NOT NULL,
  `time_in` time NOT NULL,
  `time_out` time DEFAULT NULL,
  `total_hours` decimal(5,2) GENERATED ALWAYS AS (least(timestampdiff(HOUR,concat(`date`,_utf8mb4' ',`time_in`),concat(`date`,_utf8mb4' ',`time_out`)),8)) VIRTUAL,
  `pay_period_id` int DEFAULT NULL,
  PRIMARY KEY (`timesheet_id`),
  KEY `IDX_timesheet_date` (`date`),
  KEY `DX_empid_date` (`emp_id`,`date`) /*!80000 INVISIBLE */,
  KEY `FK_timesheet_emp_id` (`emp_id`) /*!80000 INVISIBLE */,
  KEY `timesheet_payperiod_idx` (`pay_period_id`),
  CONSTRAINT `timesheet_ibfk_1` FOREIGN KEY (`emp_id`) REFERENCES `employee` (`emp_id`),
  CONSTRAINT `timesheet_payperiod` FOREIGN KEY (`pay_period_id`) REFERENCES `payroll_periods` (`payroll_period_id`)
) ENGINE=InnoDB AUTO_INCREMENT=4093 DEFAULT CHARSET=utf8mb4 COLLATE=utf8mb4_0900_ai_ci;
/*!40101 SET character_set_client = @saved_cs_client */;

--
-- Dumping data for table `timesheet`
--

LOCK TABLES `timesheet` WRITE;
/*!40000 ALTER TABLE `timesheet` DISABLE KEYS */;
INSERT INTO `timesheet` (`timesheet_id`, `emp_id`, `date`, `time_in`, `time_out`, `pay_period_id`) VALUES (1,1,'2024-01-01','08:09:02','17:05:59',1),(2,2,'2024-01-01','08:02:32','17:05:08',1),(3,3,'2024-01-01','08:09:58','17:06:26',1),(4,4,'2024-01-01','08:01:54','17:00:47',1),(5,5,'2024-01-01','08:00:49','17:07:57',1),(6,6,'2024-01-01','08:07:06','17:06:09',1),(7,7,'2024-01-01','08:02:27','17:02:40',1),(8,8,'2024-01-01','08:04:11','17:04:57',1),(9,9,'2024-01-01','08:02:37','17:07:01',1),(10,10,'2024-01-01','08:11:28','17:08:22',1),(11,11,'2024-01-01','08:02:24','13:57:39',1),(12,12,'2024-01-01','08:09:00','17:05:51',1),(13,13,'2024-01-01','00:00:00','00:00:00',1),(14,14,'2024-01-01','08:05:43','17:07:51',1),(15,15,'2024-01-01','08:04:13','17:01:37',1),(16,16,'2024-01-01','08:05:57','17:07:58',1),(17,17,'2024-01-01','08:05:46','17:08:16',1),(18,18,'2024-01-01','08:04:23','17:08:29',1),(19,19,'2024-01-01','08:07:33','16:31:40',1),(20,20,'2024-01-01','08:11:16','16:40:18',1),(21,21,'2024-01-01','08:07:06','17:06:14',1),(22,22,'2024-01-01','08:02:23','17:09:38',1),(23,23,'2024-01-01','08:09:02','17:03:09',1),(24,24,'2024-01-01','08:05:18','17:01:06',1),(25,25,'2024-01-01','08:01:45','17:07:16',1),(26,26,'2024-01-01','08:06:02','17:06:28',1),(27,27,'2024-01-01','08:03:31','17:05:09',1),(28,28,'2024-01-01','08:02:17','17:06:11',1),(29,29,'2024-01-01','08:03:23','17:01:29',1),(30,30,'2024-01-01','08:08:09','17:04:42',1),(31,31,'2024-01-01','08:09:09','17:07:14',1),(32,32,'2024-01-01','08:04:50','17:06:40',1),(33,33,'2024-01-01','08:08:18','17:04:29',1),(34,34,'2024-01-01','08:08:08','17:09:43',1),(35,1,'2024-01-02','08:00:30','17:09:15',1),(36,2,'2024-01-02','00:00:00','00:00:00',1),(37,3,'2024-01-02','00:00:00','00:00:00',1),(38,4,'2024-01-02','08:02:44','17:01:20',1),(39,5,'2024-01-02','08:06:13','17:07:29',1),(40,6,'2024-01-02','00:00:00','00:00:00',1),(41,7,'2024-01-02','08:08:51','17:02:13',1),(42,8,'2024-01-02','08:06:40','17:01:09',1),(43,9,'2024-01-02','08:04:10','17:02:07',1),(44,10,'2024-01-02','08:09:50','17:07:02',1),(45,11,'2024-01-02','08:11:48','17:06:06',1),(46,12,'2024-01-02','08:03:05','17:08:09',1),(47,13,'2024-01-02','00:00:00','00:00:00',1),(48,14,'2024-01-02','08:05:35','17:07:00',1),(49,15,'2024-01-02','08:05:00','17:02:14',1),(50,16,'2024-01-02','08:11:14','14:07:07',1),(51,17,'2024-01-02','08:04:03','17:07:28',1),(52,18,'2024-01-02','00:00:00','00:00:00',1),(53,19,'2024-01-02','08:00:01','17:06:13',1),(54,20,'2024-01-02','08:01:52','17:03:39',1),(55,21,'2024-01-02','08:07:30','17:03:00',1),(56,22,'2024-01-02','08:06:13','14:56:29',1),(57,23,'2024-01-02','08:06:10','17:06:35',1),(58,24,'2024-01-02','08:11:55','16:29:13',1),(59,25,'2024-01-02','08:10:52','17:03:05',1),(60,26,'2024-01-02','08:07:33','13:48:50',1),(61,27,'2024-01-02','08:11:03','17:07:15',1),(62,28,'2024-01-02','08:09:39','13:21:16',1),(63,29,'2024-01-02','08:09:09','17:04:02',1),(64,30,'2024-01-02','08:08:20','17:05:05',1),(65,31,'2024-01-02','08:06:19','17:07:25',1),(66,32,'2024-01-02','00:00:00','00:00:00',1),(67,33,'2024-01-02','08:05:53','17:30:23',1),(68,34,'2024-01-02','08:04:52','17:01:31',1),(69,1,'2024-01-03','00:00:00','00:00:00',1),(70,2,'2024-01-03','08:05:28','17:01:58',1),(71,3,'2024-01-03','08:04:08','17:08:44',1),(72,4,'2024-01-03','08:06:40','17:01:20',1),(73,5,'2024-01-03','08:01:22','17:08:38',1),(74,6,'2024-01-03','08:01:33','17:01:12',1),(75,7,'2024-01-03','08:09:30','17:08:42',1),(76,8,'2024-01-03','08:05:52','17:00:23',1),(77,9,'2024-01-03','08:04:12','17:00:12',1),(78,10,'2024-01-03','08:02:58','13:26:17',1),(79,11,'2024-01-03','08:03:30','16:20:17',1),(80,12,'2024-01-03','08:01:19','17:00:19',1),(81,13,'2024-01-03','08:09:47','17:02:17',1),(82,14,'2024-01-03','08:05:08','17:06:14',1),(83,15,'2024-01-03','08:03:39','17:08:07',1),(84,16,'2024-01-03','00:00:00','00:00:00',1),(85,17,'2024-01-03','08:07:16','17:05:13',1),(86,18,'2024-01-03','08:08:42','17:01:49',1),(87,19,'2024-01-03','08:06:36','15:18:51',1),(88,20,'2024-01-03','08:06:40','17:01:26',1),(89,21,'2024-01-03','08:01:03','13:13:25',1),(90,22,'2024-01-03','00:00:00','00:00:00',1),(91,23,'2024-01-03','00:00:00','00:00:00',1),(92,24,'2024-01-03','08:01:40','17:01:02',1),(93,25,'2024-01-03','08:04:25','17:05:11',1),(94,26,'2024-01-03','08:00:13','17:08:34',1),(95,27,'2024-01-03','08:00:54','17:07:48',1),(96,28,'2024-01-03','08:06:36','17:08:17',1),(97,29,'2024-01-03','08:07:43','13:44:11',1),(98,30,'2024-01-03','08:04:29','16:32:25',1),(99,31,'2024-01-03','08:09:31','17:08:45',1),(100,32,'2024-01-03','08:06:30','17:25:44',1),(101,33,'2024-01-03','08:10:30','17:08:03',1),(102,34,'2024-01-03','00:00:00','00:00:00',1),(103,1,'2024-01-04','08:07:55','17:02:50',1),(104,2,'2024-01-04','00:00:00','00:00:00',1),(105,3,'2024-01-04','00:00:00','00:00:00',1),(106,4,'2024-01-04','08:05:33','14:55:53',1),(107,5,'2024-01-04','00:00:00','00:00:00',1),(108,6,'2024-01-04','08:11:33','17:03:43',1),(109,7,'2024-01-04','08:08:14','17:07:59',1),(110,8,'2024-01-04','08:09:46','15:50:15',1),(111,9,'2024-01-04','08:07:53','17:04:48',1),(112,10,'2024-01-04','08:06:24','17:05:58',1),(113,11,'2024-01-04','08:10:13','17:03:35',1),(114,12,'2024-01-04','08:06:39','17:08:29',1),(115,13,'2024-01-04','08:08:26','16:36:22',1),(116,14,'2024-01-04','08:03:02','17:01:51',1),(117,15,'2024-01-04','08:05:21','17:08:05',1),(118,16,'2024-01-04','08:09:25','17:01:54',1),(119,17,'2024-01-04','08:03:08','17:02:22',1),(120,18,'2024-01-04','08:04:51','17:28:25',1),(121,19,'2024-01-04','08:09:29','17:04:49',1),(122,20,'2024-01-04','08:04:15','17:03:11',1),(123,21,'2024-01-04','08:04:44','17:09:04',1),(124,22,'2024-01-04','08:08:19','16:41:03',1),(125,23,'2024-01-04','08:01:08','17:06:27',1),(126,24,'2024-01-04','08:06:26','14:40:40',1),(127,25,'2024-01-04','08:05:14','17:06:14',1),(128,26,'2024-01-04','08:07:05','17:04:43',1),(129,27,'2024-01-04','08:09:34','17:04:42',1),(130,28,'2024-01-04','08:00:41','17:09:30',1),(131,29,'2024-01-04','08:01:53','17:02:28',1),(132,30,'2024-01-04','08:07:07','15:01:26',1),(133,31,'2024-01-04','08:09:51','17:04:08',1),(134,32,'2024-01-04','08:07:39','17:08:23',1),(135,33,'2024-01-04','08:08:46','17:07:51',1),(136,34,'2024-01-04','00:00:00','00:00:00',1),(137,1,'2024-01-05','08:11:07','17:03:19',1),(138,2,'2024-01-05','08:06:31','17:25:45',1),(139,3,'2024-01-05','08:11:37','14:47:28',1),(140,4,'2024-01-05','08:04:54','17:00:43',1),(141,5,'2024-01-05','08:00:22','17:15:32',1),(142,6,'2024-01-05','08:02:35','17:07:31',1),(143,7,'2024-01-05','00:00:00','00:00:00',1),(144,8,'2024-01-05','08:07:18','13:42:20',1),(145,9,'2024-01-05','08:03:02','17:05:27',1),(146,10,'2024-01-05','08:08:56','17:02:54',1),(147,11,'2024-01-05','08:06:02','17:06:07',1),(148,12,'2024-01-05','00:00:00','00:00:00',1),(149,13,'2024-01-05','08:07:28','17:06:37',1),(150,14,'2024-01-05','08:09:57','17:09:45',1),(151,15,'2024-01-05','08:06:51','14:50:26',1),(152,16,'2024-01-05','08:02:09','17:07:38',1),(153,17,'2024-01-05','08:00:23','17:08:43',1),(154,18,'2024-01-05','08:06:41','17:00:21',1),(155,19,'2024-01-05','08:04:53','17:02:05',1),(156,20,'2024-01-05','08:07:34','17:05:08',1),(157,21,'2024-01-05','08:06:53','13:01:34',1),(158,22,'2024-01-05','08:02:12','17:02:34',1),(159,23,'2024-01-05','08:10:06','17:01:26',1),(160,24,'2024-01-05','08:04:13','17:00:01',1),(161,25,'2024-01-05','00:00:00','00:00:00',1),(162,26,'2024-01-05','08:04:03','17:05:52',1),(163,27,'2024-01-05','08:10:23','17:08:44',1),(164,28,'2024-01-05','08:03:11','15:19:31',1),(165,29,'2024-01-05','08:03:08','17:00:04',1),(166,30,'2024-01-05','08:11:53','17:00:18',1),(167,31,'2024-01-05','08:02:24','17:07:33',1),(168,32,'2024-01-05','08:06:09','17:00:49',1),(169,33,'2024-01-05','08:04:29','17:05:16',1),(170,34,'2024-01-05','08:01:52','17:08:13',1),(171,1,'2024-01-08','08:11:33','17:09:36',1),(172,2,'2024-01-08','00:00:00','00:00:00',1),(173,3,'2024-01-08','08:11:39','17:06:56',1),(174,4,'2024-01-08','08:02:16','17:00:40',1),(175,5,'2024-01-08','08:05:24','17:03:00',1),(176,6,'2024-01-08','00:00:00','00:00:00',1),(177,7,'2024-01-08','08:00:23','17:06:02',1),(178,8,'2024-01-08','08:10:43','13:19:49',1),(179,9,'2024-01-08','08:11:13','17:02:54',1),(180,10,'2024-01-08','00:00:00','00:00:00',1),(181,11,'2024-01-08','08:04:17','17:04:50',1),(182,12,'2024-01-08','08:05:12','14:53:12',1),(183,13,'2024-01-08','08:10:43','17:02:29',1),(184,14,'2024-01-08','08:03:35','17:25:00',1),(185,15,'2024-01-08','08:04:56','17:02:26',1),(186,16,'2024-01-08','08:04:37','17:05:40',1),(187,17,'2024-01-08','08:10:47','17:09:07',1),(188,18,'2024-01-08','08:06:12','17:02:05',1),(189,19,'2024-01-08','08:08:24','17:05:25',1),(190,20,'2024-01-08','08:11:39','17:03:51',1),(191,21,'2024-01-08','08:04:58','17:06:18',1),(192,22,'2024-01-08','08:09:04','17:05:23',1),(193,23,'2024-01-08','08:09:31','17:01:21',1),(194,24,'2024-01-08','00:00:00','00:00:00',1),(195,25,'2024-01-08','08:03:51','14:28:17',1),(196,26,'2024-01-08','08:04:01','15:57:25',1),(197,27,'2024-01-08','08:02:03','17:01:13',1),(198,28,'2024-01-08','00:00:00','00:00:00',1),(199,29,'2024-01-08','08:03:20','17:00:49',1),(200,30,'2024-01-08','08:08:49','17:07:25',1),(201,31,'2024-01-08','08:06:51','17:00:55',1),(202,32,'2024-01-08','08:07:40','13:13:59',1),(203,33,'2024-01-08','08:10:09','17:02:21',1),(204,34,'2024-01-08','08:05:57','17:03:54',1),(205,1,'2024-01-09','08:08:33','17:01:28',1),(206,2,'2024-01-09','08:07:57','17:09:41',1),(207,3,'2024-01-09','08:03:51','17:07:05',1),(208,4,'2024-01-09','08:08:56','17:09:16',1),(209,5,'2024-01-09','08:02:11','17:02:25',1),(210,6,'2024-01-09','08:03:28','17:01:33',1),(211,7,'2024-01-09','08:03:45','17:05:56',1),(212,8,'2024-01-09','08:00:14','17:08:30',1),(213,9,'2024-01-09','08:02:30','17:05:45',1),(214,10,'2024-01-09','08:02:25','17:01:28',1),(215,11,'2024-01-09','08:04:11','17:02:03',1),(216,12,'2024-01-09','00:00:00','00:00:00',1),(217,13,'2024-01-09','08:02:02','17:03:17',1),(218,14,'2024-01-09','08:02:36','17:05:10',1),(219,15,'2024-01-09','08:07:35','17:08:51',1),(220,16,'2024-01-09','08:05:58','17:05:24',1),(221,17,'2024-01-09','08:03:11','17:12:43',1),(222,18,'2024-01-09','08:02:11','17:08:45',1),(223,19,'2024-01-09','08:00:55','14:26:40',1),(224,20,'2024-01-09','08:10:38','17:02:06',1),(225,21,'2024-01-09','00:00:00','00:00:00',1),(226,22,'2024-01-09','08:06:41','17:08:27',1),(227,23,'2024-01-09','08:02:15','15:34:20',1),(228,24,'2024-01-09','08:08:42','17:00:51',1),(229,25,'2024-01-09','00:00:00','00:00:00',1),(230,26,'2024-01-09','08:03:35','17:09:51',1),(231,27,'2024-01-09','08:01:16','17:09:57',1),(232,28,'2024-01-09','08:11:00','17:08:13',1),(233,29,'2024-01-09','08:09:33','17:02:45',1),(234,30,'2024-01-09','08:07:53','17:06:03',1),(235,31,'2024-01-09','08:06:24','13:02:40',1),(236,32,'2024-01-09','08:03:26','17:00:13',1),(237,33,'2024-01-09','08:07:19','17:06:31',1),(238,34,'2024-01-09','08:07:10','17:09:45',1),(239,1,'2024-01-10','08:02:59','17:00:10',1),(240,2,'2024-01-10','08:10:56','17:07:29',1),(241,3,'2024-01-10','08:11:10','17:06:10',1),(242,4,'2024-01-10','00:00:00','00:00:00',1),(243,5,'2024-01-10','00:00:00','00:00:00',1),(244,6,'2024-01-10','08:10:26','16:03:19',1),(245,7,'2024-01-10','08:06:46','17:07:58',1),(246,8,'2024-01-10','08:07:57','17:07:46',1),(247,9,'2024-01-10','08:02:10','17:08:08',1),(248,10,'2024-01-10','08:02:35','17:01:59',1),(249,11,'2024-01-10','08:06:18','17:01:09',1),(250,12,'2024-01-10','08:05:10','17:01:35',1),(251,13,'2024-01-10','08:11:29','17:04:00',1),(252,14,'2024-01-10','08:05:15','17:07:17',1),(253,15,'2024-01-10','08:08:32','17:09:38',1),(254,16,'2024-01-10','08:03:41','17:05:13',1),(255,17,'2024-01-10','08:08:46','17:08:27',1),(256,18,'2024-01-10','08:07:43','17:04:59',1),(257,19,'2024-01-10','08:01:01','17:06:40',1),(258,20,'2024-01-10','08:07:27','17:08:26',1),(259,21,'2024-01-10','08:09:37','17:07:31',1),(260,22,'2024-01-10','08:01:37','17:08:57',1),(261,23,'2024-01-10','08:07:07','17:08:33',1),(262,24,'2024-01-10','08:08:17','17:06:54',1),(263,25,'2024-01-10','08:02:37','17:09:04',1),(264,26,'2024-01-10','00:00:00','00:00:00',1),(265,27,'2024-01-10','08:10:35','17:06:45',1),(266,28,'2024-01-10','08:06:03','17:02:56',1),(267,29,'2024-01-10','08:07:36','17:02:06',1),(268,30,'2024-01-10','08:03:16','16:05:40',1),(269,31,'2024-01-10','08:01:11','17:04:28',1),(270,32,'2024-01-10','08:09:34','17:09:31',1),(271,33,'2024-01-10','08:08:16','17:02:09',1),(272,34,'2024-01-10','08:03:33','17:02:53',1),(273,1,'2024-01-11','08:10:07','17:09:55',1),(274,2,'2024-01-11','08:05:26','17:05:15',1),(275,3,'2024-01-11','08:02:29','17:06:30',1),(276,4,'2024-01-11','08:03:26','17:06:20',1),(277,5,'2024-01-11','08:10:46','17:05:14',1),(278,6,'2024-01-11','08:06:53','17:07:09',1),(279,7,'2024-01-11','08:05:25','17:02:26',1),(280,8,'2024-01-11','08:02:53','17:09:27',1),(281,9,'2024-01-11','08:10:53','17:09:51',1),(282,10,'2024-01-11','08:05:11','17:05:26',1),(283,11,'2024-01-11','08:11:07','17:07:51',1),(284,12,'2024-01-11','08:04:59','17:04:44',1),(285,13,'2024-01-11','08:11:29','17:00:47',1),(286,14,'2024-01-11','08:00:35','17:07:02',1),(287,15,'2024-01-11','08:03:52','17:00:38',1),(288,16,'2024-01-11','08:03:43','17:36:08',1),(289,17,'2024-01-11','08:03:20','17:00:24',1),(290,18,'2024-01-11','08:07:33','17:06:49',1),(291,19,'2024-01-11','08:04:19','17:08:36',1),(292,20,'2024-01-11','08:05:31','17:07:19',1),(293,21,'2024-01-11','08:09:58','17:29:08',1),(294,22,'2024-01-11','08:09:30','17:07:56',1),(295,23,'2024-01-11','08:08:20','17:07:20',1),(296,24,'2024-01-11','08:10:22','16:08:47',1),(297,25,'2024-01-11','08:01:23','17:03:36',1),(298,26,'2024-01-11','08:01:23','14:45:31',1),(299,27,'2024-01-11','08:04:26','14:39:55',1),(300,28,'2024-01-11','08:09:39','17:02:49',1),(301,29,'2024-01-11','08:08:20','17:08:06',1),(302,30,'2024-01-11','08:02:40','17:08:56',1),(303,31,'2024-01-11','08:03:29','17:09:47',1),(304,32,'2024-01-11','08:10:20','17:06:07',1),(305,33,'2024-01-11','08:10:25','17:01:31',1),(306,34,'2024-01-11','08:01:41','17:03:12',1),(307,1,'2024-01-12','08:04:15','15:18:14',1),(308,2,'2024-01-12','00:00:00','00:00:00',1),(309,3,'2024-01-12','08:01:26','17:07:07',1),(310,4,'2024-01-12','08:08:36','17:05:51',1),(311,5,'2024-01-12','08:03:46','17:08:57',1),(312,6,'2024-01-12','08:02:39','17:05:15',1),(313,7,'2024-01-12','08:07:17','17:01:50',1),(314,8,'2024-01-12','08:03:27','17:08:15',1),(315,9,'2024-01-12','08:07:17','13:51:46',1),(316,10,'2024-01-12','08:00:11','17:07:28',1),(317,11,'2024-01-12','08:08:41','17:03:30',1),(318,12,'2024-01-12','08:06:06','17:28:31',1),(319,13,'2024-01-12','08:06:04','14:52:09',1),(320,14,'2024-01-12','08:02:25','17:05:28',1),(321,15,'2024-01-12','08:04:11','17:06:22',1),(322,16,'2024-01-12','00:00:00','00:00:00',1),(323,17,'2024-01-12','08:08:03','14:10:51',1),(324,18,'2024-01-12','08:03:07','17:07:15',1),(325,19,'2024-01-12','08:04:11','15:42:16',1),(326,20,'2024-01-12','08:07:10','17:06:38',1),(327,21,'2024-01-12','08:11:01','17:09:38',1),(328,22,'2024-01-12','08:05:24','17:07:45',1),(329,23,'2024-01-12','08:01:26','17:02:58',1),(330,24,'2024-01-12','00:00:00','00:00:00',1),(331,25,'2024-01-12','08:01:22','17:03:56',1),(332,26,'2024-01-12','08:05:12','17:06:07',1),(333,27,'2024-01-12','08:02:41','17:07:20',1),(334,28,'2024-01-12','08:01:45','17:02:00',1),(335,29,'2024-01-12','08:01:59','17:05:24',1),(336,30,'2024-01-12','08:08:57','17:07:54',1),(337,31,'2024-01-12','08:07:40','17:06:54',1),(338,32,'2024-01-12','08:07:13','14:02:07',1),(339,33,'2024-01-12','08:04:33','17:08:35',1),(340,34,'2024-01-12','08:02:17','17:06:50',1),(341,1,'2024-01-15','08:00:01','17:09:41',1),(342,2,'2024-01-15','08:01:17','17:06:09',1),(343,3,'2024-01-15','08:07:30','17:00:14',1),(344,4,'2024-01-15','08:03:57','17:01:30',1),(345,5,'2024-01-15','08:10:19','17:04:10',1),(346,6,'2024-01-15','08:03:49','17:07:32',1),(347,7,'2024-01-15','08:01:46','17:00:07',1),(348,8,'2024-01-15','08:08:36','17:00:57',1),(349,9,'2024-01-15','08:02:45','17:09:58',1),(350,10,'2024-01-15','08:02:23','17:01:05',1),(351,11,'2024-01-15','08:07:55','17:05:44',1),(352,12,'2024-01-15','08:03:41','17:09:59',1),(353,13,'2024-01-15','08:07:33','17:06:49',1),(354,14,'2024-01-15','08:05:47','17:05:39',1),(355,15,'2024-01-15','08:04:58','17:00:01',1),(356,16,'2024-01-15','08:06:32','17:02:12',1),(357,17,'2024-01-15','08:02:27','17:06:02',1),(358,18,'2024-01-15','08:01:11','17:01:47',1),(359,19,'2024-01-15','00:00:00','00:00:00',1),(360,20,'2024-01-15','08:09:48','17:07:14',1),(361,21,'2024-01-15','08:09:31','17:02:53',1),(362,22,'2024-01-15','08:00:37','17:01:31',1),(363,23,'2024-01-15','08:10:43','16:24:54',1),(364,24,'2024-01-15','08:07:37','17:08:35',1),(365,25,'2024-01-15','08:11:01','17:02:12',1),(366,26,'2024-01-15','08:01:15','17:09:44',1),(367,27,'2024-01-15','08:01:16','17:04:52',1),(368,28,'2024-01-15','08:09:43','17:08:18',1),(369,29,'2024-01-15','08:08:45','17:03:34',1),(370,30,'2024-01-15','08:09:11','17:09:42',1),(371,31,'2024-01-15','08:04:34','17:00:04',1),(372,32,'2024-01-15','08:02:09','17:01:14',1),(373,33,'2024-01-15','08:09:21','17:07:22',1),(374,34,'2024-01-15','08:06:52','17:06:56',1),(375,1,'2024-01-16','08:05:33','17:05:22',1),(376,2,'2024-01-16','08:11:30','14:02:59',1),(377,3,'2024-01-16','08:03:53','17:04:25',1),(378,4,'2024-01-16','08:07:19','17:02:21',1),(379,5,'2024-01-16','08:01:19','17:06:26',1),(380,6,'2024-01-16','08:10:34','17:01:54',1),(381,7,'2024-01-16','08:00:20','17:04:51',1),(382,8,'2024-01-16','08:02:17','17:03:48',1),(383,9,'2024-01-16','08:10:50','17:00:19',1),(384,10,'2024-01-16','08:04:46','17:04:42',1),(385,11,'2024-01-16','00:00:00','00:00:00',1),(386,12,'2024-01-16','08:00:13','17:05:33',1),(387,13,'2024-01-16','08:00:36','14:18:07',1),(388,14,'2024-01-16','08:07:29','17:09:05',1),(389,15,'2024-01-16','08:09:19','17:08:24',1),(390,16,'2024-01-16','08:09:31','17:01:38',1),(391,17,'2024-01-16','08:07:14','17:09:23',1),(392,18,'2024-01-16','08:05:12','17:04:20',1),(393,19,'2024-01-16','08:00:19','17:01:49',1),(394,20,'2024-01-16','08:07:16','17:02:44',1),(395,21,'2024-01-16','08:00:11','16:15:53',1),(396,22,'2024-01-16','08:08:57','17:07:37',1),(397,23,'2024-01-16','08:02:11','15:06:23',1),(398,24,'2024-01-16','08:04:14','17:09:55',1),(399,25,'2024-01-16','08:04:24','14:48:44',1),(400,26,'2024-01-16','08:02:06','17:04:42',1),(401,27,'2024-01-16','08:07:09','17:07:23',1),(402,28,'2024-01-16','00:00:00','00:00:00',1),(403,29,'2024-01-16','08:11:45','16:15:56',1),(404,30,'2024-01-16','00:00:00','00:00:00',1),(405,31,'2024-01-16','08:02:04','17:05:53',1),(406,32,'2024-01-16','08:05:58','17:23:23',1),(407,33,'2024-01-16','08:01:30','17:02:31',1),(408,34,'2024-01-16','08:11:36','17:03:10',1),(409,1,'2024-01-17','08:09:44','17:03:54',1),(410,2,'2024-01-17','08:06:51','13:03:28',1),(411,3,'2024-01-17','08:11:56','16:51:49',1),(412,4,'2024-01-17','08:09:51','17:09:31',1),(413,5,'2024-01-17','08:11:26','15:33:39',1),(414,6,'2024-01-17','08:06:41','17:06:57',1),(415,7,'2024-01-17','08:03:34','17:06:18',1),(416,8,'2024-01-17','08:08:30','17:04:28',1),(417,9,'2024-01-17','08:07:16','17:09:52',1),(418,10,'2024-01-17','08:08:12','17:03:29',1),(419,11,'2024-01-17','08:07:58','17:00:17',1),(420,12,'2024-01-17','08:02:12','17:07:07',1),(421,13,'2024-01-17','08:08:10','17:42:40',1),(422,14,'2024-01-17','00:00:00','00:00:00',1),(423,15,'2024-01-17','08:11:21','17:09:28',1),(424,16,'2024-01-17','08:01:33','17:05:25',1),(425,17,'2024-01-17','08:11:35','17:06:05',1),(426,18,'2024-01-17','08:00:40','17:03:30',1),(427,19,'2024-01-17','08:08:31','17:01:19',1),(428,20,'2024-01-17','08:11:28','17:08:10',1),(429,21,'2024-01-17','08:01:10','13:46:57',1),(430,22,'2024-01-17','08:05:48','17:03:32',1),(431,23,'2024-01-17','08:11:25','17:00:01',1),(432,24,'2024-01-17','08:03:30','17:06:25',1),(433,25,'2024-01-17','08:06:05','17:03:25',1),(434,26,'2024-01-17','08:03:15','17:09:53',1),(435,27,'2024-01-17','08:00:06','15:54:07',1),(436,28,'2024-01-17','08:05:48','16:01:40',1),(437,29,'2024-01-17','08:07:04','15:31:19',1),(438,30,'2024-01-17','08:00:35','17:02:11',1),(439,31,'2024-01-17','08:07:39','17:03:12',1),(440,32,'2024-01-17','08:00:49','17:04:53',1),(441,33,'2024-01-17','08:01:47','17:09:00',1),(442,34,'2024-01-17','08:04:21','17:06:44',1),(443,1,'2024-01-18','08:01:30','17:04:36',1),(444,2,'2024-01-18','08:04:00','17:02:10',1),(445,3,'2024-01-18','08:06:03','17:26:32',1),(446,4,'2024-01-18','00:00:00','00:00:00',1),(447,5,'2024-01-18','08:09:04','17:09:28',1),(448,6,'2024-01-18','08:02:40','17:04:45',1),(449,7,'2024-01-18','08:10:17','17:02:55',1),(450,8,'2024-01-18','08:00:17','17:06:41',1),(451,9,'2024-01-18','08:09:20','15:29:51',1),(452,10,'2024-01-18','08:09:27','17:09:35',1),(453,11,'2024-01-18','00:00:00','00:00:00',1),(454,12,'2024-01-18','08:04:03','17:02:56',1),(455,13,'2024-01-18','08:01:15','17:01:26',1),(456,14,'2024-01-18','08:07:56','14:37:03',1),(457,15,'2024-01-18','08:05:54','17:02:56',1),(458,16,'2024-01-18','08:07:28','17:00:38',1),(459,17,'2024-01-18','08:09:13','17:01:32',1),(460,18,'2024-01-18','08:01:45','17:09:56',1),(461,19,'2024-01-18','08:02:20','14:11:24',1),(462,20,'2024-01-18','08:03:06','17:09:07',1),(463,21,'2024-01-18','00:00:00','00:00:00',1),(464,22,'2024-01-18','08:11:18','14:12:49',1),(465,23,'2024-01-18','08:11:38','17:04:47',1),(466,24,'2024-01-18','08:09:37','17:05:14',1),(467,25,'2024-01-18','00:00:00','00:00:00',1),(468,26,'2024-01-18','08:01:50','14:41:36',1),(469,27,'2024-01-18','08:03:25','17:09:31',1),(470,28,'2024-01-18','08:10:10','17:01:33',1),(471,29,'2024-01-18','08:11:12','17:04:55',1),(472,30,'2024-01-18','08:02:45','17:01:12',1),(473,31,'2024-01-18','08:06:53','15:42:28',1),(474,32,'2024-01-18','08:11:14','17:06:16',1),(475,33,'2024-01-18','08:02:02','17:00:59',1),(476,34,'2024-01-18','08:01:35','15:21:20',1),(477,1,'2024-01-19','08:09:07','17:27:52',1),(478,2,'2024-01-19','08:03:00','17:02:55',1),(479,3,'2024-01-19','00:00:00','00:00:00',1),(480,4,'2024-01-19','08:10:35','17:03:10',1),(481,5,'2024-01-19','08:07:50','17:01:22',1),(482,6,'2024-01-19','08:08:23','17:00:49',1),(483,7,'2024-01-19','08:06:06','15:50:22',1),(484,8,'2024-01-19','08:09:16','17:05:21',1),(485,9,'2024-01-19','08:05:08','15:48:03',1),(486,10,'2024-01-19','08:03:10','17:04:20',1),(487,11,'2024-01-19','08:00:38','17:04:03',1),(488,12,'2024-01-19','00:00:00','00:00:00',1),(489,13,'2024-01-19','08:09:15','17:00:16',1),(490,14,'2024-01-19','08:11:04','17:02:19',1),(491,15,'2024-01-19','08:05:24','17:09:20',1),(492,16,'2024-01-19','08:08:26','17:49:16',1),(493,17,'2024-01-19','08:03:53','17:01:38',1),(494,18,'2024-01-19','08:09:04','17:05:49',1),(495,19,'2024-01-19','08:10:43','17:05:34',1),(496,20,'2024-01-19','08:11:19','16:00:19',1),(497,21,'2024-01-19','08:03:03','17:04:03',1),(498,22,'2024-01-19','08:00:37','17:09:17',1),(499,23,'2024-01-19','08:11:14','17:07:08',1),(500,24,'2024-01-19','08:03:51','13:43:03',1),(501,25,'2024-01-19','08:09:50','17:01:38',1),(502,26,'2024-01-19','08:08:52','17:02:29',1),(503,27,'2024-01-19','08:00:49','17:08:23',1),(504,28,'2024-01-19','08:10:02','17:08:52',1),(505,29,'2024-01-19','08:00:51','17:07:55',1),(506,30,'2024-01-19','08:11:10','17:03:32',1),(507,31,'2024-01-19','08:06:47','17:08:47',1),(508,32,'2024-01-19','08:06:16','17:01:47',1),(509,33,'2024-01-19','08:05:51','17:09:35',1),(510,34,'2024-01-19','08:08:49','14:10:54',1),(511,1,'2024-01-22','08:08:12','17:06:00',1),(512,2,'2024-01-22','08:02:08','17:06:22',1),(513,3,'2024-01-22','08:09:07','17:07:36',1),(514,4,'2024-01-22','08:10:07','13:07:02',1),(515,5,'2024-01-22','08:01:01','17:04:19',1),(516,6,'2024-01-22','08:11:12','17:03:12',1),(517,7,'2024-01-22','08:02:11','17:05:29',1),(518,8,'2024-01-22','08:05:55','17:41:53',1),(519,9,'2024-01-22','08:08:56','17:29:41',1),(520,10,'2024-01-22','08:04:27','17:01:28',1),(521,11,'2024-01-22','08:07:15','17:05:08',1),(522,12,'2024-01-22','08:04:27','17:08:25',1),(523,13,'2024-01-22','08:03:09','17:06:02',1),(524,14,'2024-01-22','08:04:37','15:32:28',1),(525,15,'2024-01-22','08:10:50','17:06:09',1),(526,16,'2024-01-22','08:09:30','17:03:05',1),(527,17,'2024-01-22','00:00:00','00:00:00',1),(528,18,'2024-01-22','08:02:44','17:08:00',1),(529,19,'2024-01-22','08:01:35','16:48:02',1),(530,20,'2024-01-22','08:09:10','17:08:53',1),(531,21,'2024-01-22','08:05:36','17:03:08',1),(532,22,'2024-01-22','08:10:23','17:04:23',1),(533,23,'2024-01-22','08:05:46','17:01:22',1),(534,24,'2024-01-22','08:02:45','17:12:46',1),(535,25,'2024-01-22','08:04:34','17:00:32',1),(536,26,'2024-01-22','08:02:47','17:04:16',1),(537,27,'2024-01-22','08:03:31','17:00:19',1),(538,28,'2024-01-22','08:00:14','17:01:48',1),(539,29,'2024-01-22','08:11:29','17:02:52',1),(540,30,'2024-01-22','08:03:54','17:05:57',1),(541,31,'2024-01-22','08:05:33','17:06:33',1),(542,32,'2024-01-22','08:08:58','17:00:45',1),(543,33,'2024-01-22','08:08:25','17:03:19',1),(544,34,'2024-01-22','08:01:43','17:06:17',1),(545,1,'2024-01-23','08:11:21','17:01:29',1),(546,2,'2024-01-23','08:11:54','15:31:27',1),(547,3,'2024-01-23','08:04:49','17:01:33',1),(548,4,'2024-01-23','08:10:11','17:07:05',1),(549,5,'2024-01-23','08:11:38','17:07:09',1),(550,6,'2024-01-23','08:09:02','17:00:52',1),(551,7,'2024-01-23','08:03:18','17:07:27',1),(552,8,'2024-01-23','08:01:08','14:53:24',1),(553,9,'2024-01-23','08:06:20','17:04:27',1),(554,10,'2024-01-23','08:10:56','16:01:55',1),(555,11,'2024-01-23','08:01:24','15:01:49',1),(556,12,'2024-01-23','08:00:00','13:57:20',1),(557,13,'2024-01-23','08:10:42','17:02:39',1),(558,14,'2024-01-23','08:07:44','17:08:15',1),(559,15,'2024-01-23','08:00:41','17:08:06',1),(560,16,'2024-01-23','08:03:44','17:08:10',1),(561,17,'2024-01-23','00:00:00','00:00:00',1),(562,18,'2024-01-23','08:01:49','17:07:59',1),(563,19,'2024-01-23','00:00:00','00:00:00',1),(564,20,'2024-01-23','08:02:41','16:29:46',1),(565,21,'2024-01-23','08:11:57','17:06:34',1),(566,22,'2024-01-23','08:04:01','17:04:17',1),(567,23,'2024-01-23','00:00:00','00:00:00',1),(568,24,'2024-01-23','08:03:53','17:03:54',1),(569,25,'2024-01-23','08:08:37','17:56:34',1),(570,26,'2024-01-23','08:02:54','17:07:20',1),(571,27,'2024-01-23','08:08:43','17:02:53',1),(572,28,'2024-01-23','08:01:23','17:08:46',1),(573,29,'2024-01-23','08:02:24','17:07:34',1),(574,30,'2024-01-23','08:00:51','17:01:57',1),(575,31,'2024-01-23','00:00:00','00:00:00',1),(576,32,'2024-01-23','08:11:10','17:07:05',1),(577,33,'2024-01-23','08:00:29','17:09:26',1),(578,34,'2024-01-23','08:02:20','17:07:41',1),(579,1,'2024-01-24','08:02:38','13:35:18',1),(580,2,'2024-01-24','08:10:38','17:02:22',1),(581,3,'2024-01-24','08:05:11','17:04:24',1),(582,4,'2024-01-24','08:02:56','17:00:27',1),(583,5,'2024-01-24','08:06:02','17:04:26',1),(584,6,'2024-01-24','08:00:12','16:33:52',1),(585,7,'2024-01-24','08:03:38','17:05:29',1),(586,8,'2024-01-24','08:01:23','13:45:53',1),(587,9,'2024-01-24','08:06:09','17:06:29',1),(588,10,'2024-01-24','08:06:22','17:05:45',1),(589,11,'2024-01-24','08:04:33','17:02:17',1),(590,12,'2024-01-24','08:10:29','17:05:27',1),(591,13,'2024-01-24','08:03:42','17:06:34',1),(592,14,'2024-01-24','08:06:25','17:05:02',1),(593,15,'2024-01-24','00:00:00','00:00:00',1),(594,16,'2024-01-24','08:07:33','17:08:25',1),(595,17,'2024-01-24','08:03:24','17:05:50',1),(596,18,'2024-01-24','08:10:41','17:03:00',1),(597,19,'2024-01-24','08:02:03','17:00:25',1),(598,20,'2024-01-24','08:09:44','17:00:48',1),(599,21,'2024-01-24','08:02:30','17:08:23',1),(600,22,'2024-01-24','08:05:34','17:05:13',1),(601,23,'2024-01-24','08:03:23','17:07:05',1),(602,24,'2024-01-24','08:03:20','17:08:22',1),(603,25,'2024-01-24','08:09:47','17:08:17',1),(604,26,'2024-01-24','08:03:49','17:00:23',1),(605,27,'2024-01-24','08:06:24','17:07:15',1),(606,28,'2024-01-24','08:04:35','17:06:11',1),(607,29,'2024-01-24','08:08:37','17:54:07',1),(608,30,'2024-01-24','08:11:45','17:01:38',1),(609,31,'2024-01-24','08:08:27','17:02:26',1),(610,32,'2024-01-24','08:05:57','17:08:16',1),(611,33,'2024-01-24','08:01:54','17:02:25',1),(612,34,'2024-01-24','08:01:23','16:08:26',1),(613,1,'2024-01-25','08:09:09','17:03:06',1),(614,2,'2024-01-25','00:00:00','00:00:00',1),(615,3,'2024-01-25','00:00:00','00:00:00',1),(616,4,'2024-01-25','08:10:40','17:08:02',1),(617,5,'2024-01-25','08:11:06','17:07:01',1),(618,6,'2024-01-25','08:08:47','17:06:59',1),(619,7,'2024-01-25','08:06:12','17:09:15',1),(620,8,'2024-01-25','08:04:11','17:04:57',1),(621,9,'2024-01-25','08:08:22','17:08:35',1),(622,10,'2024-01-25','08:03:55','17:05:12',1),(623,11,'2024-01-25','08:04:22','17:03:12',1),(624,12,'2024-01-25','08:00:38','17:08:53',1),(625,13,'2024-01-25','00:00:00','00:00:00',1),(626,14,'2024-01-25','08:05:37','17:07:32',1),(627,15,'2024-01-25','08:08:14','17:09:07',1),(628,16,'2024-01-25','08:10:51','17:04:25',1),(629,17,'2024-01-25','08:05:28','17:08:55',1),(630,18,'2024-01-25','00:00:00','00:00:00',1),(631,19,'2024-01-25','08:10:03','17:08:24',1),(632,20,'2024-01-25','08:05:59','17:09:14',1),(633,21,'2024-01-25','08:01:42','17:09:35',1),(634,22,'2024-01-25','08:09:54','17:03:56',1),(635,23,'2024-01-25','08:07:03','17:02:03',1),(636,24,'2024-01-25','08:00:18','17:06:14',1),(637,25,'2024-01-25','08:03:27','16:51:14',1),(638,26,'2024-01-25','08:01:57','17:02:45',1),(639,27,'2024-01-25','08:06:20','17:02:06',1),(640,28,'2024-01-25','08:06:36','17:06:24',1),(641,29,'2024-01-25','08:05:32','17:05:14',1),(642,30,'2024-01-25','08:04:30','17:05:58',1),(643,31,'2024-01-25','08:06:09','14:51:13',1),(644,32,'2024-01-25','08:08:33','17:08:54',1),(645,33,'2024-01-25','08:02:33','13:45:37',1),(646,34,'2024-01-25','08:08:12','14:52:30',1),(647,1,'2024-01-26','08:11:07','17:09:01',1),(648,2,'2024-01-26','08:08:05','17:05:35',1),(649,3,'2024-01-26','08:02:11','17:02:57',1),(650,4,'2024-01-26','08:00:05','17:09:06',1),(651,5,'2024-01-26','08:07:26','15:28:39',1),(652,6,'2024-01-26','08:06:35','15:50:53',1),(653,7,'2024-01-26','08:03:47','17:01:33',1),(654,8,'2024-01-26','08:09:08','17:03:50',1),(655,9,'2024-01-26','08:00:47','17:03:53',1),(656,10,'2024-01-26','08:11:48','17:03:13',1),(657,11,'2024-01-26','00:00:00','00:00:00',1),(658,12,'2024-01-26','08:04:12','17:01:38',1),(659,13,'2024-01-26','08:08:45','17:04:04',1),(660,14,'2024-01-26','08:05:41','17:15:32',1),(661,15,'2024-01-26','08:10:02','17:02:06',1),(662,16,'2024-01-26','08:08:06','17:00:59',1),(663,17,'2024-01-26','08:05:54','17:06:38',1),(664,18,'2024-01-26','08:08:20','17:03:17',1),(665,19,'2024-01-26','08:02:28','17:01:10',1),(666,20,'2024-01-26','08:00:00','17:09:30',1),(667,21,'2024-01-26','08:00:02','17:05:39',1),(668,22,'2024-01-26','08:01:51','17:06:01',1),(669,23,'2024-01-26','08:06:12','17:00:51',1),(670,24,'2024-01-26','08:00:04','17:08:00',1),(671,25,'2024-01-26','08:02:36','13:12:43',1),(672,26,'2024-01-26','08:08:55','17:05:27',1),(673,27,'2024-01-26','08:04:18','15:28:15',1),(674,28,'2024-01-26','08:09:04','13:05:04',1),(675,29,'2024-01-26','08:08:47','16:53:43',1),(676,30,'2024-01-26','08:00:50','17:04:21',1),(677,31,'2024-01-26','08:09:26','17:05:47',1),(678,32,'2024-01-26','08:11:20','17:04:25',1),(679,33,'2024-01-26','08:11:59','17:06:55',1),(680,34,'2024-01-26','08:00:04','17:06:57',1),(681,1,'2024-01-29','08:01:40','17:04:51',1),(682,2,'2024-01-29','08:08:56','17:05:15',1),(683,3,'2024-01-29','08:02:20','13:15:38',1),(684,4,'2024-01-29','08:01:22','17:03:33',1),(685,5,'2024-01-29','08:03:20','15:47:56',1),(686,6,'2024-01-29','08:01:39','17:02:46',1),(687,7,'2024-01-29','08:03:13','17:01:38',1),(688,8,'2024-01-29','08:02:13','17:06:49',1),(689,9,'2024-01-29','08:02:05','17:00:40',1),(690,10,'2024-01-29','08:07:33','17:06:43',1),(691,11,'2024-01-29','08:11:12','17:05:22',1),(692,12,'2024-01-29','08:10:33','17:03:02',1),(693,13,'2024-01-29','08:01:12','17:03:06',1),(694,14,'2024-01-29','08:06:56','17:02:32',1),(695,15,'2024-01-29','00:00:00','00:00:00',1),(696,16,'2024-01-29','08:08:14','14:03:02',1),(697,17,'2024-01-29','08:05:08','17:59:45',1),(698,18,'2024-01-29','08:08:39','17:05:34',1),(699,19,'2024-01-29','08:06:46','17:34:58',1),(700,20,'2024-01-29','08:07:19','17:05:38',1),(701,21,'2024-01-29','08:02:48','17:03:05',1),(702,22,'2024-01-29','08:00:13','17:20:21',1),(703,23,'2024-01-29','00:00:00','00:00:00',1),(704,24,'2024-01-29','08:05:39','15:45:18',1),(705,25,'2024-01-29','00:00:00','00:00:00',1),(706,26,'2024-01-29','08:07:35','17:07:46',1),(707,27,'2024-01-29','08:07:46','17:09:13',1),(708,28,'2024-01-29','08:00:21','17:09:10',1),(709,29,'2024-01-29','08:07:04','17:04:00',1),(710,30,'2024-01-29','00:00:00','00:00:00',1),(711,31,'2024-01-29','08:05:18','17:03:36',1),(712,32,'2024-01-29','08:07:22','17:08:50',1),(713,33,'2024-01-29','08:01:08','17:01:06',1),(714,34,'2024-01-29','08:03:36','17:01:05',1),(715,1,'2024-01-30','08:03:50','17:01:08',1),(716,2,'2024-01-30','08:04:11','17:00:18',1),(717,3,'2024-01-30','00:00:00','00:00:00',1),(718,4,'2024-01-30','08:04:06','13:55:54',1),(719,5,'2024-01-30','00:00:00','00:00:00',1),(720,6,'2024-01-30','08:07:33','17:00:35',1),(721,7,'2024-01-30','08:01:50','17:05:36',1),(722,8,'2024-01-30','08:06:09','16:11:41',1),(723,9,'2024-01-30','08:04:03','17:05:19',1),(724,10,'2024-01-30','08:04:01','17:05:52',1),(725,11,'2024-01-30','00:00:00','00:00:00',1),(726,12,'2024-01-30','00:00:00','00:00:00',1),(727,13,'2024-01-30','08:00:21','14:27:38',1),(728,14,'2024-01-30','08:10:43','17:01:57',1),(729,15,'2024-01-30','08:07:25','17:00:45',1),(730,16,'2024-01-30','08:02:29','17:07:51',1),(731,17,'2024-01-30','08:01:25','15:27:42',1),(732,18,'2024-01-30','08:11:26','17:09:13',1),(733,19,'2024-01-30','08:02:42','17:09:06',1),(734,20,'2024-01-30','08:09:07','13:13:56',1),(735,21,'2024-01-30','08:03:14','14:20:11',1),(736,22,'2024-01-30','08:00:16','17:01:19',1),(737,23,'2024-01-30','08:10:42','17:04:51',1),(738,24,'2024-01-30','08:07:32','17:02:27',1),(739,25,'2024-01-30','08:08:17','14:18:07',1),(740,26,'2024-01-30','08:01:26','17:02:52',1),(741,27,'2024-01-30','08:09:27','17:04:21',1),(742,28,'2024-01-30','08:11:45','17:01:28',1),(743,29,'2024-01-30','00:00:00','00:00:00',1),(744,30,'2024-01-30','08:07:26','15:54:01',1),(745,31,'2024-01-30','08:09:01','17:03:52',1),(746,32,'2024-01-30','08:10:02','17:03:20',1),(747,33,'2024-01-30','08:03:01','17:02:33',1),(748,34,'2024-01-30','08:02:00','17:08:21',1),(749,1,'2024-01-31','08:06:27','17:08:19',1),(750,2,'2024-01-31','08:05:00','15:58:51',1),(751,3,'2024-01-31','00:00:00','00:00:00',1),(752,4,'2024-01-31','08:06:58','17:01:03',1),(753,5,'2024-01-31','08:02:18','17:06:12',1),(754,6,'2024-01-31','08:01:03','17:06:05',1),(755,7,'2024-01-31','08:06:01','17:07:16',1),(756,8,'2024-01-31','08:01:01','17:07:57',1),(757,9,'2024-01-31','08:09:38','17:00:57',1),(758,10,'2024-01-31','08:06:45','17:09:25',1),(759,11,'2024-01-31','08:06:17','17:09:51',1),(760,12,'2024-01-31','08:08:59','17:03:17',1),(761,13,'2024-01-31','08:07:13','17:25:52',1),(762,14,'2024-01-31','08:09:29','17:03:56',1),(763,15,'2024-01-31','08:11:24','17:03:14',1),(764,16,'2024-01-31','08:03:46','14:44:37',1),(765,17,'2024-01-31','08:05:39','17:08:11',1),(766,18,'2024-01-31','08:03:45','17:48:11',1),(767,19,'2024-01-31','08:02:49','17:02:40',1),(768,20,'2024-01-31','08:04:03','17:09:42',1),(769,21,'2024-01-31','08:06:45','17:00:00',1),(770,22,'2024-01-31','08:01:08','17:09:32',1),(771,23,'2024-01-31','08:10:30','17:03:03',1),(772,24,'2024-01-31','08:05:53','17:07:57',1),(773,25,'2024-01-31','08:08:32','17:06:15',1),(774,26,'2024-01-31','08:11:19','17:08:11',1),(775,27,'2024-01-31','08:09:48','17:05:42',1),(776,28,'2024-01-31','08:02:36','17:09:45',1),(777,29,'2024-01-31','08:00:08','16:52:09',1),(778,30,'2024-01-31','08:06:04','15:56:43',1),(779,31,'2024-01-31','08:08:19','17:06:06',1),(780,32,'2024-01-31','08:10:17','17:06:33',1),(781,33,'2024-01-31','08:01:35','14:01:21',1),(782,34,'2024-01-31','08:05:03','17:00:22',1),(783,1,'2024-02-01','08:05:12','17:03:12',2),(784,2,'2024-02-01','08:03:34','17:05:01',2),(785,3,'2024-02-01','00:00:00','00:00:00',2),(786,4,'2024-02-01','08:08:48','17:03:52',2),(787,5,'2024-02-01','08:04:58','13:35:30',2),(788,6,'2024-02-01','08:03:41','17:02:41',2),(789,7,'2024-02-01','08:08:07','17:00:07',2),(790,8,'2024-02-01','08:04:27','15:19:07',2),(791,9,'2024-02-01','08:06:39','17:03:14',2),(792,10,'2024-02-01','08:04:44','17:01:57',2),(793,11,'2024-02-01','00:00:00','00:00:00',2),(794,12,'2024-02-01','08:02:00','17:06:22',2),(795,13,'2024-02-01','08:03:04','17:09:26',2),(796,14,'2024-02-01','08:07:31','17:08:24',2),(797,15,'2024-02-01','08:03:22','17:07:10',2),(798,16,'2024-02-01','08:09:21','17:00:30',2),(799,17,'2024-02-01','00:00:00','00:00:00',2),(800,18,'2024-02-01','08:08:00','17:03:02',2),(801,19,'2024-02-01','08:02:14','17:09:57',2),(802,20,'2024-02-01','08:02:19','15:13:32',2),(803,21,'2024-02-01','08:02:50','17:08:03',2),(804,22,'2024-02-01','08:07:09','17:06:29',2),(805,23,'2024-02-01','08:04:20','15:25:10',2),(806,24,'2024-02-01','08:02:35','17:00:00',2),(807,25,'2024-02-01','08:11:51','17:06:07',2),(808,26,'2024-02-01','00:00:00','00:00:00',2),(809,27,'2024-02-01','08:01:14','16:28:14',2),(810,28,'2024-02-01','08:01:56','17:00:26',2),(811,29,'2024-02-01','08:11:35','17:08:20',2),(812,30,'2024-02-01','00:00:00','00:00:00',2),(813,31,'2024-02-01','08:05:55','17:08:02',2),(814,32,'2024-02-01','08:11:18','17:09:56',2),(815,33,'2024-02-01','08:05:27','14:28:58',2),(816,34,'2024-02-01','08:06:00','17:07:04',2),(817,1,'2024-02-02','08:05:49','17:00:30',2),(818,2,'2024-02-02','08:10:42','13:19:23',2),(819,3,'2024-02-02','08:08:37','17:04:10',2),(820,4,'2024-02-02','00:00:00','00:00:00',2),(821,5,'2024-02-02','08:01:50','17:01:42',2),(822,6,'2024-02-02','08:04:37','17:06:47',2),(823,7,'2024-02-02','08:04:15','16:02:57',2),(824,8,'2024-02-02','08:06:25','17:07:04',2),(825,9,'2024-02-02','08:02:34','17:06:40',2),(826,10,'2024-02-02','08:02:17','17:04:20',2),(827,11,'2024-02-02','08:06:50','17:05:52',2),(828,12,'2024-02-02','08:07:45','17:09:38',2),(829,13,'2024-02-02','08:08:22','17:03:34',2),(830,14,'2024-02-02','08:09:47','14:47:14',2),(831,15,'2024-02-02','08:07:51','17:02:02',2),(832,16,'2024-02-02','08:02:49','16:35:08',2),(833,17,'2024-02-02','08:09:13','17:03:47',2),(834,18,'2024-02-02','08:08:53','17:02:14',2),(835,19,'2024-02-02','08:11:40','17:05:59',2),(836,20,'2024-02-02','08:08:01','17:09:17',2),(837,21,'2024-02-02','08:11:49','14:28:17',2),(838,22,'2024-02-02','08:02:41','17:05:35',2),(839,23,'2024-02-02','08:08:03','17:00:56',2),(840,24,'2024-02-02','08:04:36','17:08:13',2),(841,25,'2024-02-02','00:00:00','00:00:00',2),(842,26,'2024-02-02','08:09:51','17:00:52',2),(843,27,'2024-02-02','08:09:19','13:22:02',2),(844,28,'2024-02-02','08:10:04','17:04:05',2),(845,29,'2024-02-02','08:07:40','14:59:30',2),(846,30,'2024-02-02','08:11:54','17:09:04',2),(847,31,'2024-02-02','00:00:00','00:00:00',2),(848,32,'2024-02-02','08:01:21','17:08:20',2),(849,33,'2024-02-02','08:08:12','17:08:41',2),(850,34,'2024-02-02','08:05:02','17:03:11',2),(851,1,'2024-02-05','08:05:22','17:07:08',2),(852,2,'2024-02-05','08:03:39','17:02:41',2),(853,3,'2024-02-05','08:03:03','17:01:42',2),(854,4,'2024-02-05','08:07:17','17:07:57',2),(855,5,'2024-02-05','08:04:42','17:08:48',2),(856,6,'2024-02-05','08:06:41','17:03:38',2),(857,7,'2024-02-05','08:06:57','17:09:16',2),(858,8,'2024-02-05','08:11:14','17:02:50',2),(859,9,'2024-02-05','08:06:27','17:06:41',2),(860,10,'2024-02-05','08:00:00','17:06:16',2),(861,11,'2024-02-05','08:11:27','16:47:02',2),(862,12,'2024-02-05','08:04:08','17:05:40',2),(863,13,'2024-02-05','08:07:20','17:03:47',2),(864,14,'2024-02-05','08:06:35','17:04:05',2),(865,15,'2024-02-05','08:01:53','17:01:35',2),(866,16,'2024-02-05','08:05:26','17:08:18',2),(867,17,'2024-02-05','08:04:16','17:06:35',2),(868,18,'2024-02-05','08:10:08','17:03:14',2),(869,19,'2024-02-05','08:02:13','17:01:16',2),(870,20,'2024-02-05','08:00:08','17:07:15',2),(871,21,'2024-02-05','08:05:33','17:29:40',2),(872,22,'2024-02-05','00:00:00','00:00:00',2),(873,23,'2024-02-05','08:11:28','17:11:27',2),(874,24,'2024-02-05','00:00:00','00:00:00',2),(875,25,'2024-02-05','08:04:04','17:06:22',2),(876,26,'2024-02-05','08:03:05','17:08:36',2),(877,27,'2024-02-05','00:00:00','00:00:00',2),(878,28,'2024-02-05','08:06:14','17:06:59',2),(879,29,'2024-02-05','08:02:30','17:00:16',2),(880,30,'2024-02-05','08:09:16','15:42:06',2),(881,31,'2024-02-05','08:09:45','17:09:44',2),(882,32,'2024-02-05','08:10:44','15:07:01',2),(883,33,'2024-02-05','08:02:57','17:06:09',2),(884,34,'2024-02-05','08:03:14','13:17:54',2),(885,1,'2024-02-06','08:09:09','17:07:53',2),(886,2,'2024-02-06','08:05:39','15:49:58',2),(887,3,'2024-02-06','08:05:52','17:03:53',2),(888,4,'2024-02-06','08:01:55','17:08:44',2),(889,5,'2024-02-06','08:11:29','17:09:58',2),(890,6,'2024-02-06','08:10:10','17:56:28',2),(891,7,'2024-02-06','00:00:00','00:00:00',2),(892,8,'2024-02-06','08:08:08','17:01:18',2),(893,9,'2024-02-06','00:00:00','00:00:00',2),(894,10,'2024-02-06','08:08:25','17:03:03',2),(895,11,'2024-02-06','08:07:05','17:05:29',2),(896,12,'2024-02-06','08:03:11','17:06:21',2),(897,13,'2024-02-06','08:07:19','17:08:54',2),(898,14,'2024-02-06','08:00:39','17:03:53',2),(899,15,'2024-02-06','08:08:36','17:02:03',2),(900,16,'2024-02-06','08:00:38','17:04:57',2),(901,17,'2024-02-06','08:03:35','17:00:35',2),(902,18,'2024-02-06','08:01:31','17:02:02',2),(903,19,'2024-02-06','08:10:37','14:14:24',2),(904,20,'2024-02-06','08:01:05','13:31:52',2),(905,21,'2024-02-06','08:01:36','17:05:25',2),(906,22,'2024-02-06','08:05:13','17:06:43',2),(907,23,'2024-02-06','08:11:14','17:02:49',2),(908,24,'2024-02-06','08:01:17','17:05:06',2),(909,25,'2024-02-06','08:08:29','13:41:14',2),(910,26,'2024-02-06','00:00:00','00:00:00',2),(911,27,'2024-02-06','08:11:43','17:01:07',2),(912,28,'2024-02-06','08:05:32','17:01:34',2),(913,29,'2024-02-06','08:04:49','17:00:13',2),(914,30,'2024-02-06','08:05:11','17:05:32',2),(915,31,'2024-02-06','08:04:29','17:02:43',2),(916,32,'2024-02-06','08:01:36','17:04:08',2),(917,33,'2024-02-06','00:00:00','00:00:00',2),(918,34,'2024-02-06','08:07:40','13:27:09',2),(919,1,'2024-02-07','08:07:04','17:05:48',2),(920,2,'2024-02-07','08:01:33','14:14:24',2),(921,3,'2024-02-07','00:00:00','00:00:00',2),(922,4,'2024-02-07','08:00:26','14:15:27',2),(923,5,'2024-02-07','08:03:36','14:34:24',2),(924,6,'2024-02-07','08:10:03','17:07:29',2),(925,7,'2024-02-07','08:10:24','17:07:36',2),(926,8,'2024-02-07','08:04:28','17:05:05',2),(927,9,'2024-02-07','08:10:50','17:03:10',2),(928,10,'2024-02-07','08:02:32','17:08:13',2),(929,11,'2024-02-07','08:07:35','17:03:30',2),(930,12,'2024-02-07','08:08:38','17:01:21',2),(931,13,'2024-02-07','00:00:00','00:00:00',2),(932,14,'2024-02-07','08:03:23','17:55:41',2),(933,15,'2024-02-07','08:09:34','17:02:13',2),(934,16,'2024-02-07','00:00:00','00:00:00',2),(935,17,'2024-02-07','08:00:27','17:08:10',2),(936,18,'2024-02-07','08:08:12','17:07:26',2),(937,19,'2024-02-07','08:01:17','17:07:43',2),(938,20,'2024-02-07','08:10:42','17:07:49',2),(939,21,'2024-02-07','08:05:15','17:07:14',2),(940,22,'2024-02-07','08:00:07','17:02:56',2),(941,23,'2024-02-07','08:07:49','17:03:01',2),(942,24,'2024-02-07','08:10:11','17:00:48',2),(943,25,'2024-02-07','08:08:30','17:02:35',2),(944,26,'2024-02-07','08:11:28','17:07:12',2),(945,27,'2024-02-07','08:06:26','17:05:25',2),(946,28,'2024-02-07','08:00:13','17:01:01',2),(947,29,'2024-02-07','08:01:53','17:05:17',2),(948,30,'2024-02-07','08:10:17','15:36:49',2),(949,31,'2024-02-07','08:04:06','17:04:47',2),(950,32,'2024-02-07','08:01:12','17:03:52',2),(951,33,'2024-02-07','08:04:10','17:07:27',2),(952,34,'2024-02-07','08:07:32','17:05:46',2),(953,1,'2024-02-08','08:11:45','17:04:58',2),(954,2,'2024-02-08','08:04:19','15:27:33',2),(955,3,'2024-02-08','08:00:10','17:04:38',2),(956,4,'2024-02-08','08:11:09','17:09:00',2),(957,5,'2024-02-08','08:02:50','13:41:07',2),(958,6,'2024-02-08','08:10:57','17:00:02',2),(959,7,'2024-02-08','08:03:18','17:06:06',2),(960,8,'2024-02-08','08:07:55','15:59:48',2),(961,9,'2024-02-08','08:00:10','17:03:41',2),(962,10,'2024-02-08','08:01:30','17:04:59',2),(963,11,'2024-02-08','08:05:14','17:09:05',2),(964,12,'2024-02-08','08:05:42','16:20:20',2),(965,13,'2024-02-08','08:00:37','17:02:45',2),(966,14,'2024-02-08','08:05:11','13:14:06',2),(967,15,'2024-02-08','08:04:06','17:06:43',2),(968,16,'2024-02-08','08:06:53','17:06:53',2),(969,17,'2024-02-08','08:06:53','17:04:44',2),(970,18,'2024-02-08','00:00:00','00:00:00',2),(971,19,'2024-02-08','08:08:10','17:06:48',2),(972,20,'2024-02-08','08:07:38','13:29:36',2),(973,21,'2024-02-08','08:00:06','17:04:22',2),(974,22,'2024-02-08','08:11:18','17:09:01',2),(975,23,'2024-02-08','08:06:16','17:09:01',2),(976,24,'2024-02-08','08:11:13','17:03:00',2),(977,25,'2024-02-08','08:05:55','17:08:22',2),(978,26,'2024-02-08','08:08:57','14:42:56',2),(979,27,'2024-02-08','00:00:00','00:00:00',2),(980,28,'2024-02-08','08:05:36','17:03:48',2),(981,29,'2024-02-08','08:01:27','17:08:46',2),(982,30,'2024-02-08','08:06:40','17:07:07',2),(983,31,'2024-02-08','08:01:25','17:05:57',2),(984,32,'2024-02-08','00:00:00','00:00:00',2),(985,33,'2024-02-08','00:00:00','00:00:00',2),(986,34,'2024-02-08','08:02:30','17:06:30',2),(987,1,'2024-02-09','08:04:01','17:04:16',2),(988,2,'2024-02-09','08:02:03','16:21:54',2),(989,3,'2024-02-09','08:06:32','17:01:56',2),(990,4,'2024-02-09','08:06:55','17:00:18',2),(991,5,'2024-02-09','08:02:22','13:02:17',2),(992,6,'2024-02-09','08:02:10','17:07:55',2),(993,7,'2024-02-09','08:06:20','17:03:40',2),(994,8,'2024-02-09','08:11:51','17:03:32',2),(995,9,'2024-02-09','08:09:15','17:07:52',2),(996,10,'2024-02-09','08:11:31','17:01:42',2),(997,11,'2024-02-09','08:02:31','17:00:18',2),(998,12,'2024-02-09','08:09:46','13:38:22',2),(999,13,'2024-02-09','08:11:49','17:00:00',2),(1000,14,'2024-02-09','08:09:00','17:07:30',2),(1001,15,'2024-02-09','00:00:00','00:00:00',2),(1002,16,'2024-02-09','08:05:01','17:01:51',2),(1003,17,'2024-02-09','08:06:03','17:09:31',2),(1004,18,'2024-02-09','00:00:00','00:00:00',2),(1005,19,'2024-02-09','08:10:59','17:37:57',2),(1006,20,'2024-02-09','08:00:47','17:07:18',2),(1007,21,'2024-02-09','08:04:15','17:03:17',2),(1008,22,'2024-02-09','08:03:11','17:02:24',2),(1009,23,'2024-02-09','08:05:17','17:04:04',2),(1010,24,'2024-02-09','08:03:16','17:02:43',2),(1011,25,'2024-02-09','08:01:31','17:00:37',2),(1012,26,'2024-02-09','08:00:04','17:07:46',2),(1013,27,'2024-02-09','08:08:11','17:08:06',2),(1014,28,'2024-02-09','08:09:03','13:57:38',2),(1015,29,'2024-02-09','08:09:14','14:22:00',2),(1016,30,'2024-02-09','00:00:00','00:00:00',2),(1017,31,'2024-02-09','08:05:03','17:06:31',2),(1018,32,'2024-02-09','08:00:22','17:08:36',2),(1019,33,'2024-02-09','00:00:00','00:00:00',2),(1020,34,'2024-02-09','00:00:00','00:00:00',2),(1021,1,'2024-02-12','08:00:41','17:02:38',2),(1022,2,'2024-02-12','08:08:31','15:22:57',2),(1023,3,'2024-02-12','08:03:23','13:26:12',2),(1024,4,'2024-02-12','08:04:03','14:03:51',2),(1025,5,'2024-02-12','08:09:57','17:07:47',2),(1026,6,'2024-02-12','08:08:28','17:08:02',2),(1027,7,'2024-02-12','08:09:13','17:06:39',2),(1028,8,'2024-02-12','08:02:22','15:25:24',2),(1029,9,'2024-02-12','00:00:00','00:00:00',2),(1030,10,'2024-02-12','08:01:45','17:01:21',2),(1031,11,'2024-02-12','08:03:27','17:01:14',2),(1032,12,'2024-02-12','08:09:48','17:04:29',2),(1033,13,'2024-02-12','08:09:15','17:03:40',2),(1034,14,'2024-02-12','08:04:31','13:42:02',2),(1035,15,'2024-02-12','08:02:39','17:00:55',2),(1036,16,'2024-02-12','08:06:15','17:02:24',2),(1037,17,'2024-02-12','08:09:05','17:08:57',2),(1038,18,'2024-02-12','08:11:28','13:53:22',2),(1039,19,'2024-02-12','08:02:33','16:49:37',2),(1040,20,'2024-02-12','08:10:04','17:07:55',2),(1041,21,'2024-02-12','08:11:54','17:00:53',2),(1042,22,'2024-02-12','08:11:15','17:07:33',2),(1043,23,'2024-02-12','08:11:49','17:05:27',2),(1044,24,'2024-02-12','00:00:00','00:00:00',2),(1045,25,'2024-02-12','08:08:52','17:01:02',2),(1046,26,'2024-02-12','08:07:16','17:06:06',2),(1047,27,'2024-02-12','08:06:37','17:01:03',2),(1048,28,'2024-02-12','08:05:03','17:02:05',2),(1049,29,'2024-02-12','00:00:00','00:00:00',2),(1050,30,'2024-02-12','08:09:17','17:07:13',2),(1051,31,'2024-02-12','08:00:50','17:08:15',2),(1052,32,'2024-02-12','08:02:35','17:07:58',2),(1053,33,'2024-02-12','08:02:55','13:35:46',2),(1054,34,'2024-02-12','08:08:20','13:59:47',2),(1055,1,'2024-02-13','08:05:26','17:00:56',2),(1056,2,'2024-02-13','08:00:30','17:01:31',2),(1057,3,'2024-02-13','08:05:45','15:43:15',2),(1058,4,'2024-02-13','08:05:27','17:46:43',2),(1059,5,'2024-02-13','08:09:49','17:00:42',2),(1060,6,'2024-02-13','08:03:12','16:53:57',2),(1061,7,'2024-02-13','08:07:58','17:02:36',2),(1062,8,'2024-02-13','08:06:56','17:01:46',2),(1063,9,'2024-02-13','08:04:53','17:08:24',2),(1064,10,'2024-02-13','08:07:34','17:02:15',2),(1065,11,'2024-02-13','00:00:00','00:00:00',2),(1066,12,'2024-02-13','08:02:56','17:04:56',2),(1067,13,'2024-02-13','08:01:55','17:06:27',2),(1068,14,'2024-02-13','08:06:45','17:03:17',2),(1069,15,'2024-02-13','08:07:19','17:09:00',2),(1070,16,'2024-02-13','08:04:46','16:29:59',2),(1071,17,'2024-02-13','08:10:24','17:04:31',2),(1072,18,'2024-02-13','08:01:48','17:09:25',2),(1073,19,'2024-02-13','08:01:49','17:05:17',2),(1074,20,'2024-02-13','08:09:14','17:43:10',2),(1075,21,'2024-02-13','08:11:44','17:02:01',2),(1076,22,'2024-02-13','08:01:50','17:08:05',2),(1077,23,'2024-02-13','08:11:23','14:45:24',2),(1078,24,'2024-02-13','08:05:42','17:05:08',2),(1079,25,'2024-02-13','08:00:07','17:02:29',2),(1080,26,'2024-02-13','08:04:27','17:02:53',2),(1081,27,'2024-02-13','08:09:40','17:03:27',2),(1082,28,'2024-02-13','08:01:31','17:05:48',2),(1083,29,'2024-02-13','08:05:23','17:07:02',2),(1084,30,'2024-02-13','08:02:17','17:00:40',2),(1085,31,'2024-02-13','08:04:56','17:03:30',2),(1086,32,'2024-02-13','08:03:37','17:00:09',2),(1087,33,'2024-02-13','08:06:11','17:09:31',2),(1088,34,'2024-02-13','08:02:30','17:01:13',2),(1089,1,'2024-02-14','08:08:58','17:07:56',2),(1090,2,'2024-02-14','08:06:21','17:02:18',2),(1091,3,'2024-02-14','08:07:07','17:01:58',2),(1092,4,'2024-02-14','08:02:36','17:04:12',2),(1093,5,'2024-02-14','08:07:45','17:08:26',2),(1094,6,'2024-02-14','08:09:07','17:00:05',2),(1095,7,'2024-02-14','08:08:00','17:02:17',2),(1096,8,'2024-02-14','08:04:36','17:08:44',2),(1097,9,'2024-02-14','08:10:19','17:08:36',2),(1098,10,'2024-02-14','08:08:09','13:31:39',2),(1099,11,'2024-02-14','08:10:50','17:02:33',2),(1100,12,'2024-02-14','08:05:05','17:05:08',2),(1101,13,'2024-02-14','08:03:14','17:09:33',2),(1102,14,'2024-02-14','08:05:31','17:02:03',2),(1103,15,'2024-02-14','08:01:54','17:01:41',2),(1104,16,'2024-02-14','08:09:42','17:05:31',2),(1105,17,'2024-02-14','08:06:20','17:00:09',2),(1106,18,'2024-02-14','00:00:00','00:00:00',2),(1107,19,'2024-02-14','08:00:24','17:01:39',2),(1108,20,'2024-02-14','08:06:31','17:06:10',2),(1109,21,'2024-02-14','08:06:19','17:02:26',2),(1110,22,'2024-02-14','08:07:03','17:03:49',2),(1111,23,'2024-02-14','08:03:39','17:09:22',2),(1112,24,'2024-02-14','08:05:27','17:06:38',2),(1113,25,'2024-02-14','08:01:12','14:21:13',2),(1114,26,'2024-02-14','08:05:43','17:04:10',2),(1115,27,'2024-02-14','08:00:00','17:01:16',2),(1116,28,'2024-02-14','08:10:21','17:02:51',2),(1117,29,'2024-02-14','08:04:21','17:02:03',2),(1118,30,'2024-02-14','08:09:12','17:08:31',2),(1119,31,'2024-02-14','08:07:09','17:06:14',2),(1120,32,'2024-02-14','08:10:25','17:09:49',2),(1121,33,'2024-02-14','08:04:45','17:07:48',2),(1122,34,'2024-02-14','08:08:39','17:17:13',2),(1123,1,'2024-02-15','08:09:27','17:09:59',2),(1124,2,'2024-02-15','08:03:24','17:08:22',2),(1125,3,'2024-02-15','08:07:52','17:08:54',2),(1126,4,'2024-02-15','08:10:08','14:39:13',2),(1127,5,'2024-02-15','08:08:51','17:00:37',2),(1128,6,'2024-02-15','08:03:31','17:07:47',2),(1129,7,'2024-02-15','08:02:49','17:02:27',2),(1130,8,'2024-02-15','08:11:59','17:05:35',2),(1131,9,'2024-02-15','08:08:09','17:03:26',2),(1132,10,'2024-02-15','08:00:09','17:05:49',2),(1133,11,'2024-02-15','08:02:14','17:00:36',2),(1134,12,'2024-02-15','08:07:40','17:08:01',2),(1135,13,'2024-02-15','08:04:02','17:02:18',2),(1136,14,'2024-02-15','00:00:00','00:00:00',2),(1137,15,'2024-02-15','08:06:21','17:02:17',2),(1138,16,'2024-02-15','08:04:30','17:08:33',2),(1139,17,'2024-02-15','08:04:56','17:09:41',2),(1140,18,'2024-02-15','00:00:00','00:00:00',2),(1141,19,'2024-02-15','08:01:03','17:09:04',2),(1142,20,'2024-02-15','00:00:00','00:00:00',2),(1143,21,'2024-02-15','08:07:30','17:02:26',2),(1144,22,'2024-02-15','00:00:00','00:00:00',2),(1145,23,'2024-02-15','08:11:50','17:04:55',2),(1146,24,'2024-02-15','08:06:48','14:59:55',2),(1147,25,'2024-02-15','08:00:26','17:00:59',2),(1148,26,'2024-02-15','08:07:03','17:04:28',2),(1149,27,'2024-02-15','08:05:49','16:19:39',2),(1150,28,'2024-02-15','08:03:00','17:05:03',2),(1151,29,'2024-02-15','08:10:07','17:08:31',2),(1152,30,'2024-02-15','08:05:27','17:08:26',2),(1153,31,'2024-02-15','08:02:45','17:05:30',2),(1154,32,'2024-02-15','08:04:52','17:01:27',2),(1155,33,'2024-02-15','08:02:39','17:05:09',2),(1156,34,'2024-02-15','08:07:29','17:03:07',2),(1157,1,'2024-02-16','08:00:26','17:01:55',2),(1158,2,'2024-02-16','00:00:00','00:00:00',2),(1159,3,'2024-02-16','08:07:45','16:24:59',2),(1160,4,'2024-02-16','08:06:54','17:05:23',2),(1161,5,'2024-02-16','00:00:00','00:00:00',2),(1162,6,'2024-02-16','08:03:34','17:02:24',2),(1163,7,'2024-02-16','08:00:59','16:47:47',2),(1164,8,'2024-02-16','08:00:35','17:01:30',2),(1165,9,'2024-02-16','08:07:42','17:06:17',2),(1166,10,'2024-02-16','08:05:01','17:02:47',2),(1167,11,'2024-02-16','08:10:03','17:08:51',2),(1168,12,'2024-02-16','08:05:29','17:13:05',2),(1169,13,'2024-02-16','08:04:49','17:00:47',2),(1170,14,'2024-02-16','08:00:01','17:02:57',2),(1171,15,'2024-02-16','08:00:20','17:08:21',2),(1172,16,'2024-02-16','08:00:21','17:03:49',2),(1173,17,'2024-02-16','08:00:15','14:27:06',2),(1174,18,'2024-02-16','08:08:11','17:01:06',2),(1175,19,'2024-02-16','08:00:45','17:01:46',2),(1176,20,'2024-02-16','08:09:48','15:32:59',2),(1177,21,'2024-02-16','08:00:22','17:05:48',2),(1178,22,'2024-02-16','08:11:21','17:09:41',2),(1179,23,'2024-02-16','08:07:14','17:07:19',2),(1180,24,'2024-02-16','08:09:19','16:55:58',2),(1181,25,'2024-02-16','08:06:41','17:03:40',2),(1182,26,'2024-02-16','08:01:15','17:00:38',2),(1183,27,'2024-02-16','00:00:00','00:00:00',2),(1184,28,'2024-02-16','00:00:00','00:00:00',2),(1185,29,'2024-02-16','08:04:39','17:05:31',2),(1186,30,'2024-02-16','08:01:41','16:07:23',2),(1187,31,'2024-02-16','08:00:14','17:03:45',2),(1188,32,'2024-02-16','08:11:21','17:09:13',2),(1189,33,'2024-02-16','08:10:26','17:07:32',2),(1190,34,'2024-02-16','08:09:44','17:03:06',2),(1191,1,'2024-02-19','08:08:13','17:06:50',2),(1192,2,'2024-02-19','08:11:01','17:03:47',2),(1193,3,'2024-02-19','08:10:31','17:09:50',2),(1194,4,'2024-02-19','08:08:20','17:03:55',2),(1195,5,'2024-02-19','00:00:00','00:00:00',2),(1196,6,'2024-02-19','08:02:09','17:01:03',2),(1197,7,'2024-02-19','08:01:51','17:04:19',2),(1198,8,'2024-02-19','08:08:16','17:04:46',2),(1199,9,'2024-02-19','08:11:10','17:02:02',2),(1200,10,'2024-02-19','08:10:38','17:04:30',2),(1201,11,'2024-02-19','08:09:00','16:34:15',2),(1202,12,'2024-02-19','08:07:17','17:01:45',2),(1203,13,'2024-02-19','08:01:21','16:46:36',2),(1204,14,'2024-02-19','08:02:05','17:08:33',2),(1205,15,'2024-02-19','08:00:23','17:02:18',2),(1206,16,'2024-02-19','08:05:05','17:07:26',2),(1207,17,'2024-02-19','00:00:00','00:00:00',2),(1208,18,'2024-02-19','08:09:15','17:06:40',2),(1209,19,'2024-02-19','00:00:00','00:00:00',2),(1210,20,'2024-02-19','08:02:35','17:09:29',2),(1211,21,'2024-02-19','08:00:52','16:29:01',2),(1212,22,'2024-02-19','08:10:08','17:00:35',2),(1213,23,'2024-02-19','08:02:04','17:24:22',2),(1214,24,'2024-02-19','08:07:16','15:37:24',2),(1215,25,'2024-02-19','08:10:16','13:56:19',2),(1216,26,'2024-02-19','08:08:12','17:01:16',2),(1217,27,'2024-02-19','08:11:29','17:06:12',2),(1218,28,'2024-02-19','08:11:08','17:06:12',2),(1219,29,'2024-02-19','08:01:08','17:03:21',2),(1220,30,'2024-02-19','00:00:00','00:00:00',2),(1221,31,'2024-02-19','08:01:08','17:02:25',2),(1222,32,'2024-02-19','08:11:44','17:03:52',2),(1223,33,'2024-02-19','08:03:56','17:02:14',2),(1224,34,'2024-02-19','08:00:14','17:08:20',2),(1225,1,'2024-02-20','08:04:25','17:30:26',2),(1226,2,'2024-02-20','08:06:19','17:09:12',2),(1227,3,'2024-02-20','08:09:53','17:08:26',2),(1228,4,'2024-02-20','08:09:43','17:05:47',2),(1229,5,'2024-02-20','00:00:00','00:00:00',2),(1230,6,'2024-02-20','08:04:31','17:03:10',2),(1231,7,'2024-02-20','08:11:46','17:12:36',2),(1232,8,'2024-02-20','08:11:01','17:06:34',2),(1233,9,'2024-02-20','08:03:50','17:06:49',2),(1234,10,'2024-02-20','00:00:00','00:00:00',2),(1235,11,'2024-02-20','08:00:41','17:07:25',2),(1236,12,'2024-02-20','08:04:58','17:09:33',2),(1237,13,'2024-02-20','08:07:35','17:01:25',2),(1238,14,'2024-02-20','08:04:19','17:06:02',2),(1239,15,'2024-02-20','08:02:49','17:07:56',2),(1240,16,'2024-02-20','08:11:49','16:09:57',2),(1241,17,'2024-02-20','08:02:11','17:09:10',2),(1242,18,'2024-02-20','08:08:58','17:00:56',2),(1243,19,'2024-02-20','08:09:50','17:09:30',2),(1244,20,'2024-02-20','08:03:45','17:05:52',2),(1245,21,'2024-02-20','08:01:14','17:05:31',2),(1246,22,'2024-02-20','08:00:27','17:07:14',2),(1247,23,'2024-02-20','08:02:48','17:09:37',2),(1248,24,'2024-02-20','08:04:56','17:02:32',2),(1249,25,'2024-02-20','08:03:45','17:30:35',2),(1250,26,'2024-02-20','08:01:59','17:03:19',2),(1251,27,'2024-02-20','08:04:32','17:09:23',2),(1252,28,'2024-02-20','08:01:03','17:09:03',2),(1253,29,'2024-02-20','08:02:52','17:04:11',2),(1254,30,'2024-02-20','08:04:23','17:03:33',2),(1255,31,'2024-02-20','08:05:44','17:55:41',2),(1256,32,'2024-02-20','00:00:00','00:00:00',2),(1257,33,'2024-02-20','08:03:06','17:37:31',2),(1258,34,'2024-02-20','08:02:31','17:02:23',2),(1259,1,'2024-02-21','08:08:08','17:03:08',2),(1260,2,'2024-02-21','08:03:45','17:07:10',2),(1261,3,'2024-02-21','08:10:59','17:04:02',2),(1262,4,'2024-02-21','08:08:19','17:09:45',2),(1263,5,'2024-02-21','08:02:17','17:04:55',2),(1264,6,'2024-02-21','08:00:40','17:01:43',2),(1265,7,'2024-02-21','08:01:12','17:08:33',2),(1266,8,'2024-02-21','08:09:33','17:05:15',2),(1267,9,'2024-02-21','08:05:33','17:06:20',2),(1268,10,'2024-02-21','08:01:22','17:09:05',2),(1269,11,'2024-02-21','08:00:12','17:03:20',2),(1270,12,'2024-02-21','08:03:53','17:02:18',2),(1271,13,'2024-02-21','08:03:35','17:04:55',2),(1272,14,'2024-02-21','08:10:34','17:00:59',2),(1273,15,'2024-02-21','08:02:24','17:05:31',2),(1274,16,'2024-02-21','08:06:56','17:03:36',2),(1275,17,'2024-02-21','08:05:43','17:07:09',2),(1276,18,'2024-02-21','08:05:51','17:06:33',2),(1277,19,'2024-02-21','08:07:11','17:07:35',2),(1278,20,'2024-02-21','08:06:47','17:03:26',2),(1279,21,'2024-02-21','08:11:48','17:08:37',2),(1280,22,'2024-02-21','08:05:30','17:02:56',2),(1281,23,'2024-02-21','08:09:08','13:14:46',2),(1282,24,'2024-02-21','08:05:58','17:08:31',2),(1283,25,'2024-02-21','08:11:26','16:05:58',2),(1284,26,'2024-02-21','08:05:18','17:08:31',2),(1285,27,'2024-02-21','08:08:18','17:00:41',2),(1286,28,'2024-02-21','00:00:00','00:00:00',2),(1287,29,'2024-02-21','08:09:58','13:44:53',2),(1288,30,'2024-02-21','08:10:12','17:03:34',2),(1289,31,'2024-02-21','08:06:59','16:13:29',2),(1290,32,'2024-02-21','08:09:55','15:04:19',2),(1291,33,'2024-02-21','08:04:57','17:09:23',2),(1292,34,'2024-02-21','08:07:20','17:08:46',2),(1293,1,'2024-02-22','08:04:18','17:06:11',2),(1294,2,'2024-02-22','08:10:05','17:06:23',2),(1295,3,'2024-02-22','08:09:57','17:09:12',2),(1296,4,'2024-02-22','08:08:21','17:06:17',2),(1297,5,'2024-02-22','08:01:53','17:03:54',2),(1298,6,'2024-02-22','08:02:27','17:01:20',2),(1299,7,'2024-02-22','08:09:54','17:08:34',2),(1300,8,'2024-02-22','08:05:08','17:04:23',2),(1301,9,'2024-02-22','08:06:41','17:04:27',2),(1302,10,'2024-02-22','08:01:48','17:00:19',2),(1303,11,'2024-02-22','08:05:55','17:04:40',2),(1304,12,'2024-02-22','08:11:32','17:00:38',2),(1305,13,'2024-02-22','08:06:28','17:02:48',2),(1306,14,'2024-02-22','08:02:47','17:02:37',2),(1307,15,'2024-02-22','08:07:33','15:43:19',2),(1308,16,'2024-02-22','08:02:54','15:22:03',2),(1309,17,'2024-02-22','08:07:08','14:38:54',2),(1310,18,'2024-02-22','08:10:35','17:28:25',2),(1311,19,'2024-02-22','08:02:14','17:08:12',2),(1312,20,'2024-02-22','08:05:42','17:04:47',2),(1313,21,'2024-02-22','08:11:41','17:00:17',2),(1314,22,'2024-02-22','00:00:00','00:00:00',2),(1315,23,'2024-02-22','08:09:07','17:04:36',2),(1316,24,'2024-02-22','00:00:00','00:00:00',2),(1317,25,'2024-02-22','08:06:28','17:43:39',2),(1318,26,'2024-02-22','08:05:53','17:02:16',2),(1319,27,'2024-02-22','08:10:34','17:09:06',2),(1320,28,'2024-02-22','08:09:07','17:44:30',2),(1321,29,'2024-02-22','00:00:00','00:00:00',2),(1322,30,'2024-02-22','08:02:42','17:03:22',2),(1323,31,'2024-02-22','08:07:37','14:21:19',2),(1324,32,'2024-02-22','08:10:31','17:05:31',2),(1325,33,'2024-02-22','08:03:05','17:02:15',2),(1326,34,'2024-02-22','08:03:16','17:06:35',2),(1327,1,'2024-02-23','08:09:32','17:03:03',2),(1328,2,'2024-02-23','08:03:34','17:07:06',2),(1329,3,'2024-02-23','08:08:45','17:09:47',2),(1330,4,'2024-02-23','08:11:05','17:00:49',2),(1331,5,'2024-02-23','08:05:03','17:50:06',2),(1332,6,'2024-02-23','08:02:32','17:05:41',2),(1333,7,'2024-02-23','08:10:30','17:05:34',2),(1334,8,'2024-02-23','08:06:03','17:07:43',2),(1335,9,'2024-02-23','00:00:00','00:00:00',2),(1336,10,'2024-02-23','08:07:36','17:00:34',2),(1337,11,'2024-02-23','08:00:15','17:07:24',2),(1338,12,'2024-02-23','08:10:35','16:35:57',2),(1339,13,'2024-02-23','08:04:32','15:30:23',2),(1340,14,'2024-02-23','08:02:11','15:13:09',2),(1341,15,'2024-02-23','08:10:10','17:01:32',2),(1342,16,'2024-02-23','08:06:52','17:08:37',2),(1343,17,'2024-02-23','08:02:47','17:07:28',2),(1344,18,'2024-02-23','00:00:00','00:00:00',2),(1345,19,'2024-02-23','08:07:12','17:05:43',2),(1346,20,'2024-02-23','08:00:30','16:25:40',2),(1347,21,'2024-02-23','08:11:35','17:03:56',2),(1348,22,'2024-02-23','08:11:20','17:03:15',2),(1349,23,'2024-02-23','08:02:18','17:01:45',2),(1350,24,'2024-02-23','08:01:52','17:06:20',2),(1351,25,'2024-02-23','08:05:17','17:06:18',2),(1352,26,'2024-02-23','08:10:07','17:02:02',2),(1353,27,'2024-02-23','08:05:02','17:17:40',2),(1354,28,'2024-02-23','00:00:00','00:00:00',2),(1355,29,'2024-02-23','08:02:44','17:04:36',2),(1356,30,'2024-02-23','08:01:22','17:01:02',2),(1357,31,'2024-02-23','08:08:54','15:00:35',2),(1358,32,'2024-02-23','08:05:25','17:00:50',2),(1359,33,'2024-02-23','08:01:44','15:16:08',2),(1360,34,'2024-02-23','08:00:06','17:08:53',2),(1361,1,'2024-02-26','00:00:00','00:00:00',2),(1362,2,'2024-02-26','08:06:06','13:07:48',2),(1363,3,'2024-02-26','08:11:52','17:00:38',2),(1364,4,'2024-02-26','08:00:58','17:03:29',2),(1365,5,'2024-02-26','08:10:53','17:03:10',2),(1366,6,'2024-02-26','00:00:00','00:00:00',2),(1367,7,'2024-02-26','08:02:51','17:55:37',2),(1368,8,'2024-02-26','08:06:31','17:01:51',2),(1369,9,'2024-02-26','08:04:09','17:57:03',2),(1370,10,'2024-02-26','08:00:27','16:10:26',2),(1371,11,'2024-02-26','08:01:56','17:03:11',2),(1372,12,'2024-02-26','08:00:49','17:02:28',2),(1373,13,'2024-02-26','08:11:43','17:07:48',2),(1374,14,'2024-02-26','08:08:03','17:00:10',2),(1375,15,'2024-02-26','08:01:56','17:05:01',2),(1376,16,'2024-02-26','08:07:04','17:00:46',2),(1377,17,'2024-02-26','08:03:00','17:09:44',2),(1378,18,'2024-02-26','08:09:08','14:24:50',2),(1379,19,'2024-02-26','08:03:13','17:05:21',2),(1380,20,'2024-02-26','08:10:54','17:06:14',2),(1381,21,'2024-02-26','08:05:10','17:02:21',2),(1382,22,'2024-02-26','08:10:35','17:07:47',2),(1383,23,'2024-02-26','08:00:29','17:09:22',2),(1384,24,'2024-02-26','08:00:32','17:01:59',2),(1385,25,'2024-02-26','08:00:53','17:08:11',2),(1386,26,'2024-02-26','08:09:35','17:00:36',2),(1387,27,'2024-02-26','08:09:13','17:08:16',2),(1388,28,'2024-02-26','08:00:56','17:06:26',2),(1389,29,'2024-02-26','08:09:34','17:04:26',2),(1390,30,'2024-02-26','08:00:58','17:03:17',2),(1391,31,'2024-02-26','00:00:00','00:00:00',2),(1392,32,'2024-02-26','08:06:56','14:24:54',2),(1393,33,'2024-02-26','08:05:07','14:20:00',2),(1394,34,'2024-02-26','08:07:07','17:05:07',2),(1395,1,'2024-02-27','08:02:20','17:02:08',2),(1396,2,'2024-02-27','08:04:35','17:07:44',2),(1397,3,'2024-02-27','08:00:56','15:10:23',2),(1398,4,'2024-02-27','08:09:31','17:07:24',2),(1399,5,'2024-02-27','08:02:20','17:59:48',2),(1400,6,'2024-02-27','08:11:57','17:07:58',2),(1401,7,'2024-02-27','08:08:29','17:03:45',2),(1402,8,'2024-02-27','08:08:30','15:54:04',2),(1403,9,'2024-02-27','00:00:00','00:00:00',2),(1404,10,'2024-02-27','08:07:08','17:04:39',2),(1405,11,'2024-02-27','08:09:24','17:07:32',2),(1406,12,'2024-02-27','08:03:14','17:05:01',2),(1407,13,'2024-02-27','08:03:17','17:02:04',2),(1408,14,'2024-02-27','08:08:38','17:05:11',2),(1409,15,'2024-02-27','00:00:00','00:00:00',2),(1410,16,'2024-02-27','08:05:49','17:01:21',2),(1411,17,'2024-02-27','08:04:13','13:12:43',2),(1412,18,'2024-02-27','08:09:13','17:01:26',2),(1413,19,'2024-02-27','08:06:36','17:00:55',2),(1414,20,'2024-02-27','08:04:13','17:04:21',2),(1415,21,'2024-02-27','08:05:35','17:01:52',2),(1416,22,'2024-02-27','08:05:45','17:04:48',2),(1417,23,'2024-02-27','08:01:33','17:04:57',2),(1418,24,'2024-02-27','08:07:40','17:00:28',2),(1419,25,'2024-02-27','08:10:39','17:03:05',2),(1420,26,'2024-02-27','08:06:30','17:09:04',2),(1421,27,'2024-02-27','08:08:59','17:04:06',2),(1422,28,'2024-02-27','08:09:25','17:04:37',2),(1423,29,'2024-02-27','08:00:05','17:06:32',2),(1424,30,'2024-02-27','00:00:00','00:00:00',2),(1425,31,'2024-02-27','08:02:54','17:07:17',2),(1426,32,'2024-02-27','08:02:59','17:04:21',2),(1427,33,'2024-02-27','08:08:08','17:07:19',2),(1428,34,'2024-02-27','08:07:43','17:00:02',2),(1429,1,'2024-02-28','08:02:26','17:05:28',2),(1430,2,'2024-02-28','08:06:35','17:08:53',2),(1431,3,'2024-02-28','08:08:38','17:08:15',2),(1432,4,'2024-02-28','08:05:37','17:07:01',2),(1433,5,'2024-02-28','08:09:34','17:05:42',2),(1434,6,'2024-02-28','08:10:26','17:00:35',2),(1435,7,'2024-02-28','00:00:00','00:00:00',2),(1436,8,'2024-02-28','08:09:11','17:03:26',2),(1437,9,'2024-02-28','08:00:32','17:01:01',2),(1438,10,'2024-02-28','00:00:00','00:00:00',2),(1439,11,'2024-02-28','08:08:46','17:04:41',2),(1440,12,'2024-02-28','08:11:53','17:00:07',2),(1441,13,'2024-02-28','00:00:00','00:00:00',2),(1442,14,'2024-02-28','00:00:00','00:00:00',2),(1443,15,'2024-02-28','08:11:23','17:02:33',2),(1444,16,'2024-02-28','08:08:33','17:04:23',2),(1445,17,'2024-02-28','08:03:07','17:04:59',2),(1446,18,'2024-02-28','08:06:58','13:32:03',2),(1447,19,'2024-02-28','08:03:55','17:04:55',2),(1448,20,'2024-02-28','08:07:15','17:06:50',2),(1449,21,'2024-02-28','08:08:53','17:04:56',2),(1450,22,'2024-02-28','08:00:37','17:05:36',2),(1451,23,'2024-02-28','08:11:41','17:06:27',2),(1452,24,'2024-02-28','08:00:43','17:05:52',2),(1453,25,'2024-02-28','08:09:31','17:01:45',2),(1454,26,'2024-02-28','08:07:56','17:02:45',2),(1455,27,'2024-02-28','08:10:36','17:06:08',2),(1456,28,'2024-02-28','00:00:00','00:00:00',2),(1457,29,'2024-02-28','08:10:56','17:08:36',2),(1458,30,'2024-02-28','08:09:13','17:01:55',2),(1459,31,'2024-02-28','08:10:59','15:55:11',2),(1460,32,'2024-02-28','08:11:23','17:05:06',2),(1461,33,'2024-02-28','08:06:52','17:06:41',2),(1462,34,'2024-02-28','08:07:27','17:06:40',2),(1463,1,'2024-02-29','08:02:36','16:33:28',2),(1464,2,'2024-02-29','08:07:11','17:07:32',2),(1465,3,'2024-02-29','08:09:27','17:04:53',2),(1466,4,'2024-02-29','08:03:17','17:00:34',2),(1467,5,'2024-02-29','08:09:28','14:06:02',2),(1468,6,'2024-02-29','08:08:21','17:08:34',2),(1469,7,'2024-02-29','08:10:59','17:08:31',2),(1470,8,'2024-02-29','08:09:29','17:05:18',2),(1471,9,'2024-02-29','08:11:35','17:00:07',2),(1472,10,'2024-02-29','08:04:41','17:01:38',2),(1473,11,'2024-02-29','08:03:22','17:05:44',2),(1474,12,'2024-02-29','08:08:37','17:04:37',2),(1475,13,'2024-02-29','08:11:42','17:01:38',2),(1476,14,'2024-02-29','08:04:33','17:01:00',2),(1477,15,'2024-02-29','08:09:16','17:09:27',2),(1478,16,'2024-02-29','08:03:54','17:39:31',2),(1479,17,'2024-02-29','08:11:04','13:27:15',2),(1480,18,'2024-02-29','08:08:28','17:00:31',2),(1481,19,'2024-02-29','08:00:32','17:07:05',2),(1482,20,'2024-02-29','08:07:08','17:08:48',2),(1483,21,'2024-02-29','00:00:00','00:00:00',2),(1484,22,'2024-02-29','08:00:34','17:02:57',2),(1485,23,'2024-02-29','08:00:07','17:07:04',2),(1486,24,'2024-02-29','08:05:54','17:03:23',2),(1487,25,'2024-02-29','08:09:01','17:00:06',2),(1488,26,'2024-02-29','08:00:21','17:09:30',2),(1489,27,'2024-02-29','08:07:30','17:05:07',2),(1490,28,'2024-02-29','08:05:07','17:08:57',2),(1491,29,'2024-02-29','08:10:00','17:09:54',2),(1492,30,'2024-02-29','08:00:30','17:03:27',2),(1493,31,'2024-02-29','08:09:14','17:03:47',2),(1494,32,'2024-02-29','08:04:33','17:04:40',2),(1495,33,'2024-02-29','00:00:00','00:00:00',2),(1496,34,'2024-02-29','08:01:43','17:04:14',2),(1497,1,'2024-03-01','08:11:47','17:08:39',3),(1498,2,'2024-03-01','08:09:35','17:07:10',3),(1499,3,'2024-03-01','00:00:00','00:00:00',3),(1500,4,'2024-03-01','08:02:39','17:07:25',3),(1501,5,'2024-03-01','00:00:00','00:00:00',3),(1502,6,'2024-03-01','08:05:42','14:14:14',3),(1503,7,'2024-03-01','08:07:36','17:03:44',3),(1504,8,'2024-03-01','08:04:30','17:03:07',3),(1505,9,'2024-03-01','08:06:45','17:07:29',3),(1506,10,'2024-03-01','08:11:55','17:01:43',3),(1507,11,'2024-03-01','08:06:30','17:02:17',3),(1508,12,'2024-03-01','08:00:39','17:02:03',3),(1509,13,'2024-03-01','08:10:41','17:02:34',3),(1510,14,'2024-03-01','08:02:52','17:03:37',3),(1511,15,'2024-03-01','08:07:36','17:06:07',3),(1512,16,'2024-03-01','08:02:15','17:08:28',3),(1513,17,'2024-03-01','08:01:23','13:12:28',3),(1514,18,'2024-03-01','08:00:10','17:00:09',3),(1515,19,'2024-03-01','08:11:24','17:08:39',3),(1516,20,'2024-03-01','08:01:26','17:09:32',3),(1517,21,'2024-03-01','08:05:36','17:09:25',3),(1518,22,'2024-03-01','08:10:23','17:08:42',3),(1519,23,'2024-03-01','08:11:46','17:07:33',3),(1520,24,'2024-03-01','08:05:21','13:14:14',3),(1521,25,'2024-03-01','08:02:50','17:03:33',3),(1522,26,'2024-03-01','08:06:23','17:07:22',3),(1523,27,'2024-03-01','08:11:20','17:07:08',3),(1524,28,'2024-03-01','08:05:41','17:07:20',3),(1525,29,'2024-03-01','08:05:57','17:02:14',3),(1526,30,'2024-03-01','08:04:06','13:52:22',3),(1527,31,'2024-03-01','08:07:02','17:00:15',3),(1528,32,'2024-03-01','08:06:50','17:07:21',3),(1529,33,'2024-03-01','08:03:10','17:06:01',3),(1530,34,'2024-03-01','00:00:00','00:00:00',3),(1531,1,'2024-03-04','08:07:04','17:02:03',3),(1532,2,'2024-03-04','08:06:08','17:03:22',3),(1533,3,'2024-03-04','08:02:06','17:06:31',3),(1534,4,'2024-03-04','00:00:00','00:00:00',3),(1535,5,'2024-03-04','08:10:01','17:00:46',3),(1536,6,'2024-03-04','08:07:25','15:38:58',3),(1537,7,'2024-03-04','08:03:24','17:01:45',3),(1538,8,'2024-03-04','08:01:27','17:04:03',3),(1539,9,'2024-03-04','08:08:21','17:07:39',3),(1540,10,'2024-03-04','00:00:00','00:00:00',3),(1541,11,'2024-03-04','08:08:58','17:06:29',3),(1542,12,'2024-03-04','08:01:54','17:01:45',3),(1543,13,'2024-03-04','08:11:28','17:08:14',3),(1544,14,'2024-03-04','08:05:16','17:08:24',3),(1545,15,'2024-03-04','08:05:45','17:00:51',3),(1546,16,'2024-03-04','08:08:20','17:09:42',3),(1547,17,'2024-03-04','08:04:17','17:02:25',3),(1548,18,'2024-03-04','08:10:37','17:00:44',3),(1549,19,'2024-03-04','00:00:00','00:00:00',3),(1550,20,'2024-03-04','08:10:39','17:05:50',3),(1551,21,'2024-03-04','08:03:08','17:05:57',3),(1552,22,'2024-03-04','08:11:15','17:03:46',3),(1553,23,'2024-03-04','08:08:00','17:06:44',3),(1554,24,'2024-03-04','00:00:00','00:00:00',3),(1555,25,'2024-03-04','08:08:22','17:00:28',3),(1556,26,'2024-03-04','08:06:02','17:04:13',3),(1557,27,'2024-03-04','08:10:13','17:01:24',3),(1558,28,'2024-03-04','08:07:13','17:09:22',3),(1559,29,'2024-03-04','08:00:14','17:08:36',3),(1560,30,'2024-03-04','08:03:28','17:01:49',3),(1561,31,'2024-03-04','08:11:21','17:02:02',3),(1562,32,'2024-03-04','08:07:04','17:06:11',3),(1563,33,'2024-03-04','00:00:00','00:00:00',3),(1564,34,'2024-03-04','08:03:24','17:07:34',3),(1565,1,'2024-03-05','08:06:17','17:01:21',3),(1566,2,'2024-03-05','00:00:00','00:00:00',3),(1567,3,'2024-03-05','08:04:26','17:09:56',3),(1568,4,'2024-03-05','08:00:59','17:01:53',3),(1569,5,'2024-03-05','08:05:05','15:38:42',3),(1570,6,'2024-03-05','08:02:33','17:07:18',3),(1571,7,'2024-03-05','08:02:23','17:09:48',3),(1572,8,'2024-03-05','08:08:45','17:05:05',3),(1573,9,'2024-03-05','08:05:22','17:07:25',3),(1574,10,'2024-03-05','08:03:36','17:05:53',3),(1575,11,'2024-03-05','08:01:14','17:05:47',3),(1576,12,'2024-03-05','00:00:00','00:00:00',3),(1577,13,'2024-03-05','08:03:34','17:06:02',3),(1578,14,'2024-03-05','08:11:12','17:01:30',3),(1579,15,'2024-03-05','08:07:35','17:30:40',3),(1580,16,'2024-03-05','08:03:32','17:03:39',3),(1581,17,'2024-03-05','08:11:37','17:07:35',3),(1582,18,'2024-03-05','08:02:26','17:06:50',3),(1583,19,'2024-03-05','08:11:13','17:01:12',3),(1584,20,'2024-03-05','08:02:10','17:01:01',3),(1585,21,'2024-03-05','00:00:00','00:00:00',3),(1586,22,'2024-03-05','08:04:37','17:50:16',3),(1587,23,'2024-03-05','08:04:27','17:09:12',3),(1588,24,'2024-03-05','08:11:10','17:08:51',3),(1589,25,'2024-03-05','08:10:24','17:01:30',3),(1590,26,'2024-03-05','08:01:48','17:23:02',3),(1591,27,'2024-03-05','08:11:43','17:00:49',3),(1592,28,'2024-03-05','08:11:36','17:07:41',3),(1593,29,'2024-03-05','08:02:30','17:09:18',3),(1594,30,'2024-03-05','08:03:21','16:50:31',3),(1595,31,'2024-03-05','08:03:00','17:09:24',3),(1596,32,'2024-03-05','08:11:31','17:02:58',3),(1597,33,'2024-03-05','08:05:49','17:00:06',3),(1598,34,'2024-03-05','08:03:05','17:04:02',3),(1599,1,'2024-03-06','08:01:10','17:06:01',3),(1600,2,'2024-03-06','08:02:21','17:06:36',3),(1601,3,'2024-03-06','08:04:32','17:06:53',3),(1602,4,'2024-03-06','08:08:45','17:01:08',3),(1603,5,'2024-03-06','08:00:38','17:04:09',3),(1604,6,'2024-03-06','00:00:00','00:00:00',3),(1605,7,'2024-03-06','08:10:40','17:06:56',3),(1606,8,'2024-03-06','08:10:26','17:01:05',3),(1607,9,'2024-03-06','08:09:02','17:02:42',3),(1608,10,'2024-03-06','08:11:53','17:06:22',3),(1609,11,'2024-03-06','08:05:41','17:02:33',3),(1610,12,'2024-03-06','08:00:31','17:41:29',3),(1611,13,'2024-03-06','08:07:17','17:58:05',3),(1612,14,'2024-03-06','08:02:20','14:56:33',3),(1613,15,'2024-03-06','08:05:14','17:06:20',3),(1614,16,'2024-03-06','08:11:11','16:35:17',3),(1615,17,'2024-03-06','08:00:48','17:09:37',3),(1616,18,'2024-03-06','08:06:07','17:08:17',3),(1617,19,'2024-03-06','08:08:09','16:48:05',3),(1618,20,'2024-03-06','08:09:59','14:42:29',3),(1619,21,'2024-03-06','08:06:42','17:07:06',3),(1620,22,'2024-03-06','08:08:13','17:05:06',3),(1621,23,'2024-03-06','00:00:00','00:00:00',3),(1622,24,'2024-03-06','08:09:25','17:07:01',3),(1623,25,'2024-03-06','08:08:20','17:00:15',3),(1624,26,'2024-03-06','08:10:01','17:05:17',3),(1625,27,'2024-03-06','08:00:44','17:03:17',3),(1626,28,'2024-03-06','08:05:31','17:09:47',3),(1627,29,'2024-03-06','00:00:00','00:00:00',3),(1628,30,'2024-03-06','08:03:30','17:06:57',3),(1629,31,'2024-03-06','08:04:54','17:35:37',3),(1630,32,'2024-03-06','08:05:30','17:04:49',3),(1631,33,'2024-03-06','08:09:43','17:08:00',3),(1632,34,'2024-03-06','08:09:00','17:09:20',3),(1633,1,'2024-03-07','08:04:53','17:03:52',3),(1634,2,'2024-03-07','08:07:09','17:08:21',3),(1635,3,'2024-03-07','08:11:58','17:04:34',3),(1636,4,'2024-03-07','08:10:40','17:03:58',3),(1637,5,'2024-03-07','08:03:09','17:05:04',3),(1638,6,'2024-03-07','08:04:51','17:01:08',3),(1639,7,'2024-03-07','08:01:47','17:09:37',3),(1640,8,'2024-03-07','00:00:00','00:00:00',3),(1641,9,'2024-03-07','08:02:15','17:09:15',3),(1642,10,'2024-03-07','00:00:00','00:00:00',3),(1643,11,'2024-03-07','08:04:54','17:07:26',3),(1644,12,'2024-03-07','08:06:34','17:09:47',3),(1645,13,'2024-03-07','08:11:51','17:09:30',3),(1646,14,'2024-03-07','08:01:24','17:03:05',3),(1647,15,'2024-03-07','08:04:21','17:03:46',3),(1648,16,'2024-03-07','08:08:48','17:04:23',3),(1649,17,'2024-03-07','08:06:59','14:24:06',3),(1650,18,'2024-03-07','08:01:19','17:00:14',3),(1651,19,'2024-03-07','08:02:05','17:09:10',3),(1652,20,'2024-03-07','08:02:10','17:05:31',3),(1653,21,'2024-03-07','08:06:53','17:09:23',3),(1654,22,'2024-03-07','08:10:44','17:05:11',3),(1655,23,'2024-03-07','08:00:14','17:06:36',3),(1656,24,'2024-03-07','08:00:03','17:03:34',3),(1657,25,'2024-03-07','08:08:17','17:02:30',3),(1658,26,'2024-03-07','08:05:34','17:04:23',3),(1659,27,'2024-03-07','00:00:00','00:00:00',3),(1660,28,'2024-03-07','08:00:20','17:09:32',3),(1661,29,'2024-03-07','08:01:49','17:07:11',3),(1662,30,'2024-03-07','08:03:50','14:12:55',3),(1663,31,'2024-03-07','00:00:00','00:00:00',3),(1664,32,'2024-03-07','08:10:20','13:44:25',3),(1665,33,'2024-03-07','08:04:12','15:27:16',3),(1666,34,'2024-03-07','08:11:51','17:01:55',3),(1667,1,'2024-03-08','08:11:57','13:50:40',3),(1668,2,'2024-03-08','08:11:30','17:45:13',3),(1669,3,'2024-03-08','08:08:52','17:07:31',3),(1670,4,'2024-03-08','08:06:38','17:02:12',3),(1671,5,'2024-03-08','08:01:55','17:07:54',3),(1672,6,'2024-03-08','08:06:30','17:06:55',3),(1673,7,'2024-03-08','00:00:00','00:00:00',3),(1674,8,'2024-03-08','08:00:28','17:09:20',3),(1675,9,'2024-03-08','08:09:26','17:01:26',3),(1676,10,'2024-03-08','08:05:41','17:08:36',3),(1677,11,'2024-03-08','08:11:36','17:00:47',3),(1678,12,'2024-03-08','08:06:36','17:01:37',3),(1679,13,'2024-03-08','08:08:19','17:05:46',3),(1680,14,'2024-03-08','08:04:38','17:08:21',3),(1681,15,'2024-03-08','08:10:18','17:00:15',3),(1682,16,'2024-03-08','08:04:24','17:07:30',3),(1683,17,'2024-03-08','08:09:02','17:09:26',3),(1684,18,'2024-03-08','08:04:52','17:05:31',3),(1685,19,'2024-03-08','08:01:06','17:02:21',3),(1686,20,'2024-03-08','08:10:32','17:06:04',3),(1687,21,'2024-03-08','08:05:25','17:08:49',3),(1688,22,'2024-03-08','08:04:10','17:02:20',3),(1689,23,'2024-03-08','08:09:11','17:07:26',3),(1690,24,'2024-03-08','08:02:08','17:09:12',3),(1691,25,'2024-03-08','08:08:30','17:08:16',3),(1692,26,'2024-03-08','00:00:00','00:00:00',3),(1693,27,'2024-03-08','08:01:31','13:39:05',3),(1694,28,'2024-03-08','08:08:59','17:08:00',3),(1695,29,'2024-03-08','08:07:13','15:41:08',3),(1696,30,'2024-03-08','00:00:00','00:00:00',3),(1697,31,'2024-03-08','08:05:12','17:02:54',3),(1698,32,'2024-03-08','08:05:26','17:04:49',3),(1699,33,'2024-03-08','08:05:29','17:08:42',3),(1700,34,'2024-03-08','00:00:00','00:00:00',3),(1701,1,'2024-03-11','00:00:00','00:00:00',3),(1702,2,'2024-03-11','08:06:34','17:07:45',3),(1703,3,'2024-03-11','08:01:24','17:03:32',3),(1704,4,'2024-03-11','08:09:18','17:04:21',3),(1705,5,'2024-03-11','08:07:47','16:40:58',3),(1706,6,'2024-03-11','08:03:56','17:01:16',3),(1707,7,'2024-03-11','08:07:56','17:00:09',3),(1708,8,'2024-03-11','08:00:17','17:09:08',3),(1709,9,'2024-03-11','08:02:57','17:02:34',3),(1710,10,'2024-03-11','08:08:52','17:04:46',3),(1711,11,'2024-03-11','00:00:00','00:00:00',3),(1712,12,'2024-03-11','08:10:41','17:00:31',3),(1713,13,'2024-03-11','08:07:59','17:08:10',3),(1714,14,'2024-03-11','08:07:48','17:06:53',3),(1715,15,'2024-03-11','08:05:10','17:03:04',3),(1716,16,'2024-03-11','08:03:10','17:09:12',3),(1717,17,'2024-03-11','08:05:25','14:10:59',3),(1718,18,'2024-03-11','08:00:11','14:57:24',3),(1719,19,'2024-03-11','08:05:54','17:05:42',3),(1720,20,'2024-03-11','00:00:00','00:00:00',3),(1721,21,'2024-03-11','08:08:36','17:04:29',3),(1722,22,'2024-03-11','08:08:06','17:08:31',3),(1723,23,'2024-03-11','08:11:34','17:07:15',3),(1724,24,'2024-03-11','08:10:49','17:09:54',3),(1725,25,'2024-03-11','08:10:41','17:06:36',3),(1726,26,'2024-03-11','08:01:12','17:04:48',3),(1727,27,'2024-03-11','08:11:28','17:05:45',3),(1728,28,'2024-03-11','08:07:29','17:00:43',3),(1729,29,'2024-03-11','08:09:57','17:04:07',3),(1730,30,'2024-03-11','08:06:36','17:09:59',3),(1731,31,'2024-03-11','08:11:56','17:07:52',3),(1732,32,'2024-03-11','08:01:19','17:04:56',3),(1733,33,'2024-03-11','08:01:39','17:02:18',3),(1734,34,'2024-03-11','08:10:33','17:02:58',3),(1735,1,'2024-03-12','08:09:04','17:03:37',3),(1736,2,'2024-03-12','08:00:56','17:05:17',3),(1737,3,'2024-03-12','08:10:45','17:06:30',3),(1738,4,'2024-03-12','08:03:19','17:02:53',3),(1739,5,'2024-03-12','08:00:43','17:00:53',3),(1740,6,'2024-03-12','08:01:54','17:07:18',3),(1741,7,'2024-03-12','08:10:39','17:00:43',3),(1742,8,'2024-03-12','08:11:18','17:05:22',3),(1743,9,'2024-03-12','08:00:50','17:03:55',3),(1744,10,'2024-03-12','08:04:20','17:01:41',3),(1745,11,'2024-03-12','08:00:25','17:00:01',3),(1746,12,'2024-03-12','08:04:43','17:09:49',3),(1747,13,'2024-03-12','08:00:05','17:01:42',3),(1748,14,'2024-03-12','08:00:06','14:57:24',3),(1749,15,'2024-03-12','08:03:13','17:40:02',3),(1750,16,'2024-03-12','08:10:14','17:02:55',3),(1751,17,'2024-03-12','08:07:30','17:05:34',3),(1752,18,'2024-03-12','08:03:27','17:03:27',3),(1753,19,'2024-03-12','08:00:49','17:04:24',3),(1754,20,'2024-03-12','08:11:21','17:02:35',3),(1755,21,'2024-03-12','08:04:56','17:06:34',3),(1756,22,'2024-03-12','08:09:55','17:09:24',3),(1757,23,'2024-03-12','08:09:39','15:36:31',3),(1758,24,'2024-03-12','08:09:55','17:04:21',3),(1759,25,'2024-03-12','08:03:32','17:04:13',3),(1760,26,'2024-03-12','08:10:53','17:06:16',3),(1761,27,'2024-03-12','08:01:38','17:09:35',3),(1762,28,'2024-03-12','08:01:52','17:01:58',3),(1763,29,'2024-03-12','08:08:51','17:09:53',3),(1764,30,'2024-03-12','08:00:11','17:08:00',3),(1765,31,'2024-03-12','08:02:54','17:06:31',3),(1766,32,'2024-03-12','08:05:35','17:05:11',3),(1767,33,'2024-03-12','08:07:33','16:35:30',3),(1768,34,'2024-03-12','08:11:41','17:03:35',3),(1769,1,'2024-03-13','08:02:30','16:28:28',3),(1770,2,'2024-03-13','08:03:26','17:05:06',3),(1771,3,'2024-03-13','00:00:00','00:00:00',3),(1772,4,'2024-03-13','08:08:36','17:01:55',3),(1773,5,'2024-03-13','08:09:29','17:03:41',3),(1774,6,'2024-03-13','08:04:35','17:07:29',3),(1775,7,'2024-03-13','08:07:00','17:07:23',3),(1776,8,'2024-03-13','08:01:13','17:01:59',3),(1777,9,'2024-03-13','08:05:26','17:04:47',3),(1778,10,'2024-03-13','08:11:15','17:08:05',3),(1779,11,'2024-03-13','08:04:30','14:52:57',3),(1780,12,'2024-03-13','08:09:19','17:02:32',3),(1781,13,'2024-03-13','08:06:53','17:04:30',3),(1782,14,'2024-03-13','08:08:37','16:39:14',3),(1783,15,'2024-03-13','08:02:41','17:06:46',3),(1784,16,'2024-03-13','08:02:38','17:05:09',3),(1785,17,'2024-03-13','08:02:17','17:04:17',3),(1786,18,'2024-03-13','08:02:29','17:03:13',3),(1787,19,'2024-03-13','08:06:35','17:09:55',3),(1788,20,'2024-03-13','08:09:02','17:07:36',3),(1789,21,'2024-03-13','00:00:00','00:00:00',3),(1790,22,'2024-03-13','08:02:00','17:08:48',3),(1791,23,'2024-03-13','08:08:45','17:02:39',3),(1792,24,'2024-03-13','08:03:42','17:07:17',3),(1793,25,'2024-03-13','08:06:31','17:01:24',3),(1794,26,'2024-03-13','08:00:54','17:06:29',3),(1795,27,'2024-03-13','08:09:41','17:07:10',3),(1796,28,'2024-03-13','08:04:09','17:09:00',3),(1797,29,'2024-03-13','08:00:16','17:04:31',3),(1798,30,'2024-03-13','08:10:45','17:00:50',3),(1799,31,'2024-03-13','08:10:32','17:08:37',3),(1800,32,'2024-03-13','08:03:16','17:04:46',3),(1801,33,'2024-03-13','08:00:47','17:00:19',3),(1802,34,'2024-03-13','08:05:40','17:06:05',3),(1803,1,'2024-03-14','08:00:17','17:00:06',3),(1804,2,'2024-03-14','08:02:52','17:09:50',3),(1805,3,'2024-03-14','08:06:54','17:02:54',3),(1806,4,'2024-03-14','08:09:36','17:00:38',3),(1807,5,'2024-03-14','00:00:00','00:00:00',3),(1808,6,'2024-03-14','08:10:21','17:08:34',3),(1809,7,'2024-03-14','08:05:47','17:02:42',3),(1810,8,'2024-03-14','08:00:00','17:08:52',3),(1811,9,'2024-03-14','08:08:13','17:03:20',3),(1812,10,'2024-03-14','08:09:11','14:41:58',3),(1813,11,'2024-03-14','08:00:47','17:02:13',3),(1814,12,'2024-03-14','08:00:37','17:05:01',3),(1815,13,'2024-03-14','08:08:04','17:05:50',3),(1816,14,'2024-03-14','08:04:41','17:01:49',3),(1817,15,'2024-03-14','00:00:00','00:00:00',3),(1818,16,'2024-03-14','00:00:00','00:00:00',3),(1819,17,'2024-03-14','08:03:29','17:08:31',3),(1820,18,'2024-03-14','08:05:14','17:07:28',3),(1821,19,'2024-03-14','08:05:33','17:07:55',3),(1822,20,'2024-03-14','08:02:44','17:06:47',3),(1823,21,'2024-03-14','08:06:11','17:01:33',3),(1824,22,'2024-03-14','08:08:38','17:03:37',3),(1825,23,'2024-03-14','08:02:01','17:03:21',3),(1826,24,'2024-03-14','08:09:58','15:28:17',3),(1827,25,'2024-03-14','08:07:59','17:08:41',3),(1828,26,'2024-03-14','08:11:21','17:06:26',3),(1829,27,'2024-03-14','00:00:00','00:00:00',3),(1830,28,'2024-03-14','00:00:00','00:00:00',3),(1831,29,'2024-03-14','08:06:42','17:03:45',3),(1832,30,'2024-03-14','08:02:48','17:04:06',3),(1833,31,'2024-03-14','08:07:26','17:04:33',3),(1834,32,'2024-03-14','08:04:15','17:05:47',3),(1835,33,'2024-03-14','00:00:00','00:00:00',3),(1836,34,'2024-03-14','08:09:53','17:00:35',3),(1837,1,'2024-03-15','08:06:50','17:07:36',3),(1838,2,'2024-03-15','08:04:07','17:08:38',3),(1839,3,'2024-03-15','08:11:53','17:04:56',3),(1840,4,'2024-03-15','08:10:15','17:00:17',3),(1841,5,'2024-03-15','08:09:32','17:02:46',3),(1842,6,'2024-03-15','00:00:00','00:00:00',3),(1843,7,'2024-03-15','08:06:59','17:04:37',3),(1844,8,'2024-03-15','08:08:38','17:03:58',3),(1845,9,'2024-03-15','08:01:21','17:03:36',3),(1846,10,'2024-03-15','08:05:56','17:01:20',3),(1847,11,'2024-03-15','08:08:32','17:00:34',3),(1848,12,'2024-03-15','08:06:07','17:07:15',3),(1849,13,'2024-03-15','08:05:49','14:16:34',3),(1850,14,'2024-03-15','08:01:29','17:00:48',3),(1851,15,'2024-03-15','08:00:41','17:04:05',3),(1852,16,'2024-03-15','08:00:13','15:39:17',3),(1853,17,'2024-03-15','08:08:35','17:00:03',3),(1854,18,'2024-03-15','08:04:58','17:00:21',3),(1855,19,'2024-03-15','08:05:16','17:00:22',3),(1856,20,'2024-03-15','00:00:00','00:00:00',3),(1857,21,'2024-03-15','08:04:45','17:43:19',3),(1858,22,'2024-03-15','08:05:45','17:08:33',3),(1859,23,'2024-03-15','08:00:10','17:07:13',3),(1860,24,'2024-03-15','08:02:42','17:06:00',3),(1861,25,'2024-03-15','08:05:21','13:00:43',3),(1862,26,'2024-03-15','08:00:30','17:02:32',3),(1863,27,'2024-03-15','08:01:38','17:00:49',3),(1864,28,'2024-03-15','08:04:39','17:08:43',3),(1865,29,'2024-03-15','08:08:48','17:04:23',3),(1866,30,'2024-03-15','08:08:54','17:09:57',3),(1867,31,'2024-03-15','08:07:23','17:05:35',3),(1868,32,'2024-03-15','08:09:09','17:05:45',3),(1869,33,'2024-03-15','08:04:38','17:06:16',3),(1870,34,'2024-03-15','08:01:35','16:39:59',3),(1871,1,'2024-03-18','00:00:00','00:00:00',3),(1872,2,'2024-03-18','08:05:31','17:00:27',3),(1873,3,'2024-03-18','08:00:13','17:01:38',3),(1874,4,'2024-03-18','08:06:18','15:54:52',3),(1875,5,'2024-03-18','08:03:33','16:18:45',3),(1876,6,'2024-03-18','08:03:46','17:09:13',3),(1877,7,'2024-03-18','08:11:28','16:21:12',3),(1878,8,'2024-03-18','08:04:58','17:05:45',3),(1879,9,'2024-03-18','08:03:04','17:04:45',3),(1880,10,'2024-03-18','08:09:56','16:51:06',3),(1881,11,'2024-03-18','08:03:20','17:04:41',3),(1882,12,'2024-03-18','08:05:47','16:39:47',3),(1883,13,'2024-03-18','08:01:33','17:03:51',3),(1884,14,'2024-03-18','08:07:14','17:08:55',3),(1885,15,'2024-03-18','08:08:47','17:08:35',3),(1886,16,'2024-03-18','00:00:00','00:00:00',3),(1887,17,'2024-03-18','08:10:36','17:03:48',3),(1888,18,'2024-03-18','08:09:22','13:30:56',3),(1889,19,'2024-03-18','08:11:18','17:07:57',3),(1890,20,'2024-03-18','08:04:40','17:05:35',3),(1891,21,'2024-03-18','08:02:18','17:05:12',3),(1892,22,'2024-03-18','08:10:17','14:45:08',3),(1893,23,'2024-03-18','08:06:39','17:00:14',3),(1894,24,'2024-03-18','08:01:50','17:02:29',3),(1895,25,'2024-03-18','08:09:42','17:03:05',3),(1896,26,'2024-03-18','00:00:00','00:00:00',3),(1897,27,'2024-03-18','08:02:11','17:06:26',3),(1898,28,'2024-03-18','08:05:55','17:02:28',3),(1899,29,'2024-03-18','08:04:02','17:38:08',3),(1900,30,'2024-03-18','08:08:22','17:30:20',3),(1901,31,'2024-03-18','08:09:09','17:03:04',3),(1902,32,'2024-03-18','08:04:28','13:20:33',3),(1903,33,'2024-03-18','08:08:16','17:06:40',3),(1904,34,'2024-03-18','08:01:45','17:01:54',3),(1905,1,'2024-03-19','08:01:37','17:06:11',3),(1906,2,'2024-03-19','08:04:46','17:01:32',3),(1907,3,'2024-03-19','00:00:00','00:00:00',3),(1908,4,'2024-03-19','00:00:00','00:00:00',3),(1909,5,'2024-03-19','08:11:37','17:06:37',3),(1910,6,'2024-03-19','08:00:24','17:00:21',3),(1911,7,'2024-03-19','08:09:23','17:08:01',3),(1912,8,'2024-03-19','08:03:33','17:09:57',3),(1913,9,'2024-03-19','08:01:44','17:01:24',3),(1914,10,'2024-03-19','08:08:09','13:20:00',3),(1915,11,'2024-03-19','08:03:25','17:06:44',3),(1916,12,'2024-03-19','08:04:56','17:02:52',3),(1917,13,'2024-03-19','08:11:06','17:04:18',3),(1918,14,'2024-03-19','08:11:52','17:05:02',3),(1919,15,'2024-03-19','08:05:58','17:08:32',3),(1920,16,'2024-03-19','08:02:23','17:04:00',3),(1921,17,'2024-03-19','08:09:55','17:07:40',3),(1922,18,'2024-03-19','08:05:31','17:08:41',3),(1923,19,'2024-03-19','00:00:00','00:00:00',3),(1924,20,'2024-03-19','08:11:26','17:00:53',3),(1925,21,'2024-03-19','08:05:29','17:03:12',3),(1926,22,'2024-03-19','08:03:39','17:05:04',3),(1927,23,'2024-03-19','08:08:48','17:03:17',3),(1928,24,'2024-03-19','08:03:12','17:02:40',3),(1929,25,'2024-03-19','08:06:19','17:04:15',3),(1930,26,'2024-03-19','08:06:28','17:01:14',3),(1931,27,'2024-03-19','08:00:23','17:00:37',3),(1932,28,'2024-03-19','00:00:00','00:00:00',3),(1933,29,'2024-03-19','08:04:53','14:08:41',3),(1934,30,'2024-03-19','08:06:58','17:04:52',3),(1935,31,'2024-03-19','08:11:03','17:04:23',3),(1936,32,'2024-03-19','08:10:23','17:03:42',3),(1937,33,'2024-03-19','08:11:09','17:09:18',3),(1938,34,'2024-03-19','08:04:42','17:03:37',3),(1939,1,'2024-03-20','08:11:45','17:06:22',3),(1940,2,'2024-03-20','08:10:38','17:06:49',3),(1941,3,'2024-03-20','08:02:51','17:04:48',3),(1942,4,'2024-03-20','08:09:16','17:04:10',3),(1943,5,'2024-03-20','08:02:08','17:01:55',3),(1944,6,'2024-03-20','00:00:00','00:00:00',3),(1945,7,'2024-03-20','08:11:41','17:04:30',3),(1946,8,'2024-03-20','08:04:19','17:02:19',3),(1947,9,'2024-03-20','08:00:08','17:02:32',3),(1948,10,'2024-03-20','08:06:32','15:33:19',3),(1949,11,'2024-03-20','08:03:04','17:07:46',3),(1950,12,'2024-03-20','08:08:03','17:09:20',3),(1951,13,'2024-03-20','08:01:19','17:09:40',3),(1952,14,'2024-03-20','08:05:14','17:09:34',3),(1953,15,'2024-03-20','08:04:29','17:09:35',3),(1954,16,'2024-03-20','08:06:34','15:21:38',3),(1955,17,'2024-03-20','08:03:40','17:01:46',3),(1956,18,'2024-03-20','08:03:21','17:08:26',3),(1957,19,'2024-03-20','08:07:04','17:07:45',3),(1958,20,'2024-03-20','00:00:00','00:00:00',3),(1959,21,'2024-03-20','08:03:27','17:03:28',3),(1960,22,'2024-03-20','08:05:27','17:04:40',3),(1961,23,'2024-03-20','08:11:35','17:00:34',3),(1962,24,'2024-03-20','00:00:00','00:00:00',3),(1963,25,'2024-03-20','00:00:00','00:00:00',3),(1964,26,'2024-03-20','08:08:58','17:00:39',3),(1965,27,'2024-03-20','08:07:26','17:07:59',3),(1966,28,'2024-03-20','08:03:15','17:02:00',3),(1967,29,'2024-03-20','08:11:02','17:03:30',3),(1968,30,'2024-03-20','00:00:00','00:00:00',3),(1969,31,'2024-03-20','08:01:06','17:04:45',3),(1970,32,'2024-03-20','08:09:34','14:23:34',3),(1971,33,'2024-03-20','08:04:15','15:00:10',3),(1972,34,'2024-03-20','08:00:46','17:07:50',3),(1973,1,'2024-03-21','08:10:18','17:08:19',3),(1974,2,'2024-03-21','08:06:18','17:00:07',3),(1975,3,'2024-03-21','08:08:39','13:32:16',3),(1976,4,'2024-03-21','08:03:38','17:00:03',3),(1977,5,'2024-03-21','08:07:42','17:04:09',3),(1978,6,'2024-03-21','08:00:37','17:00:53',3),(1979,7,'2024-03-21','08:00:57','17:07:52',3),(1980,8,'2024-03-21','08:08:06','17:02:59',3),(1981,9,'2024-03-21','08:04:29','17:09:35',3),(1982,10,'2024-03-21','08:00:48','17:02:12',3),(1983,11,'2024-03-21','08:09:50','17:24:10',3),(1984,12,'2024-03-21','08:07:08','16:53:43',3),(1985,13,'2024-03-21','08:01:27','17:08:09',3),(1986,14,'2024-03-21','00:00:00','00:00:00',3),(1987,15,'2024-03-21','08:07:54','17:08:09',3),(1988,16,'2024-03-21','08:05:01','17:00:38',3),(1989,17,'2024-03-21','08:07:55','17:07:04',3),(1990,18,'2024-03-21','08:00:34','17:06:38',3),(1991,19,'2024-03-21','08:02:55','17:04:38',3),(1992,20,'2024-03-21','08:04:49','14:44:53',3),(1993,21,'2024-03-21','00:00:00','00:00:00',3),(1994,22,'2024-03-21','08:07:16','17:52:24',3),(1995,23,'2024-03-21','00:00:00','00:00:00',3),(1996,24,'2024-03-21','08:07:20','17:04:20',3),(1997,25,'2024-03-21','08:07:15','17:00:31',3),(1998,26,'2024-03-21','08:07:54','17:03:32',3),(1999,27,'2024-03-21','08:07:06','17:07:07',3),(2000,28,'2024-03-21','08:11:06','17:01:25',3),(2001,29,'2024-03-21','08:00:56','17:06:26',3),(2002,30,'2024-03-21','08:03:20','17:06:46',3),(2003,31,'2024-03-21','00:00:00','00:00:00',3),(2004,32,'2024-03-21','08:09:46','17:08:39',3),(2005,33,'2024-03-21','08:10:00','17:05:57',3),(2006,34,'2024-03-21','08:07:49','17:05:38',3),(2007,1,'2024-03-22','08:03:36','17:00:17',3),(2008,2,'2024-03-22','08:09:00','17:01:44',3),(2009,3,'2024-03-22','08:02:24','17:04:47',3),(2010,4,'2024-03-22','08:07:53','17:04:22',3),(2011,5,'2024-03-22','08:03:50','15:24:17',3),(2012,6,'2024-03-22','00:00:00','00:00:00',3),(2013,7,'2024-03-22','08:05:46','17:05:16',3),(2014,8,'2024-03-22','08:01:08','17:08:10',3),(2015,9,'2024-03-22','08:03:14','17:09:25',3),(2016,10,'2024-03-22','08:08:13','17:00:22',3),(2017,11,'2024-03-22','00:00:00','00:00:00',3),(2018,12,'2024-03-22','08:07:07','17:00:31',3),(2019,13,'2024-03-22','08:11:36','17:06:32',3),(2020,14,'2024-03-22','08:06:57','17:05:39',3),(2021,15,'2024-03-22','08:09:09','17:00:08',3),(2022,16,'2024-03-22','08:11:03','17:05:35',3),(2023,17,'2024-03-22','08:02:49','17:04:30',3),(2024,18,'2024-03-22','08:10:54','17:08:03',3),(2025,19,'2024-03-22','08:01:08','17:05:14',3),(2026,20,'2024-03-22','08:01:57','17:09:54',3),(2027,21,'2024-03-22','08:08:19','17:02:15',3),(2028,22,'2024-03-22','00:00:00','00:00:00',3),(2029,23,'2024-03-22','08:00:38','17:09:09',3),(2030,24,'2024-03-22','08:09:34','17:02:36',3),(2031,25,'2024-03-22','08:00:11','17:00:39',3),(2032,26,'2024-03-22','08:05:34','15:32:13',3),(2033,27,'2024-03-22','08:06:56','17:02:18',3),(2034,28,'2024-03-22','08:11:50','17:00:56',3),(2035,29,'2024-03-22','08:09:23','17:07:58',3),(2036,30,'2024-03-22','08:08:27','17:07:43',3),(2037,31,'2024-03-22','00:00:00','00:00:00',3),(2038,32,'2024-03-22','08:07:58','17:09:34',3),(2039,33,'2024-03-22','08:06:19','17:01:01',3),(2040,34,'2024-03-22','08:10:48','17:01:56',3),(2041,1,'2024-03-25','08:08:03','17:13:39',3),(2042,2,'2024-03-25','08:07:59','17:02:17',3),(2043,3,'2024-03-25','08:05:58','14:55:35',3),(2044,4,'2024-03-25','08:09:19','14:59:43',3),(2045,5,'2024-03-25','08:07:22','17:02:03',3),(2046,6,'2024-03-25','08:07:17','15:57:25',3),(2047,7,'2024-03-25','08:08:31','17:06:10',3),(2048,8,'2024-03-25','08:05:18','17:03:34',3),(2049,9,'2024-03-25','08:05:18','17:08:58',3),(2050,10,'2024-03-25','08:09:47','17:03:14',3),(2051,11,'2024-03-25','08:08:53','17:09:46',3),(2052,12,'2024-03-25','08:07:08','17:08:14',3),(2053,13,'2024-03-25','08:06:50','17:05:44',3),(2054,14,'2024-03-25','08:00:58','17:00:24',3),(2055,15,'2024-03-25','08:05:33','17:00:18',3),(2056,16,'2024-03-25','08:00:15','17:00:58',3),(2057,17,'2024-03-25','00:00:00','00:00:00',3),(2058,18,'2024-03-25','00:00:00','00:00:00',3),(2059,19,'2024-03-25','08:04:36','14:09:19',3),(2060,20,'2024-03-25','08:02:54','17:06:18',3),(2061,21,'2024-03-25','00:00:00','00:00:00',3),(2062,22,'2024-03-25','08:03:47','17:05:28',3),(2063,23,'2024-03-25','08:01:26','13:11:20',3),(2064,24,'2024-03-25','08:10:21','17:04:13',3),(2065,25,'2024-03-25','08:09:36','17:03:08',3),(2066,26,'2024-03-25','08:05:51','17:03:59',3),(2067,27,'2024-03-25','08:06:14','17:02:59',3),(2068,28,'2024-03-25','08:11:49','17:04:22',3),(2069,29,'2024-03-25','08:06:12','17:08:13',3),(2070,30,'2024-03-25','08:03:57','17:07:30',3),(2071,31,'2024-03-25','08:01:11','17:00:19',3),(2072,32,'2024-03-25','08:05:58','17:01:17',3),(2073,33,'2024-03-25','08:07:30','17:03:45',3),(2074,34,'2024-03-25','00:00:00','00:00:00',3),(2075,1,'2024-03-26','08:08:16','17:05:58',3),(2076,2,'2024-03-26','08:06:20','17:09:52',3),(2077,3,'2024-03-26','08:03:34','17:04:47',3),(2078,4,'2024-03-26','08:00:43','17:01:39',3),(2079,5,'2024-03-26','08:00:49','17:02:09',3),(2080,6,'2024-03-26','08:04:50','17:07:48',3),(2081,7,'2024-03-26','08:02:56','17:08:27',3),(2082,8,'2024-03-26','08:03:07','17:06:36',3),(2083,9,'2024-03-26','00:00:00','00:00:00',3),(2084,10,'2024-03-26','08:09:15','17:09:44',3),(2085,11,'2024-03-26','08:02:49','14:21:34',3),(2086,12,'2024-03-26','08:00:23','15:54:09',3),(2087,13,'2024-03-26','08:07:31','14:05:07',3),(2088,14,'2024-03-26','08:05:31','17:48:47',3),(2089,15,'2024-03-26','08:09:55','15:45:18',3),(2090,16,'2024-03-26','08:04:39','17:04:08',3),(2091,17,'2024-03-26','08:00:26','17:02:36',3),(2092,18,'2024-03-26','08:07:27','17:09:13',3),(2093,19,'2024-03-26','08:03:39','15:58:47',3),(2094,20,'2024-03-26','00:00:00','00:00:00',3),(2095,21,'2024-03-26','08:09:52','15:30:39',3),(2096,22,'2024-03-26','08:05:46','17:05:09',3),(2097,23,'2024-03-26','08:00:58','17:03:38',3),(2098,24,'2024-03-26','08:04:19','17:06:36',3),(2099,25,'2024-03-26','08:07:31','17:02:10',3),(2100,26,'2024-03-26','08:03:13','17:23:38',3),(2101,27,'2024-03-26','08:11:52','17:02:04',3),(2102,28,'2024-03-26','08:05:19','17:08:59',3),(2103,29,'2024-03-26','08:10:41','17:01:06',3),(2104,30,'2024-03-26','00:00:00','00:00:00',3),(2105,31,'2024-03-26','08:10:24','17:02:29',3),(2106,32,'2024-03-26','08:06:26','17:04:58',3),(2107,33,'2024-03-26','08:04:48','17:04:00',3),(2108,34,'2024-03-26','08:07:09','17:04:45',3),(2109,1,'2024-03-27','08:08:59','16:20:35',3),(2110,2,'2024-03-27','08:06:29','14:56:25',3),(2111,3,'2024-03-27','08:10:00','17:04:46',3),(2112,4,'2024-03-27','00:00:00','00:00:00',3),(2113,5,'2024-03-27','08:09:45','17:08:51',3),(2114,6,'2024-03-27','08:08:14','17:01:25',3),(2115,7,'2024-03-27','08:00:39','17:05:28',3),(2116,8,'2024-03-27','08:03:31','17:07:11',3),(2117,9,'2024-03-27','08:10:42','14:46:20',3),(2118,10,'2024-03-27','00:00:00','00:00:00',3),(2119,11,'2024-03-27','08:05:40','15:12:11',3),(2120,12,'2024-03-27','08:04:53','17:04:14',3),(2121,13,'2024-03-27','08:09:48','17:08:01',3),(2122,14,'2024-03-27','08:07:20','17:09:35',3),(2123,15,'2024-03-27','08:07:51','17:00:10',3),(2124,16,'2024-03-27','08:09:12','17:05:41',3),(2125,17,'2024-03-27','08:11:22','17:05:08',3),(2126,18,'2024-03-27','08:00:25','17:02:13',3),(2127,19,'2024-03-27','08:10:44','15:37:14',3),(2128,20,'2024-03-27','08:00:04','15:18:30',3),(2129,21,'2024-03-27','00:00:00','00:00:00',3),(2130,22,'2024-03-27','08:07:54','17:05:34',3),(2131,23,'2024-03-27','08:01:49','17:00:07',3),(2132,24,'2024-03-27','08:07:24','15:36:00',3),(2133,25,'2024-03-27','08:07:29','17:04:49',3),(2134,26,'2024-03-27','08:03:33','17:06:14',3),(2135,27,'2024-03-27','08:06:20','17:02:14',3),(2136,28,'2024-03-27','08:04:33','17:03:53',3),(2137,29,'2024-03-27','00:00:00','00:00:00',3),(2138,30,'2024-03-27','08:06:10','13:30:53',3),(2139,31,'2024-03-27','08:10:01','13:59:51',3),(2140,32,'2024-03-27','08:10:18','17:05:03',3),(2141,33,'2024-03-27','08:01:00','17:09:30',3),(2142,34,'2024-03-27','08:07:23','17:01:58',3),(2143,1,'2024-03-28','08:11:08','17:01:13',3),(2144,2,'2024-03-28','08:08:50','13:08:10',3),(2145,3,'2024-03-28','08:11:38','17:07:05',3),(2146,4,'2024-03-28','08:10:33','17:02:54',3),(2147,5,'2024-03-28','08:01:32','15:19:46',3),(2148,6,'2024-03-28','08:05:59','17:06:27',3),(2149,7,'2024-03-28','08:06:03','17:03:50',3),(2150,8,'2024-03-28','08:06:13','17:05:09',3),(2151,9,'2024-03-28','08:06:35','17:02:37',3),(2152,10,'2024-03-28','08:03:29','17:05:15',3),(2153,11,'2024-03-28','08:09:02','15:36:15',3),(2154,12,'2024-03-28','08:06:59','16:00:55',3),(2155,13,'2024-03-28','08:09:26','17:05:13',3),(2156,14,'2024-03-28','08:11:22','17:07:44',3),(2157,15,'2024-03-28','08:05:38','17:08:33',3),(2158,16,'2024-03-28','08:09:25','17:08:22',3),(2159,17,'2024-03-28','08:03:38','17:06:22',3),(2160,18,'2024-03-28','08:03:15','17:09:47',3),(2161,19,'2024-03-28','08:01:23','17:03:13',3),(2162,20,'2024-03-28','08:00:21','17:05:20',3),(2163,21,'2024-03-28','00:00:00','00:00:00',3),(2164,22,'2024-03-28','08:02:14','17:04:24',3),(2165,23,'2024-03-28','08:06:48','17:02:26',3),(2166,24,'2024-03-28','08:06:12','17:03:54',3),(2167,25,'2024-03-28','00:00:00','00:00:00',3),(2168,26,'2024-03-28','08:08:38','17:09:12',3),(2169,27,'2024-03-28','08:00:35','17:02:30',3),(2170,28,'2024-03-28','08:07:27','17:04:39',3),(2171,29,'2024-03-28','08:06:31','17:26:22',3),(2172,30,'2024-03-28','08:09:19','17:02:26',3),(2173,31,'2024-03-28','08:09:22','17:09:05',3),(2174,32,'2024-03-28','08:10:44','17:04:40',3),(2175,33,'2024-03-28','08:08:37','17:02:42',3),(2176,34,'2024-03-28','08:02:09','16:25:18',3),(2177,1,'2024-03-29','08:03:19','17:08:06',3),(2178,2,'2024-03-29','08:10:43','17:04:31',3),(2179,3,'2024-03-29','08:05:26','17:00:08',3),(2180,4,'2024-03-29','08:01:49','17:01:20',3),(2181,5,'2024-03-29','08:08:46','17:07:14',3),(2182,6,'2024-03-29','08:01:48','17:02:27',3),(2183,7,'2024-03-29','08:11:40','17:06:45',3),(2184,8,'2024-03-29','08:05:32','17:03:13',3),(2185,9,'2024-03-29','08:07:06','17:05:49',3),(2186,10,'2024-03-29','08:10:42','17:09:07',3),(2187,11,'2024-03-29','08:00:59','17:08:06',3),(2188,12,'2024-03-29','08:06:09','17:06:36',3),(2189,13,'2024-03-29','08:09:16','17:06:08',3),(2190,14,'2024-03-29','08:00:44','17:02:20',3),(2191,15,'2024-03-29','08:08:18','17:04:59',3),(2192,16,'2024-03-29','08:11:02','17:24:43',3),(2193,17,'2024-03-29','00:00:00','00:00:00',3),(2194,18,'2024-03-29','00:00:00','00:00:00',3),(2195,19,'2024-03-29','08:05:21','16:51:20',3),(2196,20,'2024-03-29','08:04:30','17:09:05',3),(2197,21,'2024-03-29','08:05:48','17:00:07',3),(2198,22,'2024-03-29','08:01:06','17:02:00',3),(2199,23,'2024-03-29','08:09:32','17:07:01',3),(2200,24,'2024-03-29','08:08:55','17:02:44',3),(2201,25,'2024-03-29','08:00:59','17:01:08',3),(2202,26,'2024-03-29','08:09:18','17:04:43',3),(2203,27,'2024-03-29','08:08:42','17:06:35',3),(2204,28,'2024-03-29','08:08:03','17:02:22',3),(2205,29,'2024-03-29','08:05:52','14:29:08',3),(2206,30,'2024-03-29','08:06:54','17:08:27',3),(2207,31,'2024-03-29','08:07:06','17:04:15',3),(2208,32,'2024-03-29','08:06:03','17:07:59',3),(2209,33,'2024-03-29','08:09:01','17:07:09',3),(2210,34,'2024-03-29','08:06:02','17:04:31',3),(2211,1,'2024-04-01','08:09:26','16:24:42',4),(2212,2,'2024-04-01','08:09:28','17:20:47',4),(2213,3,'2024-04-01','08:02:37','17:07:37',4),(2214,4,'2024-04-01','08:11:56','17:02:21',4),(2215,5,'2024-04-01','08:11:28','17:05:00',4),(2216,6,'2024-04-01','08:09:48','17:08:43',4),(2217,7,'2024-04-01','08:10:44','17:00:49',4),(2218,8,'2024-04-01','08:06:25','17:05:02',4),(2219,9,'2024-04-01','08:09:57','17:00:18',4),(2220,10,'2024-04-01','08:06:57','17:05:37',4),(2221,11,'2024-04-01','08:05:18','17:02:11',4),(2222,12,'2024-04-01','08:03:39','17:09:31',4),(2223,13,'2024-04-01','08:01:24','16:54:49',4),(2224,14,'2024-04-01','08:00:36','17:03:49',4),(2225,15,'2024-04-01','08:06:29','17:05:47',4),(2226,16,'2024-04-01','08:08:16','17:05:13',4),(2227,17,'2024-04-01','08:09:04','17:07:45',4),(2228,18,'2024-04-01','08:06:06','17:00:54',4),(2229,19,'2024-04-01','08:03:53','17:00:09',4),(2230,20,'2024-04-01','08:05:30','17:07:27',4),(2231,21,'2024-04-01','00:00:00','00:00:00',4),(2232,22,'2024-04-01','08:05:20','17:07:10',4),(2233,23,'2024-04-01','08:06:25','17:04:29',4),(2234,24,'2024-04-01','00:00:00','00:00:00',4),(2235,25,'2024-04-01','08:07:49','17:04:35',4),(2236,26,'2024-04-01','08:03:08','17:03:40',4),(2237,27,'2024-04-01','08:10:26','17:09:58',4),(2238,28,'2024-04-01','08:02:25','17:01:57',4),(2239,29,'2024-04-01','08:00:29','17:09:29',4),(2240,30,'2024-04-01','08:00:32','17:00:59',4),(2241,31,'2024-04-01','08:00:23','17:06:41',4),(2242,32,'2024-04-01','08:08:06','17:08:50',4),(2243,33,'2024-04-01','08:07:54','17:00:55',4),(2244,34,'2024-04-01','08:01:17','17:07:18',4),(2245,1,'2024-04-02','08:05:12','17:06:33',4),(2246,2,'2024-04-02','08:05:02','17:03:38',4),(2247,3,'2024-04-02','08:01:46','17:09:35',4),(2248,4,'2024-04-02','08:09:37','17:07:14',4),(2249,5,'2024-04-02','08:00:27','17:05:04',4),(2250,6,'2024-04-02','08:03:07','17:03:19',4),(2251,7,'2024-04-02','08:02:06','17:02:28',4),(2252,8,'2024-04-02','08:08:32','17:02:13',4),(2253,9,'2024-04-02','08:06:14','17:02:01',4),(2254,10,'2024-04-02','00:00:00','00:00:00',4),(2255,11,'2024-04-02','08:01:04','17:05:01',4),(2256,12,'2024-04-02','00:00:00','00:00:00',4),(2257,13,'2024-04-02','08:03:01','17:03:01',4),(2258,14,'2024-04-02','08:07:46','14:39:42',4),(2259,15,'2024-04-02','08:00:47','17:04:48',4),(2260,16,'2024-04-02','08:05:34','17:04:11',4),(2261,17,'2024-04-02','08:01:11','17:06:33',4),(2262,18,'2024-04-02','08:06:27','17:09:59',4),(2263,19,'2024-04-02','08:04:10','17:06:27',4),(2264,20,'2024-04-02','00:00:00','00:00:00',4),(2265,21,'2024-04-02','08:00:12','17:01:24',4),(2266,22,'2024-04-02','08:05:04','17:17:49',4),(2267,23,'2024-04-02','08:06:08','17:02:53',4),(2268,24,'2024-04-02','08:00:09','17:00:35',4),(2269,25,'2024-04-02','08:10:23','17:03:48',4),(2270,26,'2024-04-02','08:00:02','17:03:53',4),(2271,27,'2024-04-02','08:06:54','17:06:31',4),(2272,28,'2024-04-02','08:03:01','15:58:15',4),(2273,29,'2024-04-02','08:08:14','15:45:22',4),(2274,30,'2024-04-02','08:01:08','17:06:55',4),(2275,31,'2024-04-02','08:06:31','17:06:48',4),(2276,32,'2024-04-02','08:06:14','17:07:52',4),(2277,33,'2024-04-02','00:00:00','00:00:00',4),(2278,34,'2024-04-02','08:10:05','17:04:51',4),(2279,1,'2024-04-03','08:07:49','17:03:19',4),(2280,2,'2024-04-03','08:06:59','17:03:39',4),(2281,3,'2024-04-03','00:00:00','00:00:00',4),(2282,4,'2024-04-03','08:07:18','17:01:37',4),(2283,5,'2024-04-03','08:01:28','17:09:36',4),(2284,6,'2024-04-03','00:00:00','00:00:00',4),(2285,7,'2024-04-03','00:00:00','00:00:00',4),(2286,8,'2024-04-03','08:04:44','16:26:11',4),(2287,9,'2024-04-03','08:11:24','17:05:50',4),(2288,10,'2024-04-03','08:02:40','17:06:23',4),(2289,11,'2024-04-03','08:02:42','17:00:04',4),(2290,12,'2024-04-03','08:04:30','17:02:15',4),(2291,13,'2024-04-03','08:07:01','17:16:54',4),(2292,14,'2024-04-03','08:09:21','17:00:37',4),(2293,15,'2024-04-03','08:04:04','17:08:31',4),(2294,16,'2024-04-03','08:01:01','17:05:48',4),(2295,17,'2024-04-03','00:00:00','00:00:00',4),(2296,18,'2024-04-03','08:05:39','13:06:19',4),(2297,19,'2024-04-03','08:00:09','17:03:23',4),(2298,20,'2024-04-03','00:00:00','00:00:00',4),(2299,21,'2024-04-03','08:06:13','17:00:48',4),(2300,22,'2024-04-03','08:09:24','17:04:48',4),(2301,23,'2024-04-03','00:00:00','00:00:00',4),(2302,24,'2024-04-03','08:05:29','17:05:23',4),(2303,25,'2024-04-03','08:05:00','17:05:33',4),(2304,26,'2024-04-03','08:09:37','17:00:05',4),(2305,27,'2024-04-03','08:03:07','17:00:54',4),(2306,28,'2024-04-03','08:10:25','17:01:43',4),(2307,29,'2024-04-03','08:11:55','17:05:50',4),(2308,30,'2024-04-03','08:02:53','17:04:20',4),(2309,31,'2024-04-03','08:07:05','17:01:57',4),(2310,32,'2024-04-03','08:09:56','17:14:13',4),(2311,33,'2024-04-03','08:00:09','17:01:17',4),(2312,34,'2024-04-03','08:03:36','17:09:32',4),(2313,1,'2024-04-04','08:06:40','17:06:06',4),(2314,2,'2024-04-04','08:02:17','17:07:28',4),(2315,3,'2024-04-04','08:11:13','17:02:23',4),(2316,4,'2024-04-04','08:00:59','17:08:52',4),(2317,5,'2024-04-04','00:00:00','00:00:00',4),(2318,6,'2024-04-04','08:05:18','17:03:12',4),(2319,7,'2024-04-04','08:09:05','17:07:52',4),(2320,8,'2024-04-04','08:09:09','17:08:05',4),(2321,9,'2024-04-04','08:10:37','17:02:13',4),(2322,10,'2024-04-04','08:06:17','17:00:15',4),(2323,11,'2024-04-04','08:10:55','17:01:02',4),(2324,12,'2024-04-04','08:08:47','17:04:31',4),(2325,13,'2024-04-04','08:08:39','17:02:01',4),(2326,14,'2024-04-04','08:11:09','15:52:13',4),(2327,15,'2024-04-04','08:04:17','17:05:05',4),(2328,16,'2024-04-04','08:00:26','17:08:52',4),(2329,17,'2024-04-04','08:00:32','17:25:47',4),(2330,18,'2024-04-04','08:00:59','15:43:09',4),(2331,19,'2024-04-04','08:04:18','17:56:27',4),(2332,20,'2024-04-04','08:02:40','17:09:10',4),(2333,21,'2024-04-04','08:09:29','17:05:39',4),(2334,22,'2024-04-04','08:05:04','16:23:58',4),(2335,23,'2024-04-04','08:01:20','17:01:48',4),(2336,24,'2024-04-04','08:01:56','17:06:40',4),(2337,25,'2024-04-04','00:00:00','00:00:00',4),(2338,26,'2024-04-04','08:05:30','17:09:56',4),(2339,27,'2024-04-04','08:09:32','15:29:41',4),(2340,28,'2024-04-04','08:05:07','17:03:01',4),(2341,29,'2024-04-04','08:02:14','17:09:47',4),(2342,30,'2024-04-04','08:07:09','17:01:02',4),(2343,31,'2024-04-04','08:01:09','15:07:47',4),(2344,32,'2024-04-04','08:05:40','17:08:14',4),(2345,33,'2024-04-04','08:04:37','17:00:03',4),(2346,34,'2024-04-04','08:04:44','17:03:28',4),(2347,1,'2024-04-05','08:10:46','17:03:41',4),(2348,2,'2024-04-05','08:06:07','17:00:05',4),(2349,3,'2024-04-05','08:10:20','17:09:12',4),(2350,4,'2024-04-05','08:00:45','17:05:46',4),(2351,5,'2024-04-05','00:00:00','00:00:00',4),(2352,6,'2024-04-05','08:08:07','15:08:44',4),(2353,7,'2024-04-05','08:02:56','17:00:02',4),(2354,8,'2024-04-05','08:08:05','17:03:02',4),(2355,9,'2024-04-05','08:08:13','17:05:39',4),(2356,10,'2024-04-05','08:07:20','17:05:35',4),(2357,11,'2024-04-05','08:10:23','17:01:16',4),(2358,12,'2024-04-05','08:03:10','17:02:27',4),(2359,13,'2024-04-05','08:04:41','17:06:50',4),(2360,14,'2024-04-05','08:03:27','15:49:41',4),(2361,15,'2024-04-05','08:06:03','17:05:48',4),(2362,16,'2024-04-05','08:01:27','17:01:20',4),(2363,17,'2024-04-05','08:09:25','17:01:24',4),(2364,18,'2024-04-05','08:09:35','17:08:49',4),(2365,19,'2024-04-05','00:00:00','00:00:00',4),(2366,20,'2024-04-05','08:07:50','17:06:37',4),(2367,21,'2024-04-05','08:01:43','17:08:45',4),(2368,22,'2024-04-05','08:07:44','17:02:09',4),(2369,23,'2024-04-05','08:06:05','17:05:17',4),(2370,24,'2024-04-05','08:09:21','17:01:42',4),(2371,25,'2024-04-05','08:04:23','17:01:31',4),(2372,26,'2024-04-05','08:10:38','17:01:20',4),(2373,27,'2024-04-05','08:10:28','17:09:33',4),(2374,28,'2024-04-05','08:09:03','16:31:21',4),(2375,29,'2024-04-05','08:06:01','17:03:05',4),(2376,30,'2024-04-05','08:02:51','17:01:09',4),(2377,31,'2024-04-05','08:01:47','17:05:53',4),(2378,32,'2024-04-05','00:00:00','00:00:00',4),(2379,33,'2024-04-05','08:11:00','17:04:32',4),(2380,34,'2024-04-05','08:05:39','17:06:10',4),(2381,1,'2024-04-08','08:09:18','17:01:38',4),(2382,2,'2024-04-08','08:00:59','17:00:15',4),(2383,3,'2024-04-08','08:10:41','17:00:07',4),(2384,4,'2024-04-08','08:05:14','15:56:38',4),(2385,5,'2024-04-08','08:11:15','17:37:07',4),(2386,6,'2024-04-08','08:10:18','14:17:48',4),(2387,7,'2024-04-08','08:00:56','16:02:50',4),(2388,8,'2024-04-08','08:05:21','17:01:52',4),(2389,9,'2024-04-08','08:06:52','17:04:59',4),(2390,10,'2024-04-08','08:06:57','15:02:42',4),(2391,11,'2024-04-08','08:00:40','17:03:24',4),(2392,12,'2024-04-08','08:11:54','13:32:25',4),(2393,13,'2024-04-08','08:03:33','17:04:25',4),(2394,14,'2024-04-08','08:08:16','17:00:45',4),(2395,15,'2024-04-08','08:00:31','17:01:02',4),(2396,16,'2024-04-08','00:00:00','00:00:00',4),(2397,17,'2024-04-08','08:01:11','15:39:04',4),(2398,18,'2024-04-08','08:08:49','14:13:54',4),(2399,19,'2024-04-08','08:01:49','17:00:06',4),(2400,20,'2024-04-08','08:11:19','17:06:44',4),(2401,21,'2024-04-08','00:00:00','00:00:00',4),(2402,22,'2024-04-08','08:06:03','17:05:32',4),(2403,23,'2024-04-08','08:02:27','17:46:32',4),(2404,24,'2024-04-08','08:05:02','17:01:47',4),(2405,25,'2024-04-08','08:03:05','17:04:27',4),(2406,26,'2024-04-08','08:09:27','17:03:10',4),(2407,27,'2024-04-08','08:08:41','17:00:43',4),(2408,28,'2024-04-08','08:05:02','17:02:30',4),(2409,29,'2024-04-08','08:10:55','17:07:42',4),(2410,30,'2024-04-08','08:03:18','17:03:39',4),(2411,31,'2024-04-08','08:11:26','17:09:41',4),(2412,32,'2024-04-08','08:06:59','16:48:21',4),(2413,33,'2024-04-08','08:08:24','17:04:04',4),(2414,34,'2024-04-08','00:00:00','00:00:00',4),(2415,1,'2024-04-09','08:10:54','17:05:34',4),(2416,2,'2024-04-09','08:00:06','17:03:49',4),(2417,3,'2024-04-09','08:09:12','17:02:04',4),(2418,4,'2024-04-09','08:04:53','16:23:52',4),(2419,5,'2024-04-09','08:09:49','17:05:23',4),(2420,6,'2024-04-09','08:01:11','14:13:58',4),(2421,7,'2024-04-09','08:09:49','17:03:03',4),(2422,8,'2024-04-09','08:04:45','17:08:45',4),(2423,9,'2024-04-09','08:10:02','17:08:08',4),(2424,10,'2024-04-09','08:11:07','17:05:14',4),(2425,11,'2024-04-09','08:00:40','15:44:25',4),(2426,12,'2024-04-09','00:00:00','00:00:00',4),(2427,13,'2024-04-09','08:04:20','17:09:34',4),(2428,14,'2024-04-09','08:10:15','17:31:32',4),(2429,15,'2024-04-09','08:00:25','17:04:20',4),(2430,16,'2024-04-09','08:09:40','14:47:05',4),(2431,17,'2024-04-09','08:03:37','17:00:48',4),(2432,18,'2024-04-09','08:09:08','17:02:58',4),(2433,19,'2024-04-09','08:09:05','17:02:49',4),(2434,20,'2024-04-09','08:06:04','17:02:30',4),(2435,21,'2024-04-09','08:09:23','17:04:00',4),(2436,22,'2024-04-09','08:11:39','17:09:15',4),(2437,23,'2024-04-09','08:03:20','17:00:46',4),(2438,24,'2024-04-09','08:08:10','17:09:09',4),(2439,25,'2024-04-09','08:02:35','17:07:54',4),(2440,26,'2024-04-09','08:10:00','15:41:59',4),(2441,27,'2024-04-09','08:09:27','17:02:30',4),(2442,28,'2024-04-09','08:08:41','17:02:01',4),(2443,29,'2024-04-09','00:00:00','00:00:00',4),(2444,30,'2024-04-09','08:06:14','17:00:35',4),(2445,31,'2024-04-09','00:00:00','00:00:00',4),(2446,32,'2024-04-09','08:02:09','17:05:17',4),(2447,33,'2024-04-09','08:02:44','17:05:22',4),(2448,34,'2024-04-09','00:00:00','00:00:00',4),(2449,1,'2024-04-10','08:05:50','17:00:23',4),(2450,2,'2024-04-10','08:02:09','17:55:30',4),(2451,3,'2024-04-10','08:10:40','17:08:18',4),(2452,4,'2024-04-10','00:00:00','00:00:00',4),(2453,5,'2024-04-10','08:04:39','17:03:18',4),(2454,6,'2024-04-10','08:10:14','16:26:02',4),(2455,7,'2024-04-10','08:03:37','17:04:59',4),(2456,8,'2024-04-10','08:00:24','16:52:06',4),(2457,9,'2024-04-10','08:06:17','17:03:31',4),(2458,10,'2024-04-10','00:00:00','00:00:00',4),(2459,11,'2024-04-10','08:04:35','17:06:07',4),(2460,12,'2024-04-10','08:05:21','17:05:34',4),(2461,13,'2024-04-10','08:05:48','17:08:33',4),(2462,14,'2024-04-10','08:04:18','17:05:16',4),(2463,15,'2024-04-10','08:05:13','17:01:43',4),(2464,16,'2024-04-10','08:11:31','17:02:56',4),(2465,17,'2024-04-10','08:01:08','14:37:19',4),(2466,18,'2024-04-10','08:03:08','17:02:13',4),(2467,19,'2024-04-10','08:11:12','17:09:17',4),(2468,20,'2024-04-10','08:02:02','17:07:17',4),(2469,21,'2024-04-10','08:11:58','17:29:38',4),(2470,22,'2024-04-10','08:00:55','17:05:21',4),(2471,23,'2024-04-10','08:04:09','17:02:38',4),(2472,24,'2024-04-10','08:00:56','14:15:08',4),(2473,25,'2024-04-10','08:08:09','13:06:56',4),(2474,26,'2024-04-10','08:06:29','17:06:09',4),(2475,27,'2024-04-10','00:00:00','00:00:00',4),(2476,28,'2024-04-10','08:08:28','16:49:45',4),(2477,29,'2024-04-10','08:08:57','17:03:42',4),(2478,30,'2024-04-10','08:06:01','17:00:05',4),(2479,31,'2024-04-10','08:02:30','17:03:38',4),(2480,32,'2024-04-10','00:00:00','00:00:00',4),(2481,33,'2024-04-10','08:02:33','17:06:25',4),(2482,34,'2024-04-10','08:03:39','17:00:03',4),(2483,1,'2024-04-11','08:05:44','13:25:57',4),(2484,2,'2024-04-11','08:09:53','17:04:38',4),(2485,3,'2024-04-11','08:04:19','17:01:44',4),(2486,4,'2024-04-11','08:05:09','17:03:02',4),(2487,5,'2024-04-11','08:11:19','17:02:48',4),(2488,6,'2024-04-11','08:04:09','17:04:08',4),(2489,7,'2024-04-11','08:08:10','17:05:28',4),(2490,8,'2024-04-11','08:04:44','17:07:58',4),(2491,9,'2024-04-11','00:00:00','00:00:00',4),(2492,10,'2024-04-11','08:07:57','17:08:37',4),(2493,11,'2024-04-11','00:00:00','00:00:00',4),(2494,12,'2024-04-11','08:09:17','17:00:45',4),(2495,13,'2024-04-11','08:06:04','17:02:53',4),(2496,14,'2024-04-11','08:08:40','14:16:37',4),(2497,15,'2024-04-11','08:09:24','17:01:02',4),(2498,16,'2024-04-11','08:10:00','14:49:06',4),(2499,17,'2024-04-11','08:07:37','17:08:28',4),(2500,18,'2024-04-11','08:00:04','17:42:13',4),(2501,19,'2024-04-11','08:07:32','17:09:29',4),(2502,20,'2024-04-11','08:01:37','17:14:52',4),(2503,21,'2024-04-11','08:02:52','17:00:41',4),(2504,22,'2024-04-11','08:01:54','17:06:27',4),(2505,23,'2024-04-11','08:03:45','17:08:07',4),(2506,24,'2024-04-11','08:04:18','17:03:28',4),(2507,25,'2024-04-11','00:00:00','00:00:00',4),(2508,26,'2024-04-11','08:09:42','17:01:46',4),(2509,27,'2024-04-11','08:10:34','17:09:15',4),(2510,28,'2024-04-11','08:03:36','17:04:48',4),(2511,29,'2024-04-11','08:01:13','17:08:57',4),(2512,30,'2024-04-11','08:04:02','17:00:13',4),(2513,31,'2024-04-11','08:11:07','16:42:39',4),(2514,32,'2024-04-11','00:00:00','00:00:00',4),(2515,33,'2024-04-11','08:04:47','16:09:07',4),(2516,34,'2024-04-11','00:00:00','00:00:00',4),(2517,1,'2024-04-12','00:00:00','00:00:00',4),(2518,2,'2024-04-12','08:11:59','17:00:02',4),(2519,3,'2024-04-12','08:05:40','17:02:19',4),(2520,4,'2024-04-12','08:01:42','17:06:23',4),(2521,5,'2024-04-12','08:03:36','17:04:13',4),(2522,6,'2024-04-12','08:08:54','17:07:56',4),(2523,7,'2024-04-12','08:05:51','17:06:03',4),(2524,8,'2024-04-12','08:01:36','17:08:13',4),(2525,9,'2024-04-12','08:07:51','17:00:33',4),(2526,10,'2024-04-12','08:02:31','17:03:17',4),(2527,11,'2024-04-12','08:10:26','17:02:12',4),(2528,12,'2024-04-12','08:03:56','14:06:57',4),(2529,13,'2024-04-12','08:01:59','17:07:28',4),(2530,14,'2024-04-12','08:06:56','17:09:07',4),(2531,15,'2024-04-12','00:00:00','00:00:00',4),(2532,16,'2024-04-12','08:10:03','14:56:31',4),(2533,17,'2024-04-12','08:04:27','17:09:38',4),(2534,18,'2024-04-12','08:04:08','17:06:12',4),(2535,19,'2024-04-12','08:07:53','17:08:22',4),(2536,20,'2024-04-12','00:00:00','00:00:00',4),(2537,21,'2024-04-12','08:02:59','17:55:28',4),(2538,22,'2024-04-12','08:07:43','17:08:20',4),(2539,23,'2024-04-12','08:09:03','16:03:56',4),(2540,24,'2024-04-12','08:06:12','17:02:59',4),(2541,25,'2024-04-12','08:05:57','17:07:59',4),(2542,26,'2024-04-12','08:04:27','13:07:53',4),(2543,27,'2024-04-12','00:00:00','00:00:00',4),(2544,28,'2024-04-12','08:04:27','17:04:24',4),(2545,29,'2024-04-12','08:09:27','13:26:38',4),(2546,30,'2024-04-12','08:00:41','17:01:34',4),(2547,31,'2024-04-12','08:11:41','15:20:34',4),(2548,32,'2024-04-12','08:01:45','13:24:10',4),(2549,33,'2024-04-12','08:06:00','17:00:50',4),(2550,34,'2024-04-12','08:07:49','17:06:27',4),(2551,1,'2024-04-15','00:00:00','00:00:00',4),(2552,2,'2024-04-15','08:04:28','17:01:01',4),(2553,3,'2024-04-15','08:06:23','16:44:21',4),(2554,4,'2024-04-15','08:07:09','16:22:19',4),(2555,5,'2024-04-15','00:00:00','00:00:00',4),(2556,6,'2024-04-15','08:09:09','17:04:44',4),(2557,7,'2024-04-15','08:00:41','17:01:34',4),(2558,8,'2024-04-15','08:04:18','17:03:10',4),(2559,9,'2024-04-15','08:03:03','14:19:30',4),(2560,10,'2024-04-15','08:11:24','17:25:05',4),(2561,11,'2024-04-15','08:10:17','17:09:19',4),(2562,12,'2024-04-15','08:00:54','17:03:19',4),(2563,13,'2024-04-15','08:04:04','17:02:07',4),(2564,14,'2024-04-15','00:00:00','00:00:00',4),(2565,15,'2024-04-15','08:07:06','17:00:43',4),(2566,16,'2024-04-15','08:01:39','17:27:23',4),(2567,17,'2024-04-15','08:04:21','15:14:35',4),(2568,18,'2024-04-15','08:09:22','17:07:19',4),(2569,19,'2024-04-15','08:03:23','15:11:06',4),(2570,20,'2024-04-15','08:06:49','17:01:11',4),(2571,21,'2024-04-15','08:05:11','15:12:56',4),(2572,22,'2024-04-15','08:09:22','17:05:57',4),(2573,23,'2024-04-15','08:07:19','17:03:36',4),(2574,24,'2024-04-15','08:04:09','17:08:20',4),(2575,25,'2024-04-15','08:07:42','17:08:48',4),(2576,26,'2024-04-15','08:05:37','17:28:23',4),(2577,27,'2024-04-15','08:05:02','17:01:40',4),(2578,28,'2024-04-15','08:09:44','17:00:20',4),(2579,29,'2024-04-15','08:03:57','17:04:46',4),(2580,30,'2024-04-15','08:08:44','17:03:09',4),(2581,31,'2024-04-15','00:00:00','00:00:00',4),(2582,32,'2024-04-15','08:06:31','17:09:43',4),(2583,33,'2024-04-15','08:01:27','17:03:12',4),(2584,34,'2024-04-15','00:00:00','00:00:00',4),(2585,1,'2024-04-16','08:03:47','17:00:47',4),(2586,2,'2024-04-16','08:05:53','17:00:26',4),(2587,3,'2024-04-16','08:08:18','17:05:50',4),(2588,4,'2024-04-16','08:04:13','17:03:55',4),(2589,5,'2024-04-16','08:04:20','17:02:11',4),(2590,6,'2024-04-16','00:00:00','00:00:00',4),(2591,7,'2024-04-16','08:03:33','13:40:17',4),(2592,8,'2024-04-16','08:03:17','17:07:37',4),(2593,9,'2024-04-16','08:05:45','17:08:03',4),(2594,10,'2024-04-16','08:11:15','17:08:21',4),(2595,11,'2024-04-16','08:10:32','13:03:17',4),(2596,12,'2024-04-16','08:03:12','17:00:17',4),(2597,13,'2024-04-16','08:09:25','17:02:56',4),(2598,14,'2024-04-16','08:09:30','17:04:46',4),(2599,15,'2024-04-16','08:01:40','17:05:36',4),(2600,16,'2024-04-16','08:08:24','17:03:11',4),(2601,17,'2024-04-16','08:09:34','17:01:20',4),(2602,18,'2024-04-16','00:00:00','00:00:00',4),(2603,19,'2024-04-16','08:09:34','13:41:54',4),(2604,20,'2024-04-16','08:01:25','17:26:00',4),(2605,21,'2024-04-16','08:10:54','17:02:54',4),(2606,22,'2024-04-16','08:11:07','15:31:52',4),(2607,23,'2024-04-16','08:03:15','17:06:11',4),(2608,24,'2024-04-16','08:11:11','17:02:56',4),(2609,25,'2024-04-16','08:04:10','13:49:24',4),(2610,26,'2024-04-16','08:03:20','17:04:07',4),(2611,27,'2024-04-16','00:00:00','00:00:00',4),(2612,28,'2024-04-16','08:01:04','17:05:07',4),(2613,29,'2024-04-16','08:01:21','17:05:40',4),(2614,30,'2024-04-16','08:02:14','17:08:05',4),(2615,31,'2024-04-16','08:02:15','17:01:44',4),(2616,32,'2024-04-16','08:06:04','17:05:33',4),(2617,33,'2024-04-16','00:00:00','00:00:00',4),(2618,34,'2024-04-16','08:00:01','17:05:01',4),(2619,1,'2024-04-17','08:08:26','17:02:23',4),(2620,2,'2024-04-17','08:06:53','17:06:02',4),(2621,3,'2024-04-17','08:07:51','16:59:34',4),(2622,4,'2024-04-17','08:11:52','17:09:27',4),(2623,5,'2024-04-17','08:00:37','17:02:22',4),(2624,6,'2024-04-17','08:01:06','17:01:52',4),(2625,7,'2024-04-17','08:10:38','17:01:20',4),(2626,8,'2024-04-17','08:03:58','17:02:27',4),(2627,9,'2024-04-17','08:04:19','17:02:50',4),(2628,10,'2024-04-17','08:05:55','17:06:15',4),(2629,11,'2024-04-17','08:07:11','17:02:07',4),(2630,12,'2024-04-17','08:00:43','17:04:01',4),(2631,13,'2024-04-17','00:00:00','00:00:00',4),(2632,14,'2024-04-17','08:09:27','17:07:53',4),(2633,15,'2024-04-17','08:06:50','17:09:58',4),(2634,16,'2024-04-17','08:03:30','17:05:36',4),(2635,17,'2024-04-17','08:09:30','17:09:48',4),(2636,18,'2024-04-17','08:01:15','17:08:45',4),(2637,19,'2024-04-17','08:04:00','17:07:53',4),(2638,20,'2024-04-17','00:00:00','00:00:00',4),(2639,21,'2024-04-17','00:00:00','00:00:00',4),(2640,22,'2024-04-17','08:00:53','17:07:02',4),(2641,23,'2024-04-17','08:09:39','17:07:46',4),(2642,24,'2024-04-17','08:09:51','17:04:20',4),(2643,25,'2024-04-17','08:10:33','17:04:32',4),(2644,26,'2024-04-17','08:00:02','17:01:34',4),(2645,27,'2024-04-17','08:03:38','16:23:48',4),(2646,28,'2024-04-17','08:03:34','17:04:17',4),(2647,29,'2024-04-17','08:04:54','17:07:46',4),(2648,30,'2024-04-17','08:03:01','16:27:14',4),(2649,31,'2024-04-17','08:08:14','17:06:24',4),(2650,32,'2024-04-17','08:10:42','17:07:48',4),(2651,33,'2024-04-17','08:09:19','17:03:20',4),(2652,34,'2024-04-17','08:09:35','17:05:50',4),(2653,1,'2024-04-18','08:06:53','17:00:23',4),(2654,2,'2024-04-18','00:00:00','00:00:00',4),(2655,3,'2024-04-18','08:04:57','17:08:26',4),(2656,4,'2024-04-18','08:05:57','17:02:35',4),(2657,5,'2024-04-18','08:04:11','17:04:01',4),(2658,6,'2024-04-18','08:03:22','17:04:02',4),(2659,7,'2024-04-18','08:10:15','15:01:49',4),(2660,8,'2024-04-18','08:08:22','17:09:49',4),(2661,9,'2024-04-18','08:11:56','17:06:41',4),(2662,10,'2024-04-18','08:01:46','17:08:11',4),(2663,11,'2024-04-18','08:03:36','17:06:48',4),(2664,12,'2024-04-18','08:10:18','17:06:09',4),(2665,13,'2024-04-18','08:01:01','17:06:27',4),(2666,14,'2024-04-18','08:09:11','17:08:14',4),(2667,15,'2024-04-18','00:00:00','00:00:00',4),(2668,16,'2024-04-18','08:07:43','17:01:45',4),(2669,17,'2024-04-18','08:07:27','17:09:27',4),(2670,18,'2024-04-18','08:03:56','16:57:49',4),(2671,19,'2024-04-18','00:00:00','00:00:00',4),(2672,20,'2024-04-18','00:00:00','00:00:00',4),(2673,21,'2024-04-18','08:08:26','17:00:02',4),(2674,22,'2024-04-18','08:11:06','17:05:50',4),(2675,23,'2024-04-18','08:04:13','17:09:29',4),(2676,24,'2024-04-18','08:05:38','13:48:12',4),(2677,25,'2024-04-18','08:10:28','17:05:34',4),(2678,26,'2024-04-18','08:04:22','17:04:20',4),(2679,27,'2024-04-18','08:01:45','17:04:47',4),(2680,28,'2024-04-18','08:10:06','17:04:03',4),(2681,29,'2024-04-18','08:05:52','17:00:59',4),(2682,30,'2024-04-18','08:09:31','17:09:30',4),(2683,31,'2024-04-18','08:07:22','17:03:20',4),(2684,32,'2024-04-18','08:08:40','17:33:15',4),(2685,33,'2024-04-18','08:02:55','17:03:56',4),(2686,34,'2024-04-18','08:06:02','17:00:40',4),(2687,1,'2024-04-19','08:03:43','17:07:59',4),(2688,2,'2024-04-19','08:03:25','17:01:47',4),(2689,3,'2024-04-19','08:07:57','17:08:23',4),(2690,4,'2024-04-19','08:09:52','17:02:02',4),(2691,5,'2024-04-19','08:02:57','17:08:16',4),(2692,6,'2024-04-19','08:07:24','17:09:31',4),(2693,7,'2024-04-19','08:09:35','17:08:07',4),(2694,8,'2024-04-19','08:02:47','17:03:59',4),(2695,9,'2024-04-19','08:08:00','17:07:05',4),(2696,10,'2024-04-19','08:09:37','17:07:28',4),(2697,11,'2024-04-19','08:06:30','17:03:37',4),(2698,12,'2024-04-19','08:11:50','17:03:05',4),(2699,13,'2024-04-19','08:02:33','17:04:13',4),(2700,14,'2024-04-19','08:11:26','17:06:09',4),(2701,15,'2024-04-19','08:03:39','17:03:17',4),(2702,16,'2024-04-19','08:07:48','17:03:06',4),(2703,17,'2024-04-19','08:06:42','17:00:00',4),(2704,18,'2024-04-19','08:02:21','17:04:37',4),(2705,19,'2024-04-19','08:03:03','17:05:18',4),(2706,20,'2024-04-19','08:01:25','17:06:47',4),(2707,21,'2024-04-19','08:04:23','16:47:11',4),(2708,22,'2024-04-19','08:03:48','17:08:21',4),(2709,23,'2024-04-19','08:05:38','17:02:46',4),(2710,24,'2024-04-19','08:02:05','17:06:30',4),(2711,25,'2024-04-19','08:05:49','17:07:29',4),(2712,26,'2024-04-19','08:10:35','17:03:19',4),(2713,27,'2024-04-19','08:00:06','17:04:27',4),(2714,28,'2024-04-19','08:07:08','17:08:01',4),(2715,29,'2024-04-19','00:00:00','00:00:00',4),(2716,30,'2024-04-19','08:01:54','17:03:55',4),(2717,31,'2024-04-19','08:04:04','17:04:27',4),(2718,32,'2024-04-19','08:07:22','17:02:19',4),(2719,33,'2024-04-19','08:06:13','17:07:29',4),(2720,34,'2024-04-19','08:02:02','17:02:40',4),(2721,1,'2024-04-22','08:08:29','17:03:17',4),(2722,2,'2024-04-22','00:00:00','00:00:00',4),(2723,3,'2024-04-22','08:09:10','17:07:14',4),(2724,4,'2024-04-22','08:00:20','17:08:28',4),(2725,5,'2024-04-22','08:09:53','13:29:33',4),(2726,6,'2024-04-22','08:03:35','17:08:41',4),(2727,7,'2024-04-22','08:01:21','13:00:47',4),(2728,8,'2024-04-22','08:02:07','17:06:37',4),(2729,9,'2024-04-22','08:09:36','17:07:20',4),(2730,10,'2024-04-22','08:10:13','16:16:43',4),(2731,11,'2024-04-22','08:04:35','17:06:32',4),(2732,12,'2024-04-22','08:10:12','17:00:37',4),(2733,13,'2024-04-22','08:03:22','17:40:59',4),(2734,14,'2024-04-22','08:11:12','17:02:22',4),(2735,15,'2024-04-22','08:09:34','17:42:12',4),(2736,16,'2024-04-22','08:05:52','17:03:48',4),(2737,17,'2024-04-22','08:05:27','17:01:54',4),(2738,18,'2024-04-22','08:05:10','14:22:11',4),(2739,19,'2024-04-22','08:07:10','17:09:01',4),(2740,20,'2024-04-22','08:01:37','17:08:49',4),(2741,21,'2024-04-22','08:02:30','17:04:11',4),(2742,22,'2024-04-22','08:08:23','17:09:53',4),(2743,23,'2024-04-22','00:00:00','00:00:00',4),(2744,24,'2024-04-22','08:09:44','17:08:27',4),(2745,25,'2024-04-22','08:00:29','17:02:56',4),(2746,26,'2024-04-22','08:10:11','16:50:34',4),(2747,27,'2024-04-22','08:02:30','17:06:22',4),(2748,28,'2024-04-22','08:09:01','17:08:55',4),(2749,29,'2024-04-22','08:10:31','17:06:08',4),(2750,30,'2024-04-22','00:00:00','00:00:00',4),(2751,31,'2024-04-22','08:07:13','17:02:54',4),(2752,32,'2024-04-22','08:05:19','17:43:30',4),(2753,33,'2024-04-22','08:10:08','17:07:01',4),(2754,34,'2024-04-22','08:08:06','17:09:18',4),(2755,1,'2024-04-23','08:02:39','17:02:10',4),(2756,2,'2024-04-23','08:10:18','17:03:02',4),(2757,3,'2024-04-23','08:05:08','17:02:01',4),(2758,4,'2024-04-23','00:00:00','00:00:00',4),(2759,5,'2024-04-23','08:01:45','17:01:28',4),(2760,6,'2024-04-23','00:00:00','00:00:00',4),(2761,7,'2024-04-23','00:00:00','00:00:00',4),(2762,8,'2024-04-23','08:11:32','17:00:15',4),(2763,9,'2024-04-23','08:01:06','17:02:46',4),(2764,10,'2024-04-23','08:04:00','17:01:58',4),(2765,11,'2024-04-23','08:03:01','17:07:26',4),(2766,12,'2024-04-23','08:05:02','17:01:56',4),(2767,13,'2024-04-23','08:04:52','13:34:52',4),(2768,14,'2024-04-23','00:00:00','00:00:00',4),(2769,15,'2024-04-23','00:00:00','00:00:00',4),(2770,16,'2024-04-23','08:08:41','17:01:44',4),(2771,17,'2024-04-23','08:04:58','17:06:37',4),(2772,18,'2024-04-23','08:06:19','17:05:08',4),(2773,19,'2024-04-23','08:04:54','17:05:41',4),(2774,20,'2024-04-23','08:08:35','17:02:12',4),(2775,21,'2024-04-23','08:04:50','17:04:34',4),(2776,22,'2024-04-23','08:03:35','17:06:06',4),(2777,23,'2024-04-23','08:09:32','17:05:12',4),(2778,24,'2024-04-23','08:08:16','13:59:56',4),(2779,25,'2024-04-23','08:00:21','17:09:38',4),(2780,26,'2024-04-23','00:00:00','00:00:00',4),(2781,27,'2024-04-23','08:00:48','17:05:05',4),(2782,28,'2024-04-23','08:01:10','17:06:54',4),(2783,29,'2024-04-23','08:06:56','17:09:05',4),(2784,30,'2024-04-23','08:02:09','17:02:19',4),(2785,31,'2024-04-23','08:09:22','17:06:16',4),(2786,32,'2024-04-23','08:06:51','17:05:01',4),(2787,33,'2024-04-23','08:06:28','13:24:21',4),(2788,34,'2024-04-23','08:06:11','17:09:41',4),(2789,1,'2024-04-24','08:01:46','17:34:14',4),(2790,2,'2024-04-24','08:05:52','17:08:52',4),(2791,3,'2024-04-24','08:03:03','17:06:39',4),(2792,4,'2024-04-24','08:08:16','17:06:21',4),(2793,5,'2024-04-24','08:04:13','13:41:17',4),(2794,6,'2024-04-24','00:00:00','00:00:00',4),(2795,7,'2024-04-24','08:01:44','17:01:32',4),(2796,8,'2024-04-24','00:00:00','00:00:00',4),(2797,9,'2024-04-24','08:04:10','17:08:41',4),(2798,10,'2024-04-24','00:00:00','00:00:00',4),(2799,11,'2024-04-24','08:00:10','17:07:50',4),(2800,12,'2024-04-24','00:00:00','00:00:00',4),(2801,13,'2024-04-24','08:10:06','16:24:42',4),(2802,14,'2024-04-24','08:02:47','17:00:45',4),(2803,15,'2024-04-24','08:05:51','17:07:29',4),(2804,16,'2024-04-24','08:10:48','13:05:52',4),(2805,17,'2024-04-24','08:10:26','13:13:41',4),(2806,18,'2024-04-24','08:09:04','17:06:58',4),(2807,19,'2024-04-24','08:08:48','17:07:38',4),(2808,20,'2024-04-24','08:10:07','17:06:41',4),(2809,21,'2024-04-24','00:00:00','00:00:00',4),(2810,22,'2024-04-24','08:01:24','17:07:23',4),(2811,23,'2024-04-24','08:03:12','17:05:03',4),(2812,24,'2024-04-24','08:08:47','17:06:19',4),(2813,25,'2024-04-24','08:08:07','17:02:27',4),(2814,26,'2024-04-24','08:02:12','14:57:13',4),(2815,27,'2024-04-24','08:00:12','15:19:14',4),(2816,28,'2024-04-24','08:04:23','17:09:08',4),(2817,29,'2024-04-24','00:00:00','00:00:00',4),(2818,30,'2024-04-24','08:00:41','17:07:56',4),(2819,31,'2024-04-24','08:05:38','17:02:03',4),(2820,32,'2024-04-24','00:00:00','00:00:00',4),(2821,33,'2024-04-24','08:02:05','15:38:49',4),(2822,34,'2024-04-24','08:01:19','17:06:58',4),(2823,1,'2024-04-25','08:03:29','17:04:12',4),(2824,2,'2024-04-25','08:10:43','17:02:30',4),(2825,3,'2024-04-25','08:06:38','17:06:30',4),(2826,4,'2024-04-25','08:01:24','17:03:17',4),(2827,5,'2024-04-25','08:05:28','17:01:55',4),(2828,6,'2024-04-25','08:05:30','17:07:47',4),(2829,7,'2024-04-25','00:00:00','00:00:00',4),(2830,8,'2024-04-25','08:02:38','14:17:51',4),(2831,9,'2024-04-25','08:06:51','17:07:23',4),(2832,10,'2024-04-25','08:11:53','17:05:23',4),(2833,11,'2024-04-25','00:00:00','00:00:00',4),(2834,12,'2024-04-25','08:02:35','15:37:27',4),(2835,13,'2024-04-25','08:11:35','14:49:54',4),(2836,14,'2024-04-25','08:07:40','17:06:16',4),(2837,15,'2024-04-25','08:04:20','17:07:58',4),(2838,16,'2024-04-25','08:10:57','17:01:26',4),(2839,17,'2024-04-25','08:10:27','14:59:42',4),(2840,18,'2024-04-25','08:11:29','17:09:25',4),(2841,19,'2024-04-25','08:05:16','17:05:40',4),(2842,20,'2024-04-25','08:04:11','17:08:59',4),(2843,21,'2024-04-25','08:08:26','17:06:59',4),(2844,22,'2024-04-25','08:08:41','17:03:06',4),(2845,23,'2024-04-25','08:01:33','17:49:05',4),(2846,24,'2024-04-25','08:02:45','17:04:17',4),(2847,25,'2024-04-25','08:05:49','17:03:46',4),(2848,26,'2024-04-25','08:01:55','17:02:15',4),(2849,27,'2024-04-25','08:09:53','17:02:54',4),(2850,28,'2024-04-25','08:02:19','17:09:55',4),(2851,29,'2024-04-25','08:02:14','17:07:33',4),(2852,30,'2024-04-25','08:05:30','17:04:54',4),(2853,31,'2024-04-25','00:00:00','00:00:00',4),(2854,32,'2024-04-25','08:08:58','17:01:33',4),(2855,33,'2024-04-25','08:09:24','14:48:37',4),(2856,34,'2024-04-25','08:02:43','16:52:44',4),(2857,1,'2024-04-26','08:00:59','17:05:36',4),(2858,2,'2024-04-26','08:02:34','17:03:37',4),(2859,3,'2024-04-26','08:11:36','17:07:40',4),(2860,4,'2024-04-26','08:01:31','17:00:06',4),(2861,5,'2024-04-26','08:06:09','17:08:29',4),(2862,6,'2024-04-26','08:02:23','17:08:21',4),(2863,7,'2024-04-26','08:01:21','17:00:21',4),(2864,8,'2024-04-26','08:00:01','17:09:48',4),(2865,9,'2024-04-26','08:10:02','13:43:26',4),(2866,10,'2024-04-26','08:03:58','16:39:19',4),(2867,11,'2024-04-26','08:04:11','17:04:49',4),(2868,12,'2024-04-26','08:03:20','15:15:13',4),(2869,13,'2024-04-26','08:09:59','17:03:45',4),(2870,14,'2024-04-26','08:07:15','17:06:32',4),(2871,15,'2024-04-26','08:10:50','17:07:07',4),(2872,16,'2024-04-26','08:11:26','15:06:10',4),(2873,17,'2024-04-26','00:00:00','00:00:00',4),(2874,18,'2024-04-26','08:05:29','17:07:25',4),(2875,19,'2024-04-26','08:07:21','17:08:35',4),(2876,20,'2024-04-26','08:10:44','17:07:49',4),(2877,21,'2024-04-26','08:02:02','17:02:09',4),(2878,22,'2024-04-26','08:05:54','17:08:57',4),(2879,23,'2024-04-26','00:00:00','00:00:00',4),(2880,24,'2024-04-26','08:07:45','17:05:20',4),(2881,25,'2024-04-26','08:00:30','17:26:58',4),(2882,26,'2024-04-26','08:01:15','17:02:16',4),(2883,27,'2024-04-26','08:00:08','17:05:05',4),(2884,28,'2024-04-26','00:00:00','00:00:00',4),(2885,29,'2024-04-26','08:08:41','17:09:06',4),(2886,30,'2024-04-26','08:11:13','17:00:21',4),(2887,31,'2024-04-26','08:00:49','17:06:16',4),(2888,32,'2024-04-26','08:08:24','17:04:16',4),(2889,33,'2024-04-26','08:07:38','17:08:12',4),(2890,34,'2024-04-26','08:08:45','17:00:24',4),(2891,1,'2024-04-29','08:10:04','17:00:28',4),(2892,2,'2024-04-29','08:09:00','17:09:38',4),(2893,3,'2024-04-29','08:08:33','14:30:28',4),(2894,4,'2024-04-29','08:07:56','14:39:03',4),(2895,5,'2024-04-29','08:05:33','17:00:26',4),(2896,6,'2024-04-29','08:00:11','17:03:55',4),(2897,7,'2024-04-29','08:00:10','17:02:17',4),(2898,8,'2024-04-29','08:09:43','17:01:36',4),(2899,9,'2024-04-29','00:00:00','00:00:00',4),(2900,10,'2024-04-29','08:09:12','13:15:42',4),(2901,11,'2024-04-29','08:06:56','17:00:15',4),(2902,12,'2024-04-29','08:10:47','17:07:24',4),(2903,13,'2024-04-29','08:00:40','17:05:54',4),(2904,14,'2024-04-29','08:03:57','17:07:03',4),(2905,15,'2024-04-29','08:07:34','16:21:34',4),(2906,16,'2024-04-29','08:04:01','17:01:33',4),(2907,17,'2024-04-29','08:03:13','17:04:30',4),(2908,18,'2024-04-29','08:11:50','17:03:24',4),(2909,19,'2024-04-29','08:02:05','17:08:42',4),(2910,20,'2024-04-29','00:00:00','00:00:00',4),(2911,21,'2024-04-29','08:01:36','17:01:46',4),(2912,22,'2024-04-29','08:09:40','17:01:28',4),(2913,23,'2024-04-29','08:06:34','17:06:51',4),(2914,24,'2024-04-29','08:07:43','17:58:00',4),(2915,25,'2024-04-29','08:08:50','17:59:59',4),(2916,26,'2024-04-29','08:08:56','17:09:50',4),(2917,27,'2024-04-29','08:05:52','17:04:37',4),(2918,28,'2024-04-29','08:06:16','17:06:18',4),(2919,29,'2024-04-29','08:08:27','17:09:28',4),(2920,30,'2024-04-29','08:04:29','17:09:28',4),(2921,31,'2024-04-29','08:06:25','17:01:18',4),(2922,32,'2024-04-29','08:06:49','17:01:57',4),(2923,33,'2024-04-29','08:03:27','17:01:04',4),(2924,34,'2024-04-29','08:03:56','17:00:14',4),(2925,1,'2024-04-30','08:04:40','16:12:35',4),(2926,2,'2024-04-30','08:04:58','13:18:07',4),(2927,3,'2024-04-30','08:06:32','17:06:44',4),(2928,4,'2024-04-30','08:03:35','17:02:48',4),(2929,5,'2024-04-30','08:05:50','17:02:13',4),(2930,6,'2024-04-30','08:10:17','17:08:44',4),(2931,7,'2024-04-30','00:00:00','00:00:00',4),(2932,8,'2024-04-30','08:00:57','17:00:05',4),(2933,9,'2024-04-30','08:01:24','17:02:29',4),(2934,10,'2024-04-30','08:03:32','17:02:10',4),(2935,11,'2024-04-30','08:04:04','14:35:07',4),(2936,12,'2024-04-30','08:08:23','17:00:41',4),(2937,13,'2024-04-30','08:08:11','17:00:17',4),(2938,14,'2024-04-30','08:00:39','17:07:03',4),(2939,15,'2024-04-30','08:08:38','17:00:29',4),(2940,16,'2024-04-30','08:04:42','16:30:33',4),(2941,17,'2024-04-30','08:11:43','17:09:36',4),(2942,18,'2024-04-30','08:04:15','17:05:07',4),(2943,19,'2024-04-30','08:05:56','17:13:38',4),(2944,20,'2024-04-30','08:03:49','17:08:35',4),(2945,21,'2024-04-30','08:07:02','15:46:16',4),(2946,22,'2024-04-30','08:03:06','14:59:09',4),(2947,23,'2024-04-30','08:00:18','17:01:03',4),(2948,24,'2024-04-30','08:08:12','16:27:59',4),(2949,25,'2024-04-30','08:11:55','17:02:44',4),(2950,26,'2024-04-30','08:05:57','15:48:06',4),(2951,27,'2024-04-30','08:04:29','17:09:24',4),(2952,28,'2024-04-30','08:07:08','17:03:24',4),(2953,29,'2024-04-30','08:11:17','17:08:02',4),(2954,30,'2024-04-30','08:02:58','17:09:59',4),(2955,31,'2024-04-30','08:10:45','17:03:58',4),(2956,32,'2024-04-30','08:07:40','17:03:54',4),(2957,33,'2024-04-30','08:05:24','17:08:38',4),(2958,34,'2024-04-30','08:11:39','17:02:24',4),(2959,1,'2024-05-01','00:00:00','00:00:00',5),(2960,2,'2024-05-01','00:00:00','00:00:00',5),(2961,3,'2024-05-01','08:01:01','17:08:45',5),(2962,4,'2024-05-01','08:03:31','17:07:50',5),(2963,5,'2024-05-01','08:07:17','17:05:26',5),(2964,6,'2024-05-01','08:06:00','17:03:29',5),(2965,7,'2024-05-01','08:09:22','17:02:21',5),(2966,8,'2024-05-01','00:00:00','00:00:00',5),(2967,9,'2024-05-01','00:00:00','00:00:00',5),(2968,10,'2024-05-01','08:08:14','17:09:37',5),(2969,11,'2024-05-01','08:00:02','17:01:22',5),(2970,12,'2024-05-01','08:04:28','17:05:05',5),(2971,13,'2024-05-01','08:07:32','17:01:43',5),(2972,14,'2024-05-01','08:10:34','17:07:05',5),(2973,15,'2024-05-01','08:10:22','17:08:06',5),(2974,16,'2024-05-01','08:05:33','17:09:09',5),(2975,17,'2024-05-01','08:02:06','17:06:16',5),(2976,18,'2024-05-01','08:01:02','17:01:16',5),(2977,19,'2024-05-01','08:00:29','17:04:47',5),(2978,20,'2024-05-01','00:00:00','00:00:00',5),(2979,21,'2024-05-01','08:10:46','17:05:55',5),(2980,22,'2024-05-01','00:00:00','00:00:00',5),(2981,23,'2024-05-01','08:08:42','17:07:00',5),(2982,24,'2024-05-01','08:03:24','16:23:51',5),(2983,25,'2024-05-01','08:07:54','17:04:20',5),(2984,26,'2024-05-01','08:06:26','14:25:20',5),(2985,27,'2024-05-01','08:02:55','17:05:29',5),(2986,28,'2024-05-01','08:08:27','17:08:53',5),(2987,29,'2024-05-01','08:11:46','17:04:40',5),(2988,30,'2024-05-01','08:05:49','17:06:37',5),(2989,31,'2024-05-01','08:08:15','17:00:59',5),(2990,32,'2024-05-01','08:06:59','17:06:44',5),(2991,33,'2024-05-01','08:00:24','14:37:21',5),(2992,34,'2024-05-01','08:03:46','17:09:21',5),(2993,1,'2024-05-02','08:11:43','17:07:00',5),(2994,2,'2024-05-02','08:07:03','17:09:19',5),(2995,3,'2024-05-02','08:04:59','17:06:50',5),(2996,4,'2024-05-02','00:00:00','00:00:00',5),(2997,5,'2024-05-02','08:09:16','17:03:34',5),(2998,6,'2024-05-02','08:06:24','17:07:42',5),(2999,7,'2024-05-02','08:06:52','17:08:09',5),(3000,8,'2024-05-02','08:07:59','17:03:03',5),(3001,9,'2024-05-02','08:09:56','17:07:13',5),(3002,10,'2024-05-02','08:06:58','17:06:51',5),(3003,11,'2024-05-02','08:07:34','13:14:23',5),(3004,12,'2024-05-02','08:06:44','17:03:02',5),(3005,13,'2024-05-02','08:11:00','17:06:32',5),(3006,14,'2024-05-02','08:00:25','17:05:22',5),(3007,15,'2024-05-02','08:02:14','17:02:03',5),(3008,16,'2024-05-02','08:04:47','17:03:45',5),(3009,17,'2024-05-02','00:00:00','00:00:00',5),(3010,18,'2024-05-02','08:07:18','17:01:05',5),(3011,19,'2024-05-02','08:04:12','13:07:12',5),(3012,20,'2024-05-02','08:08:42','17:07:19',5),(3013,21,'2024-05-02','08:02:25','17:09:21',5),(3014,22,'2024-05-02','08:00:29','17:01:23',5),(3015,23,'2024-05-02','08:05:28','17:04:55',5),(3016,24,'2024-05-02','08:04:32','17:06:36',5),(3017,25,'2024-05-02','08:00:38','17:05:56',5),(3018,26,'2024-05-02','08:02:00','17:08:20',5),(3019,27,'2024-05-02','08:00:54','16:08:20',5),(3020,28,'2024-05-02','08:05:51','17:09:16',5),(3021,29,'2024-05-02','08:07:14','14:57:46',5),(3022,30,'2024-05-02','08:01:13','17:06:05',5),(3023,31,'2024-05-02','08:10:06','17:02:48',5),(3024,32,'2024-05-02','08:01:01','17:05:00',5),(3025,33,'2024-05-02','08:09:25','17:04:53',5),(3026,34,'2024-05-02','08:07:12','16:51:27',5),(3027,1,'2024-05-03','00:00:00','00:00:00',5),(3028,2,'2024-05-03','08:11:47','17:08:30',5),(3029,3,'2024-05-03','08:05:12','17:07:21',5),(3030,4,'2024-05-03','08:02:49','17:03:45',5),(3031,5,'2024-05-03','08:00:44','17:02:39',5),(3032,6,'2024-05-03','08:00:57','17:02:55',5),(3033,7,'2024-05-03','08:05:20','16:01:34',5),(3034,8,'2024-05-03','08:00:38','17:04:58',5),(3035,9,'2024-05-03','00:00:00','00:00:00',5),(3036,10,'2024-05-03','08:07:19','17:00:03',5),(3037,11,'2024-05-03','08:09:44','17:01:48',5),(3038,12,'2024-05-03','08:08:16','17:00:09',5),(3039,13,'2024-05-03','08:11:02','17:07:12',5),(3040,14,'2024-05-03','08:07:21','17:00:46',5),(3041,15,'2024-05-03','08:02:37','14:51:00',5),(3042,16,'2024-05-03','08:02:38','17:00:54',5),(3043,17,'2024-05-03','08:00:58','17:00:17',5),(3044,18,'2024-05-03','08:00:09','17:06:46',5),(3045,19,'2024-05-03','08:01:55','17:08:24',5),(3046,20,'2024-05-03','08:08:23','17:07:36',5),(3047,21,'2024-05-03','08:03:08','17:08:11',5),(3048,22,'2024-05-03','00:00:00','00:00:00',5),(3049,23,'2024-05-03','08:05:25','17:02:47',5),(3050,24,'2024-05-03','08:07:22','14:03:49',5),(3051,25,'2024-05-03','08:06:33','17:00:48',5),(3052,26,'2024-05-03','08:04:18','17:07:14',5),(3053,27,'2024-05-03','08:04:18','17:09:01',5),(3054,28,'2024-05-03','08:04:47','14:54:46',5),(3055,29,'2024-05-03','00:00:00','00:00:00',5),(3056,30,'2024-05-03','08:11:51','17:04:29',5),(3057,31,'2024-05-03','08:06:55','14:48:25',5),(3058,32,'2024-05-03','08:05:57','17:09:16',5),(3059,33,'2024-05-03','08:01:47','17:00:59',5),(3060,34,'2024-05-03','08:11:33','17:01:33',5),(3061,1,'2024-05-06','08:07:19','17:07:12',5),(3062,2,'2024-05-06','08:07:35','17:05:53',5),(3063,3,'2024-05-06','08:03:03','17:06:03',5),(3064,4,'2024-05-06','08:08:54','17:08:30',5),(3065,5,'2024-05-06','08:04:45','17:02:07',5),(3066,6,'2024-05-06','08:10:45','15:49:17',5),(3067,7,'2024-05-06','08:09:37','17:01:10',5),(3068,8,'2024-05-06','08:00:13','17:07:46',5),(3069,9,'2024-05-06','08:11:13','17:04:13',5),(3070,10,'2024-05-06','08:11:44','17:01:37',5),(3071,11,'2024-05-06','08:11:29','17:02:32',5),(3072,12,'2024-05-06','08:06:27','17:01:51',5),(3073,13,'2024-05-06','08:00:57','17:01:45',5),(3074,14,'2024-05-06','08:00:36','17:06:05',5),(3075,15,'2024-05-06','08:07:50','17:06:46',5),(3076,16,'2024-05-06','08:06:13','17:09:03',5),(3077,17,'2024-05-06','08:06:16','15:41:10',5),(3078,18,'2024-05-06','08:02:52','17:02:34',5),(3079,19,'2024-05-06','08:05:47','17:02:56',5),(3080,20,'2024-05-06','08:03:57','17:03:54',5),(3081,21,'2024-05-06','08:09:42','17:08:08',5),(3082,22,'2024-05-06','08:11:13','17:08:15',5),(3083,23,'2024-05-06','08:03:29','17:09:19',5),(3084,24,'2024-05-06','08:05:59','17:03:48',5),(3085,25,'2024-05-06','08:04:10','17:01:37',5),(3086,26,'2024-05-06','08:06:33','17:01:08',5),(3087,27,'2024-05-06','00:00:00','00:00:00',5),(3088,28,'2024-05-06','08:11:44','17:56:20',5),(3089,29,'2024-05-06','08:07:08','17:02:51',5),(3090,30,'2024-05-06','08:00:23','14:38:56',5),(3091,31,'2024-05-06','08:01:01','16:33:23',5),(3092,32,'2024-05-06','08:10:24','17:09:24',5),(3093,33,'2024-05-06','08:07:19','17:07:16',5),(3094,34,'2024-05-06','08:08:54','17:03:16',5),(3095,1,'2024-05-07','08:04:12','17:04:02',5),(3096,2,'2024-05-07','08:05:28','17:02:04',5),(3097,3,'2024-05-07','08:10:56','17:04:26',5),(3098,4,'2024-05-07','08:11:26','17:03:07',5),(3099,5,'2024-05-07','08:03:45','17:04:43',5),(3100,6,'2024-05-07','08:00:36','17:05:17',5),(3101,7,'2024-05-07','08:09:39','17:04:26',5),(3102,8,'2024-05-07','08:00:45','17:03:21',5),(3103,9,'2024-05-07','08:10:04','17:07:59',5),(3104,10,'2024-05-07','08:11:22','17:05:34',5),(3105,11,'2024-05-07','08:01:38','17:00:28',5),(3106,12,'2024-05-07','08:09:42','17:04:59',5),(3107,13,'2024-05-07','00:00:00','00:00:00',5),(3108,14,'2024-05-07','08:06:47','17:07:28',5),(3109,15,'2024-05-07','08:11:02','17:00:38',5),(3110,16,'2024-05-07','08:06:10','17:01:38',5),(3111,17,'2024-05-07','08:06:45','17:01:33',5),(3112,18,'2024-05-07','08:06:59','17:04:12',5),(3113,19,'2024-05-07','08:00:04','17:07:00',5),(3114,20,'2024-05-07','08:02:23','17:02:07',5),(3115,21,'2024-05-07','08:08:55','17:01:14',5),(3116,22,'2024-05-07','08:04:20','17:04:36',5),(3117,23,'2024-05-07','00:00:00','00:00:00',5),(3118,24,'2024-05-07','08:02:13','15:26:43',5),(3119,25,'2024-05-07','08:00:10','17:00:52',5),(3120,26,'2024-05-07','00:00:00','00:00:00',5),(3121,27,'2024-05-07','08:08:38','17:01:27',5),(3122,28,'2024-05-07','08:07:21','17:04:45',5),(3123,29,'2024-05-07','08:01:20','17:03:41',5),(3124,30,'2024-05-07','08:00:40','17:08:57',5),(3125,31,'2024-05-07','08:10:58','17:08:19',5),(3126,32,'2024-05-07','08:09:13','16:39:56',5),(3127,33,'2024-05-07','08:04:30','17:03:09',5),(3128,34,'2024-05-07','08:03:41','17:04:29',5),(3129,1,'2024-05-08','00:00:00','00:00:00',5),(3130,2,'2024-05-08','08:10:17','17:02:49',5),(3131,3,'2024-05-08','08:07:37','17:01:04',5),(3132,4,'2024-05-08','08:07:26','17:09:48',5),(3133,5,'2024-05-08','08:08:05','17:09:30',5),(3134,6,'2024-05-08','00:00:00','00:00:00',5),(3135,7,'2024-05-08','08:06:28','17:04:04',5),(3136,8,'2024-05-08','08:07:46','17:09:21',5),(3137,9,'2024-05-08','08:06:10','17:00:02',5),(3138,10,'2024-05-08','08:00:45','17:08:42',5),(3139,11,'2024-05-08','00:00:00','00:00:00',5),(3140,12,'2024-05-08','08:04:38','15:45:23',5),(3141,13,'2024-05-08','08:05:58','17:00:14',5),(3142,14,'2024-05-08','08:11:25','17:08:05',5),(3143,15,'2024-05-08','08:11:45','17:03:50',5),(3144,16,'2024-05-08','08:00:54','17:08:39',5),(3145,17,'2024-05-08','08:02:15','17:00:47',5),(3146,18,'2024-05-08','08:01:10','17:54:18',5),(3147,19,'2024-05-08','08:10:25','16:36:27',5),(3148,20,'2024-05-08','08:03:03','13:26:46',5),(3149,21,'2024-05-08','08:10:16','17:02:57',5),(3150,22,'2024-05-08','08:11:56','17:00:24',5),(3151,23,'2024-05-08','08:08:13','17:06:48',5),(3152,24,'2024-05-08','08:06:17','17:00:58',5),(3153,25,'2024-05-08','08:08:45','17:01:56',5),(3154,26,'2024-05-08','08:05:06','13:37:47',5),(3155,27,'2024-05-08','08:05:38','17:21:47',5),(3156,28,'2024-05-08','08:10:44','17:07:55',5),(3157,29,'2024-05-08','08:04:49','17:40:34',5),(3158,30,'2024-05-08','08:05:17','17:05:32',5),(3159,31,'2024-05-08','08:01:45','17:05:25',5),(3160,32,'2024-05-08','08:11:03','17:08:51',5),(3161,33,'2024-05-08','08:10:33','17:02:35',5),(3162,34,'2024-05-08','00:00:00','00:00:00',5),(3163,1,'2024-05-09','08:03:31','16:37:50',5),(3164,2,'2024-05-09','08:06:59','17:03:24',5),(3165,3,'2024-05-09','08:03:33','17:00:40',5),(3166,4,'2024-05-09','08:09:14','17:09:31',5),(3167,5,'2024-05-09','08:11:39','17:08:35',5),(3168,6,'2024-05-09','08:10:17','17:09:26',5),(3169,7,'2024-05-09','08:07:06','17:01:24',5),(3170,8,'2024-05-09','08:11:50','17:37:50',5),(3171,9,'2024-05-09','08:02:10','17:05:07',5),(3172,10,'2024-05-09','00:00:00','00:00:00',5),(3173,11,'2024-05-09','08:09:17','17:05:34',5),(3174,12,'2024-05-09','08:06:49','17:05:10',5),(3175,13,'2024-05-09','08:07:47','17:09:07',5),(3176,14,'2024-05-09','08:04:10','17:00:43',5),(3177,15,'2024-05-09','08:02:34','15:58:26',5),(3178,16,'2024-05-09','08:00:34','17:07:29',5),(3179,17,'2024-05-09','00:00:00','00:00:00',5),(3180,18,'2024-05-09','08:04:13','17:09:45',5),(3181,19,'2024-05-09','08:02:26','17:04:40',5),(3182,20,'2024-05-09','08:09:52','14:07:46',5),(3183,21,'2024-05-09','08:07:19','17:09:52',5),(3184,22,'2024-05-09','08:07:03','17:01:51',5),(3185,23,'2024-05-09','08:02:33','17:03:42',5),(3186,24,'2024-05-09','08:09:25','17:06:59',5),(3187,25,'2024-05-09','08:07:17','17:09:15',5),(3188,26,'2024-05-09','08:07:27','17:08:39',5),(3189,27,'2024-05-09','08:09:06','17:03:09',5),(3190,28,'2024-05-09','08:00:27','17:06:26',5),(3191,29,'2024-05-09','08:06:40','14:44:44',5),(3192,30,'2024-05-09','08:06:26','17:06:27',5),(3193,31,'2024-05-09','08:08:04','17:06:02',5),(3194,32,'2024-05-09','00:00:00','00:00:00',5),(3195,33,'2024-05-09','08:09:23','17:06:05',5),(3196,34,'2024-05-09','08:08:02','17:02:08',5),(3197,1,'2024-05-10','08:11:12','17:00:29',5),(3198,2,'2024-05-10','08:04:52','17:04:25',5),(3199,3,'2024-05-10','00:00:00','00:00:00',5),(3200,4,'2024-05-10','08:01:43','17:01:05',5),(3201,5,'2024-05-10','08:09:47','14:05:04',5),(3202,6,'2024-05-10','08:06:46','17:06:11',5),(3203,7,'2024-05-10','08:07:46','17:08:10',5),(3204,8,'2024-05-10','08:05:51','17:09:13',5),(3205,9,'2024-05-10','08:00:01','17:00:31',5),(3206,10,'2024-05-10','08:00:29','17:09:09',5),(3207,11,'2024-05-10','08:05:44','17:09:11',5),(3208,12,'2024-05-10','08:11:30','17:06:52',5),(3209,13,'2024-05-10','08:03:59','17:02:12',5),(3210,14,'2024-05-10','08:04:45','17:09:43',5),(3211,15,'2024-05-10','08:01:57','17:02:41',5),(3212,16,'2024-05-10','08:03:29','17:08:58',5),(3213,17,'2024-05-10','00:00:00','00:00:00',5),(3214,18,'2024-05-10','08:10:54','17:05:59',5),(3215,19,'2024-05-10','08:10:03','17:02:59',5),(3216,20,'2024-05-10','08:05:47','17:07:04',5),(3217,21,'2024-05-10','00:00:00','00:00:00',5),(3218,22,'2024-05-10','00:00:00','00:00:00',5),(3219,23,'2024-05-10','08:00:41','17:09:12',5),(3220,24,'2024-05-10','08:04:29','16:19:31',5),(3221,25,'2024-05-10','08:02:41','17:00:50',5),(3222,26,'2024-05-10','08:03:13','17:02:38',5),(3223,27,'2024-05-10','08:07:10','17:00:02',5),(3224,28,'2024-05-10','00:00:00','00:00:00',5),(3225,29,'2024-05-10','00:00:00','00:00:00',5),(3226,30,'2024-05-10','08:05:20','15:24:26',5),(3227,31,'2024-05-10','08:01:51','17:09:06',5),(3228,32,'2024-05-10','08:07:38','17:06:00',5),(3229,33,'2024-05-10','00:00:00','00:00:00',5),(3230,34,'2024-05-10','00:00:00','00:00:00',5),(3231,1,'2024-05-13','08:00:28','17:00:28',5),(3232,2,'2024-05-13','00:00:00','00:00:00',5),(3233,3,'2024-05-13','08:10:37','17:01:51',5),(3234,4,'2024-05-13','00:00:00','00:00:00',5),(3235,5,'2024-05-13','08:07:52','16:22:26',5),(3236,6,'2024-05-13','08:01:59','17:07:39',5),(3237,7,'2024-05-13','00:00:00','00:00:00',5),(3238,8,'2024-05-13','08:01:32','17:05:03',5),(3239,9,'2024-05-13','08:11:49','17:04:55',5),(3240,10,'2024-05-13','08:03:37','17:09:53',5),(3241,11,'2024-05-13','08:01:54','13:35:58',5),(3242,12,'2024-05-13','08:10:36','17:02:35',5),(3243,13,'2024-05-13','08:11:13','17:08:44',5),(3244,14,'2024-05-13','08:03:49','17:09:55',5),(3245,15,'2024-05-13','08:06:35','17:02:26',5),(3246,16,'2024-05-13','08:03:34','15:23:11',5),(3247,17,'2024-05-13','08:04:57','17:06:26',5),(3248,18,'2024-05-13','08:06:51','17:04:16',5),(3249,19,'2024-05-13','08:02:59','17:07:17',5),(3250,20,'2024-05-13','08:04:05','17:09:51',5),(3251,21,'2024-05-13','08:09:42','15:44:39',5),(3252,22,'2024-05-13','08:04:19','17:07:05',5),(3253,23,'2024-05-13','08:02:08','17:07:24',5),(3254,24,'2024-05-13','08:07:44','13:48:36',5),(3255,25,'2024-05-13','08:02:04','14:13:44',5),(3256,26,'2024-05-13','08:01:37','17:08:19',5),(3257,27,'2024-05-13','08:09:24','17:07:25',5),(3258,28,'2024-05-13','08:08:10','17:07:10',5),(3259,29,'2024-05-13','08:00:56','17:09:50',5),(3260,30,'2024-05-13','08:09:53','17:01:06',5),(3261,31,'2024-05-13','08:04:16','16:20:36',5),(3262,32,'2024-05-13','08:07:43','17:33:03',5),(3263,33,'2024-05-13','08:03:22','17:07:11',5),(3264,34,'2024-05-13','00:00:00','00:00:00',5),(3265,1,'2024-05-14','08:00:57','17:04:25',5),(3266,2,'2024-05-14','08:06:51','17:05:23',5),(3267,3,'2024-05-14','00:00:00','00:00:00',5),(3268,4,'2024-05-14','00:00:00','00:00:00',5),(3269,5,'2024-05-14','08:01:18','17:05:53',5),(3270,6,'2024-05-14','08:07:14','17:09:08',5),(3271,7,'2024-05-14','08:11:41','17:00:22',5),(3272,8,'2024-05-14','08:00:42','17:03:33',5),(3273,9,'2024-05-14','08:07:21','17:09:37',5),(3274,10,'2024-05-14','08:00:39','17:00:31',5),(3275,11,'2024-05-14','08:05:40','17:03:47',5),(3276,12,'2024-05-14','08:09:27','17:46:41',5),(3277,13,'2024-05-14','08:06:26','17:04:01',5),(3278,14,'2024-05-14','08:06:14','17:05:49',5),(3279,15,'2024-05-14','08:00:53','13:44:47',5),(3280,16,'2024-05-14','08:05:38','17:07:32',5),(3281,17,'2024-05-14','08:02:38','14:07:40',5),(3282,18,'2024-05-14','08:11:35','17:00:45',5),(3283,19,'2024-05-14','08:11:23','17:09:38',5),(3284,20,'2024-05-14','08:08:06','16:51:40',5),(3285,21,'2024-05-14','08:10:17','17:07:54',5),(3286,22,'2024-05-14','08:06:06','17:09:57',5),(3287,23,'2024-05-14','08:05:26','17:04:23',5),(3288,24,'2024-05-14','08:00:21','17:31:06',5),(3289,25,'2024-05-14','08:08:20','13:05:14',5),(3290,26,'2024-05-14','08:08:51','17:02:03',5),(3291,27,'2024-05-14','08:09:20','17:09:51',5),(3292,28,'2024-05-14','08:08:52','17:07:33',5),(3293,29,'2024-05-14','08:01:14','17:07:11',5),(3294,30,'2024-05-14','08:07:11','17:07:57',5),(3295,31,'2024-05-14','00:00:00','00:00:00',5),(3296,32,'2024-05-14','08:08:05','17:01:27',5),(3297,33,'2024-05-14','08:04:11','17:08:43',5),(3298,34,'2024-05-14','08:02:03','17:04:46',5),(3299,1,'2024-05-15','08:05:40','17:08:26',5),(3300,2,'2024-05-15','08:11:50','17:08:22',5),(3301,3,'2024-05-15','08:02:19','17:06:06',5),(3302,4,'2024-05-15','08:00:51','17:49:16',5),(3303,5,'2024-05-15','08:08:17','17:16:30',5),(3304,6,'2024-05-15','08:02:02','17:04:08',5),(3305,7,'2024-05-15','08:10:04','17:03:14',5),(3306,8,'2024-05-15','08:00:32','17:08:14',5),(3307,9,'2024-05-15','08:07:21','17:07:38',5),(3308,10,'2024-05-15','08:01:47','16:49:47',5),(3309,11,'2024-05-15','08:09:06','17:08:57',5),(3310,12,'2024-05-15','00:00:00','00:00:00',5),(3311,13,'2024-05-15','08:05:59','14:51:46',5),(3312,14,'2024-05-15','08:01:42','17:07:00',5),(3313,15,'2024-05-15','08:09:02','17:03:17',5),(3314,16,'2024-05-15','08:07:08','17:01:35',5),(3315,17,'2024-05-15','08:09:20','15:09:37',5),(3316,18,'2024-05-15','08:07:05','17:05:54',5),(3317,19,'2024-05-15','08:06:36','17:09:55',5),(3318,20,'2024-05-15','00:00:00','00:00:00',5),(3319,21,'2024-05-15','08:06:42','17:06:38',5),(3320,22,'2024-05-15','08:01:42','17:08:05',5),(3321,23,'2024-05-15','00:00:00','00:00:00',5),(3322,24,'2024-05-15','08:00:00','17:06:56',5),(3323,25,'2024-05-15','08:07:19','15:52:10',5),(3324,26,'2024-05-15','08:09:57','17:06:21',5),(3325,27,'2024-05-15','08:06:08','14:55:51',5),(3326,28,'2024-05-15','08:06:59','17:05:25',5),(3327,29,'2024-05-15','08:05:36','17:05:43',5),(3328,30,'2024-05-15','08:11:50','17:06:31',5),(3329,31,'2024-05-15','08:00:30','16:55:04',5),(3330,32,'2024-05-15','00:00:00','00:00:00',5),(3331,33,'2024-05-15','08:10:26','16:32:49',5),(3332,34,'2024-05-15','08:07:02','17:09:04',5),(3333,1,'2024-05-16','08:11:25','14:02:39',5),(3334,2,'2024-05-16','08:01:04','17:02:49',5),(3335,3,'2024-05-16','08:04:10','17:05:30',5),(3336,4,'2024-05-16','00:00:00','00:00:00',5),(3337,5,'2024-05-16','08:00:39','17:01:22',5),(3338,6,'2024-05-16','00:00:00','00:00:00',5),(3339,7,'2024-05-16','08:09:00','17:02:24',5),(3340,8,'2024-05-16','08:01:39','17:00:27',5),(3341,9,'2024-05-16','08:00:46','16:29:02',5),(3342,10,'2024-05-16','08:05:21','17:09:10',5),(3343,11,'2024-05-16','08:11:27','17:08:45',5),(3344,12,'2024-05-16','08:06:08','17:09:28',5),(3345,13,'2024-05-16','08:02:11','17:30:54',5),(3346,14,'2024-05-16','08:03:25','17:06:53',5),(3347,15,'2024-05-16','08:02:20','17:07:37',5),(3348,16,'2024-05-16','08:01:31','17:06:23',5),(3349,17,'2024-05-16','08:10:58','15:47:38',5),(3350,18,'2024-05-16','08:04:08','17:00:11',5),(3351,19,'2024-05-16','08:01:20','17:02:21',5),(3352,20,'2024-05-16','08:03:13','17:08:33',5),(3353,21,'2024-05-16','08:00:43','17:01:22',5),(3354,22,'2024-05-16','08:06:33','17:08:24',5),(3355,23,'2024-05-16','08:02:08','17:03:42',5),(3356,24,'2024-05-16','08:08:12','17:07:47',5),(3357,25,'2024-05-16','08:08:39','15:03:25',5),(3358,26,'2024-05-16','08:06:04','17:59:27',5),(3359,27,'2024-05-16','08:01:41','17:08:21',5),(3360,28,'2024-05-16','08:00:47','17:07:09',5),(3361,29,'2024-05-16','08:08:44','13:58:41',5),(3362,30,'2024-05-16','08:04:10','16:24:20',5),(3363,31,'2024-05-16','08:02:09','17:05:18',5),(3364,32,'2024-05-16','08:07:55','17:09:22',5),(3365,33,'2024-05-16','08:05:45','17:08:38',5),(3366,34,'2024-05-16','08:03:16','17:06:03',5),(3367,1,'2024-05-17','08:05:34','17:08:08',5),(3368,2,'2024-05-17','08:02:59','17:00:27',5),(3369,3,'2024-05-17','08:00:04','17:04:55',5),(3370,4,'2024-05-17','08:09:00','17:17:59',5),(3371,5,'2024-05-17','08:02:47','15:03:53',5),(3372,6,'2024-05-17','08:06:21','17:02:20',5),(3373,7,'2024-05-17','00:00:00','00:00:00',5),(3374,8,'2024-05-17','00:00:00','00:00:00',5),(3375,9,'2024-05-17','00:00:00','00:00:00',5),(3376,10,'2024-05-17','08:09:42','17:06:04',5),(3377,11,'2024-05-17','08:09:59','17:04:52',5),(3378,12,'2024-05-17','00:00:00','00:00:00',5),(3379,13,'2024-05-17','08:11:08','17:09:52',5),(3380,14,'2024-05-17','00:00:00','00:00:00',5),(3381,15,'2024-05-17','08:02:25','17:08:35',5),(3382,16,'2024-05-17','08:03:27','17:06:24',5),(3383,17,'2024-05-17','08:00:35','17:05:00',5),(3384,18,'2024-05-17','08:05:48','17:00:11',5),(3385,19,'2024-05-17','08:04:34','17:06:51',5),(3386,20,'2024-05-17','08:06:37','15:54:05',5),(3387,21,'2024-05-17','08:03:38','17:03:06',5),(3388,22,'2024-05-17','08:02:12','17:07:42',5),(3389,23,'2024-05-17','08:09:00','17:02:11',5),(3390,24,'2024-05-17','08:00:52','17:03:54',5),(3391,25,'2024-05-17','08:11:13','17:08:08',5),(3392,26,'2024-05-17','08:09:16','17:08:22',5),(3393,27,'2024-05-17','08:04:26','17:12:49',5),(3394,28,'2024-05-17','08:05:44','17:00:39',5),(3395,29,'2024-05-17','08:09:40','17:08:21',5),(3396,30,'2024-05-17','08:07:28','17:13:01',5),(3397,31,'2024-05-17','08:08:30','17:07:52',5),(3398,32,'2024-05-17','08:00:45','17:03:03',5),(3399,33,'2024-05-17','08:00:16','17:08:49',5),(3400,34,'2024-05-17','08:01:36','17:07:09',5),(3401,1,'2024-05-20','08:01:50','17:49:10',5),(3402,2,'2024-05-20','08:05:47','17:03:41',5),(3403,3,'2024-05-20','08:01:34','17:08:51',5),(3404,4,'2024-05-20','08:01:07','17:00:51',5),(3405,5,'2024-05-20','08:01:01','17:05:38',5),(3406,6,'2024-05-20','00:00:00','00:00:00',5),(3407,7,'2024-05-20','08:09:14','17:07:51',5),(3408,8,'2024-05-20','08:00:24','17:03:22',5),(3409,9,'2024-05-20','08:00:26','13:03:46',5),(3410,10,'2024-05-20','08:03:33','13:13:26',5),(3411,11,'2024-05-20','00:00:00','00:00:00',5),(3412,12,'2024-05-20','08:00:56','17:08:09',5),(3413,13,'2024-05-20','08:06:46','17:06:28',5),(3414,14,'2024-05-20','08:00:20','17:03:26',5),(3415,15,'2024-05-20','08:08:40','16:36:47',5),(3416,16,'2024-05-20','08:09:21','17:08:27',5),(3417,17,'2024-05-20','00:00:00','00:00:00',5),(3418,18,'2024-05-20','08:00:03','17:03:32',5),(3419,19,'2024-05-20','08:10:01','17:06:09',5),(3420,20,'2024-05-20','08:09:31','17:05:23',5),(3421,21,'2024-05-20','08:09:06','13:02:50',5),(3422,22,'2024-05-20','08:07:05','17:09:10',5),(3423,23,'2024-05-20','08:08:55','17:00:44',5),(3424,24,'2024-05-20','08:08:18','17:09:27',5),(3425,25,'2024-05-20','08:01:03','17:09:02',5),(3426,26,'2024-05-20','08:04:32','17:07:03',5),(3427,27,'2024-05-20','00:00:00','00:00:00',5),(3428,28,'2024-05-20','08:07:17','17:00:57',5),(3429,29,'2024-05-20','08:04:23','17:00:01',5),(3430,30,'2024-05-20','08:09:40','17:03:55',5),(3431,31,'2024-05-20','08:01:57','17:07:17',5),(3432,32,'2024-05-20','08:04:20','15:40:16',5),(3433,33,'2024-05-20','08:11:05','17:06:47',5),(3434,34,'2024-05-20','08:06:15','17:01:22',5),(3435,1,'2024-05-21','08:06:15','17:06:02',5),(3436,2,'2024-05-21','08:07:44','17:06:11',5),(3437,3,'2024-05-21','08:00:30','17:08:57',5),(3438,4,'2024-05-21','08:07:39','17:57:13',5),(3439,5,'2024-05-21','08:06:51','15:53:05',5),(3440,6,'2024-05-21','08:06:22','17:02:58',5),(3441,7,'2024-05-21','08:01:20','14:46:59',5),(3442,8,'2024-05-21','00:00:00','00:00:00',5),(3443,9,'2024-05-21','08:03:43','17:01:56',5),(3444,10,'2024-05-21','08:06:33','14:58:52',5),(3445,11,'2024-05-21','08:00:45','17:09:52',5),(3446,12,'2024-05-21','08:01:12','17:01:46',5),(3447,13,'2024-05-21','08:10:38','17:06:05',5),(3448,14,'2024-05-21','08:01:50','17:09:55',5),(3449,15,'2024-05-21','08:03:22','17:00:24',5),(3450,16,'2024-05-21','08:02:07','17:03:05',5),(3451,17,'2024-05-21','08:07:23','17:04:13',5),(3452,18,'2024-05-21','08:01:50','15:12:37',5),(3453,19,'2024-05-21','08:08:42','14:28:18',5),(3454,20,'2024-05-21','08:00:32','17:05:49',5),(3455,21,'2024-05-21','08:04:56','17:03:48',5),(3456,22,'2024-05-21','08:02:43','17:09:38',5),(3457,23,'2024-05-21','00:00:00','00:00:00',5),(3458,24,'2024-05-21','08:06:20','17:00:13',5),(3459,25,'2024-05-21','08:08:50','17:07:03',5),(3460,26,'2024-05-21','08:09:24','17:02:44',5),(3461,27,'2024-05-21','08:11:21','17:06:53',5),(3462,28,'2024-05-21','08:11:44','17:08:07',5),(3463,29,'2024-05-21','08:10:27','17:06:09',5),(3464,30,'2024-05-21','08:02:56','17:00:43',5),(3465,31,'2024-05-21','08:04:43','17:01:49',5),(3466,32,'2024-05-21','08:09:05','17:01:35',5),(3467,33,'2024-05-21','08:07:28','17:08:25',5),(3468,34,'2024-05-21','08:04:52','17:05:42',5),(3469,1,'2024-05-22','00:00:00','00:00:00',5),(3470,2,'2024-05-22','08:03:52','17:03:27',5),(3471,3,'2024-05-22','00:00:00','00:00:00',5),(3472,4,'2024-05-22','08:02:00','17:04:56',5),(3473,5,'2024-05-22','00:00:00','00:00:00',5),(3474,6,'2024-05-22','08:04:49','17:00:28',5),(3475,7,'2024-05-22','08:01:01','17:06:28',5),(3476,8,'2024-05-22','08:10:01','17:04:57',5),(3477,9,'2024-05-22','08:04:45','17:06:59',5),(3478,10,'2024-05-22','08:09:09','17:07:58',5),(3479,11,'2024-05-22','08:05:29','16:06:38',5),(3480,12,'2024-05-22','00:00:00','00:00:00',5),(3481,13,'2024-05-22','08:00:30','17:04:40',5),(3482,14,'2024-05-22','08:02:04','17:02:05',5),(3483,15,'2024-05-22','08:11:40','17:07:02',5),(3484,16,'2024-05-22','08:10:52','17:00:01',5),(3485,17,'2024-05-22','08:05:07','17:02:12',5),(3486,18,'2024-05-22','08:06:06','17:02:54',5),(3487,19,'2024-05-22','08:11:17','15:13:02',5),(3488,20,'2024-05-22','08:04:58','17:01:42',5),(3489,21,'2024-05-22','08:03:06','17:09:52',5),(3490,22,'2024-05-22','08:09:17','17:07:58',5),(3491,23,'2024-05-22','08:08:04','15:40:54',5),(3492,24,'2024-05-22','08:05:26','17:04:37',5),(3493,25,'2024-05-22','08:09:57','17:03:55',5),(3494,26,'2024-05-22','08:10:39','17:03:48',5),(3495,27,'2024-05-22','08:10:47','17:03:28',5),(3496,28,'2024-05-22','08:04:02','17:02:17',5),(3497,29,'2024-05-22','00:00:00','00:00:00',5),(3498,30,'2024-05-22','00:00:00','00:00:00',5),(3499,31,'2024-05-22','08:03:49','17:09:17',5),(3500,32,'2024-05-22','08:09:57','17:04:36',5),(3501,33,'2024-05-22','08:05:43','17:00:59',5),(3502,34,'2024-05-22','08:11:59','17:04:02',5),(3503,1,'2024-05-23','08:07:42','15:18:49',5),(3504,2,'2024-05-23','08:01:35','17:06:38',5),(3505,3,'2024-05-23','08:04:33','17:03:21',5),(3506,4,'2024-05-23','00:00:00','00:00:00',5),(3507,5,'2024-05-23','08:11:37','17:08:15',5),(3508,6,'2024-05-23','08:00:06','17:08:20',5),(3509,7,'2024-05-23','00:00:00','00:00:00',5),(3510,8,'2024-05-23','08:00:28','17:08:46',5),(3511,9,'2024-05-23','08:04:19','14:39:25',5),(3512,10,'2024-05-23','08:07:02','17:02:40',5),(3513,11,'2024-05-23','08:06:07','17:01:53',5),(3514,12,'2024-05-23','00:00:00','00:00:00',5),(3515,13,'2024-05-23','08:09:59','17:07:56',5),(3516,14,'2024-05-23','08:02:27','17:03:03',5),(3517,15,'2024-05-23','00:00:00','00:00:00',5),(3518,16,'2024-05-23','08:06:18','17:07:49',5),(3519,17,'2024-05-23','08:07:46','17:09:05',5),(3520,18,'2024-05-23','08:00:58','17:01:44',5),(3521,19,'2024-05-23','08:04:59','17:04:28',5),(3522,20,'2024-05-23','08:02:27','17:01:29',5),(3523,21,'2024-05-23','08:11:48','17:05:01',5),(3524,22,'2024-05-23','08:03:50','17:08:48',5),(3525,23,'2024-05-23','08:06:49','17:08:07',5),(3526,24,'2024-05-23','08:07:34','17:06:03',5),(3527,25,'2024-05-23','08:05:31','17:05:17',5),(3528,26,'2024-05-23','08:08:59','14:47:05',5),(3529,27,'2024-05-23','08:05:33','17:07:21',5),(3530,28,'2024-05-23','08:05:00','15:24:39',5),(3531,29,'2024-05-23','08:10:12','17:05:25',5),(3532,30,'2024-05-23','08:09:53','17:03:12',5),(3533,31,'2024-05-23','08:06:40','17:03:09',5),(3534,32,'2024-05-23','08:10:10','14:52:15',5),(3535,33,'2024-05-23','00:00:00','00:00:00',5),(3536,34,'2024-05-23','08:11:31','17:09:35',5),(3537,1,'2024-05-24','08:08:33','17:04:08',5),(3538,2,'2024-05-24','00:00:00','00:00:00',5),(3539,3,'2024-05-24','08:08:44','17:01:53',5),(3540,4,'2024-05-24','08:02:44','17:04:56',5),(3541,5,'2024-05-24','08:09:41','17:27:32',5),(3542,6,'2024-05-24','08:09:16','17:09:38',5),(3543,7,'2024-05-24','00:00:00','00:00:00',5),(3544,8,'2024-05-24','08:00:08','17:03:07',5),(3545,9,'2024-05-24','08:01:26','17:02:12',5),(3546,10,'2024-05-24','08:05:38','17:04:45',5),(3547,11,'2024-05-24','08:10:54','17:05:59',5),(3548,12,'2024-05-24','08:03:22','17:00:10',5),(3549,13,'2024-05-24','08:11:58','13:39:26',5),(3550,14,'2024-05-24','08:07:53','17:04:34',5),(3551,15,'2024-05-24','08:08:20','17:08:42',5),(3552,16,'2024-05-24','08:11:11','17:02:47',5),(3553,17,'2024-05-24','08:09:54','17:02:05',5),(3554,18,'2024-05-24','08:03:23','17:02:32',5),(3555,19,'2024-05-24','08:10:59','17:00:14',5),(3556,20,'2024-05-24','08:10:36','17:05:17',5),(3557,21,'2024-05-24','08:05:49','17:02:48',5),(3558,22,'2024-05-24','08:04:15','17:02:55',5),(3559,23,'2024-05-24','08:04:37','17:05:38',5),(3560,24,'2024-05-24','08:07:18','17:04:25',5),(3561,25,'2024-05-24','08:06:18','17:46:53',5),(3562,26,'2024-05-24','08:01:04','17:08:53',5),(3563,27,'2024-05-24','08:09:04','17:00:06',5),(3564,28,'2024-05-24','08:04:13','16:18:36',5),(3565,29,'2024-05-24','08:06:50','17:06:29',5),(3566,30,'2024-05-24','08:09:39','17:01:57',5),(3567,31,'2024-05-24','08:06:46','17:06:11',5),(3568,32,'2024-05-24','08:00:39','14:05:47',5),(3569,33,'2024-05-24','08:00:09','17:07:06',5),(3570,34,'2024-05-24','08:05:05','17:04:46',5),(3571,1,'2024-05-27','08:09:27','17:00:22',5),(3572,2,'2024-05-27','08:08:11','17:09:04',5),(3573,3,'2024-05-27','08:06:54','17:02:17',5),(3574,4,'2024-05-27','08:11:19','17:02:26',5),(3575,5,'2024-05-27','08:02:04','14:55:11',5),(3576,6,'2024-05-27','08:01:19','17:08:12',5),(3577,7,'2024-05-27','08:11:51','17:04:07',5),(3578,8,'2024-05-27','08:09:52','17:09:55',5),(3579,9,'2024-05-27','08:04:32','17:08:30',5),(3580,10,'2024-05-27','00:00:00','00:00:00',5),(3581,11,'2024-05-27','08:01:55','17:04:20',5),(3582,12,'2024-05-27','08:01:47','17:06:56',5),(3583,13,'2024-05-27','08:06:48','17:07:09',5),(3584,14,'2024-05-27','08:08:06','17:02:11',5),(3585,15,'2024-05-27','08:07:11','17:09:16',5),(3586,16,'2024-05-27','08:04:37','17:05:57',5),(3587,17,'2024-05-27','08:00:41','17:05:08',5),(3588,18,'2024-05-27','08:04:28','17:02:47',5),(3589,19,'2024-05-27','08:06:53','17:01:55',5),(3590,20,'2024-05-27','08:06:39','17:07:30',5),(3591,21,'2024-05-27','08:07:23','17:01:46',5),(3592,22,'2024-05-27','08:11:08','17:01:50',5),(3593,23,'2024-05-27','08:02:03','17:03:00',5),(3594,24,'2024-05-27','08:01:10','17:04:00',5),(3595,25,'2024-05-27','08:02:31','17:05:14',5),(3596,26,'2024-05-27','08:06:17','17:02:54',5),(3597,27,'2024-05-27','08:03:03','17:02:34',5),(3598,28,'2024-05-27','08:03:38','17:02:26',5),(3599,29,'2024-05-27','08:11:57','17:09:49',5),(3600,30,'2024-05-27','08:07:12','17:02:27',5),(3601,31,'2024-05-27','08:08:48','17:01:57',5),(3602,32,'2024-05-27','08:04:39','17:02:34',5),(3603,33,'2024-05-27','08:04:32','17:01:41',5),(3604,34,'2024-05-27','08:07:41','17:06:26',5),(3605,1,'2024-05-28','08:09:19','17:06:06',5),(3606,2,'2024-05-28','08:00:10','17:04:51',5),(3607,3,'2024-05-28','08:01:48','17:02:02',5),(3608,4,'2024-05-28','08:02:43','17:07:13',5),(3609,5,'2024-05-28','08:05:49','17:02:17',5),(3610,6,'2024-05-28','08:08:03','17:08:52',5),(3611,7,'2024-05-28','08:00:55','13:52:08',5),(3612,8,'2024-05-28','08:00:45','17:00:23',5),(3613,9,'2024-05-28','08:04:24','16:39:09',5),(3614,10,'2024-05-28','08:02:02','17:09:28',5),(3615,11,'2024-05-28','08:11:49','17:01:26',5),(3616,12,'2024-05-28','08:01:06','17:07:52',5),(3617,13,'2024-05-28','08:07:00','14:57:02',5),(3618,14,'2024-05-28','08:09:06','17:00:05',5),(3619,15,'2024-05-28','08:06:06','17:07:09',5),(3620,16,'2024-05-28','08:03:01','17:05:18',5),(3621,17,'2024-05-28','08:00:01','14:23:40',5),(3622,18,'2024-05-28','08:05:31','16:56:55',5),(3623,19,'2024-05-28','08:02:53','13:58:53',5),(3624,20,'2024-05-28','00:00:00','00:00:00',5),(3625,21,'2024-05-28','08:02:16','17:09:21',5),(3626,22,'2024-05-28','08:08:18','17:07:08',5),(3627,23,'2024-05-28','08:00:08','17:00:42',5),(3628,24,'2024-05-28','00:00:00','00:00:00',5),(3629,25,'2024-05-28','00:00:00','00:00:00',5),(3630,26,'2024-05-28','08:11:20','17:05:04',5),(3631,27,'2024-05-28','08:06:46','17:09:33',5),(3632,28,'2024-05-28','08:07:02','17:09:57',5),(3633,29,'2024-05-28','08:11:24','17:00:11',5),(3634,30,'2024-05-28','08:00:33','17:03:25',5),(3635,31,'2024-05-28','08:02:00','17:05:57',5),(3636,32,'2024-05-28','08:09:34','14:31:52',5),(3637,33,'2024-05-28','08:02:00','17:08:19',5),(3638,34,'2024-05-28','08:05:02','17:09:58',5),(3639,1,'2024-05-29','08:00:54','17:00:23',5),(3640,2,'2024-05-29','08:04:24','17:00:40',5),(3641,3,'2024-05-29','08:09:27','17:04:58',5),(3642,4,'2024-05-29','08:00:47','17:04:44',5),(3643,5,'2024-05-29','08:04:37','14:30:25',5),(3644,6,'2024-05-29','08:05:23','17:02:28',5),(3645,7,'2024-05-29','08:11:54','17:06:40',5),(3646,8,'2024-05-29','08:10:03','17:06:34',5),(3647,9,'2024-05-29','08:07:36','16:29:18',5),(3648,10,'2024-05-29','08:00:08','17:04:57',5),(3649,11,'2024-05-29','08:05:30','17:05:56',5),(3650,12,'2024-05-29','08:04:29','13:15:31',5),(3651,13,'2024-05-29','08:04:42','17:04:23',5),(3652,14,'2024-05-29','08:01:31','17:09:38',5),(3653,15,'2024-05-29','08:05:59','17:09:56',5),(3654,16,'2024-05-29','08:03:56','16:33:30',5),(3655,17,'2024-05-29','08:02:13','17:01:41',5),(3656,18,'2024-05-29','08:03:33','17:01:13',5),(3657,19,'2024-05-29','08:00:55','17:32:30',5),(3658,20,'2024-05-29','08:07:29','17:43:17',5),(3659,21,'2024-05-29','08:00:35','17:05:27',5),(3660,22,'2024-05-29','08:09:04','17:08:45',5),(3661,23,'2024-05-29','08:03:47','17:09:42',5),(3662,24,'2024-05-29','08:07:33','17:07:35',5),(3663,25,'2024-05-29','08:06:21','13:33:07',5),(3664,26,'2024-05-29','08:04:26','17:04:59',5),(3665,27,'2024-05-29','08:06:54','17:01:38',5),(3666,28,'2024-05-29','08:10:08','17:04:33',5),(3667,29,'2024-05-29','08:11:41','17:07:10',5),(3668,30,'2024-05-29','00:00:00','00:00:00',5),(3669,31,'2024-05-29','08:07:59','17:05:51',5),(3670,32,'2024-05-29','08:02:28','16:59:57',5),(3671,33,'2024-05-29','08:02:08','17:08:51',5),(3672,34,'2024-05-29','00:00:00','00:00:00',5),(3673,1,'2024-05-30','00:00:00','00:00:00',5),(3674,2,'2024-05-30','08:03:50','17:04:14',5),(3675,3,'2024-05-30','08:10:34','17:02:10',5),(3676,4,'2024-05-30','08:00:09','17:09:17',5),(3677,5,'2024-05-30','08:07:16','17:06:54',5),(3678,6,'2024-05-30','08:03:04','17:05:22',5),(3679,7,'2024-05-30','08:03:41','17:06:45',5),(3680,8,'2024-05-30','08:10:20','17:05:34',5),(3681,9,'2024-05-30','08:00:26','14:08:59',5),(3682,10,'2024-05-30','08:04:36','17:00:20',5),(3683,11,'2024-05-30','08:02:25','17:09:03',5),(3684,12,'2024-05-30','08:01:22','17:09:43',5),(3685,13,'2024-05-30','08:02:11','17:07:14',5),(3686,14,'2024-05-30','08:03:57','14:39:05',5),(3687,15,'2024-05-30','08:11:34','17:04:45',5),(3688,16,'2024-05-30','08:05:21','17:02:41',5),(3689,17,'2024-05-30','08:03:10','17:09:06',5),(3690,18,'2024-05-30','08:04:59','17:00:24',5),(3691,19,'2024-05-30','08:07:48','17:03:54',5),(3692,20,'2024-05-30','08:04:27','17:02:35',5),(3693,21,'2024-05-30','00:00:00','00:00:00',5),(3694,22,'2024-05-30','08:02:18','17:08:21',5),(3695,23,'2024-05-30','08:01:32','17:07:28',5),(3696,24,'2024-05-30','08:07:31','17:08:06',5),(3697,25,'2024-05-30','08:01:53','17:02:55',5),(3698,26,'2024-05-30','08:03:56','17:07:03',5),(3699,27,'2024-05-30','08:02:21','17:09:45',5),(3700,28,'2024-05-30','08:02:31','17:09:41',5),(3701,29,'2024-05-30','00:00:00','00:00:00',5),(3702,30,'2024-05-30','08:07:39','17:03:55',5),(3703,31,'2024-05-30','08:03:46','17:09:09',5),(3704,32,'2024-05-30','08:09:45','17:07:52',5),(3705,33,'2024-05-30','08:09:23','17:05:41',5),(3706,34,'2024-05-30','08:02:45','17:04:49',5),(3707,1,'2024-05-31','08:08:57','15:59:11',5),(3708,2,'2024-05-31','08:08:27','17:07:50',5),(3709,3,'2024-05-31','08:01:52','17:09:29',5),(3710,4,'2024-05-31','08:07:27','17:09:10',5),(3711,5,'2024-05-31','08:08:33','17:07:26',5),(3712,6,'2024-05-31','00:00:00','00:00:00',5),(3713,7,'2024-05-31','00:00:00','00:00:00',5),(3714,8,'2024-05-31','08:08:27','17:05:15',5),(3715,9,'2024-05-31','08:09:01','17:05:54',5),(3716,10,'2024-05-31','08:01:08','16:14:20',5),(3717,11,'2024-05-31','08:07:15','17:07:24',5),(3718,12,'2024-05-31','08:03:53','17:00:29',5),(3719,13,'2024-05-31','08:10:22','17:05:29',5),(3720,14,'2024-05-31','08:09:19','14:02:17',5),(3721,15,'2024-05-31','08:04:29','17:02:11',5),(3722,16,'2024-05-31','08:07:40','17:08:33',5),(3723,17,'2024-05-31','08:09:59','17:05:12',5),(3724,18,'2024-05-31','08:11:08','15:13:18',5),(3725,19,'2024-05-31','08:05:28','17:07:52',5),(3726,20,'2024-05-31','08:02:47','17:01:44',5),(3727,21,'2024-05-31','08:01:58','17:05:51',5),(3728,22,'2024-05-31','08:03:16','17:45:34',5),(3729,23,'2024-05-31','08:11:38','17:00:31',5),(3730,24,'2024-05-31','08:10:28','17:01:30',5),(3731,25,'2024-05-31','08:00:16','17:07:48',5),(3732,26,'2024-05-31','08:07:31','17:00:55',5),(3733,27,'2024-05-31','08:08:12','17:01:55',5),(3734,28,'2024-05-31','08:05:15','17:07:56',5),(3735,29,'2024-05-31','08:03:09','17:04:39',5),(3736,30,'2024-05-31','08:00:25','17:09:33',5),(3737,31,'2024-05-31','08:04:45','17:02:04',5),(3738,32,'2024-05-31','00:00:00','00:00:00',5),(3739,33,'2024-05-31','08:01:07','17:08:02',5),(3740,34,'2024-05-31','08:06:43','16:44:39',5),(3741,1,'2024-06-03','08:04:06','16:50:05',6),(3742,2,'2024-06-03','08:04:38','17:06:52',6),(3743,3,'2024-06-03','08:11:21','17:07:11',6),(3744,4,'2024-06-03','08:01:59','17:07:42',6),(3745,5,'2024-06-03','08:01:29','17:05:48',6),(3746,6,'2024-06-03','08:08:53','17:09:11',6),(3747,7,'2024-06-03','08:02:15','17:00:22',6),(3748,8,'2024-06-03','08:06:00','17:08:56',6),(3749,9,'2024-06-03','08:04:57','17:06:34',6),(3750,10,'2024-06-03','08:05:59','13:09:45',6),(3751,11,'2024-06-03','00:00:00','00:00:00',6),(3752,12,'2024-06-03','08:02:42','17:06:29',6),(3753,13,'2024-06-03','08:08:49','17:07:27',6),(3754,14,'2024-06-03','08:09:57','17:09:36',6),(3755,15,'2024-06-03','08:10:20','17:03:13',6),(3756,16,'2024-06-03','00:00:00','00:00:00',6),(3757,17,'2024-06-03','08:10:40','17:03:44',6),(3758,18,'2024-06-03','08:05:32','14:49:57',6),(3759,19,'2024-06-03','08:07:02','15:37:16',6),(3760,20,'2024-06-03','08:07:52','17:00:48',6),(3761,21,'2024-06-03','00:00:00','00:00:00',6),(3762,22,'2024-06-03','08:06:04','17:07:06',6),(3763,23,'2024-06-03','08:11:53','17:02:41',6),(3764,24,'2024-06-03','08:09:45','17:05:31',6),(3765,25,'2024-06-03','08:08:26','17:08:20',6),(3766,26,'2024-06-03','08:08:17','17:07:24',6),(3767,27,'2024-06-03','08:11:51','17:02:33',6),(3768,28,'2024-06-03','08:00:27','17:09:59',6),(3769,29,'2024-06-03','08:00:43','17:04:24',6),(3770,30,'2024-06-03','08:06:26','17:05:33',6),(3771,31,'2024-06-03','08:04:18','17:05:17',6),(3772,32,'2024-06-03','08:03:13','17:06:23',6),(3773,33,'2024-06-03','08:09:33','17:04:07',6),(3774,34,'2024-06-03','08:04:50','17:01:00',6),(3775,1,'2024-06-04','00:00:00','00:00:00',6),(3776,2,'2024-06-04','08:11:15','14:35:38',6),(3777,3,'2024-06-04','00:00:00','00:00:00',6),(3778,4,'2024-06-04','08:05:58','17:09:12',6),(3779,5,'2024-06-04','08:06:40','17:09:57',6),(3780,6,'2024-06-04','08:11:43','17:05:45',6),(3781,7,'2024-06-04','08:10:27','17:02:06',6),(3782,8,'2024-06-04','08:06:38','17:03:44',6),(3783,9,'2024-06-04','08:01:07','17:04:05',6),(3784,10,'2024-06-04','08:01:04','17:07:10',6),(3785,11,'2024-06-04','08:11:12','17:02:06',6),(3786,12,'2024-06-04','00:00:00','00:00:00',6),(3787,13,'2024-06-04','08:01:23','17:06:51',6),(3788,14,'2024-06-04','08:04:02','17:01:15',6),(3789,15,'2024-06-04','08:03:27','17:05:01',6),(3790,16,'2024-06-04','08:10:58','17:05:46',6),(3791,17,'2024-06-04','08:10:49','17:03:06',6),(3792,18,'2024-06-04','08:06:00','17:05:24',6),(3793,19,'2024-06-04','00:00:00','00:00:00',6),(3794,20,'2024-06-04','08:06:07','17:06:31',6),(3795,21,'2024-06-04','00:00:00','00:00:00',6),(3796,22,'2024-06-04','08:10:05','17:09:25',6),(3797,23,'2024-06-04','00:00:00','00:00:00',6),(3798,24,'2024-06-04','08:08:23','17:07:34',6),(3799,25,'2024-06-04','08:07:06','17:08:33',6),(3800,26,'2024-06-04','08:02:17','17:01:39',6),(3801,27,'2024-06-04','08:06:45','17:09:53',6),(3802,28,'2024-06-04','08:10:14','14:07:12',6),(3803,29,'2024-06-04','08:06:41','17:08:57',6),(3804,30,'2024-06-04','08:11:09','15:23:48',6),(3805,31,'2024-06-04','08:04:07','17:09:22',6),(3806,32,'2024-06-04','08:03:46','17:08:28',6),(3807,33,'2024-06-04','00:00:00','00:00:00',6),(3808,34,'2024-06-04','08:10:16','17:05:21',6),(3809,1,'2024-06-05','08:02:31','17:07:05',6),(3810,2,'2024-06-05','08:04:05','16:43:01',6),(3811,3,'2024-06-05','00:00:00','00:00:00',6),(3812,4,'2024-06-05','08:02:15','17:11:42',6),(3813,5,'2024-06-05','08:10:09','17:08:33',6),(3814,6,'2024-06-05','08:03:01','17:05:27',6),(3815,7,'2024-06-05','08:02:36','17:01:48',6),(3816,8,'2024-06-05','08:03:23','17:05:12',6),(3817,9,'2024-06-05','08:00:54','17:02:15',6),(3818,10,'2024-06-05','08:01:21','17:02:43',6),(3819,11,'2024-06-05','08:11:38','17:04:49',6),(3820,12,'2024-06-05','08:04:53','17:07:16',6),(3821,13,'2024-06-05','08:11:11','17:04:53',6),(3822,14,'2024-06-05','08:00:01','17:09:12',6),(3823,15,'2024-06-05','08:02:14','17:00:39',6),(3824,16,'2024-06-05','08:06:44','17:05:16',6),(3825,17,'2024-06-05','08:01:19','17:08:19',6),(3826,18,'2024-06-05','08:00:53','14:51:22',6),(3827,19,'2024-06-05','08:01:25','17:09:21',6),(3828,20,'2024-06-05','08:01:11','17:01:59',6),(3829,21,'2024-06-05','08:07:04','17:00:56',6),(3830,22,'2024-06-05','08:08:12','17:03:14',6),(3831,23,'2024-06-05','08:01:18','15:31:01',6),(3832,24,'2024-06-05','08:07:01','17:09:30',6),(3833,25,'2024-06-05','08:02:01','17:02:05',6),(3834,26,'2024-06-05','08:07:55','17:00:55',6),(3835,27,'2024-06-05','08:10:44','17:04:14',6),(3836,28,'2024-06-05','08:00:42','17:01:10',6),(3837,29,'2024-06-05','08:06:15','17:07:41',6),(3838,30,'2024-06-05','08:05:57','17:04:29',6),(3839,31,'2024-06-05','08:00:00','17:02:00',6),(3840,32,'2024-06-05','08:00:35','17:04:29',6),(3841,33,'2024-06-05','08:08:49','17:09:56',6),(3842,34,'2024-06-05','08:11:09','17:02:16',6),(3843,1,'2024-06-06','08:08:30','14:51:21',6),(3844,2,'2024-06-06','08:09:55','17:05:46',6),(3845,3,'2024-06-06','08:03:35','17:02:17',6),(3846,4,'2024-06-06','00:00:00','00:00:00',6),(3847,5,'2024-06-06','08:09:29','17:01:35',6),(3848,6,'2024-06-06','08:07:07','14:18:30',6),(3849,7,'2024-06-06','08:01:19','17:04:44',6),(3850,8,'2024-06-06','00:00:00','00:00:00',6),(3851,9,'2024-06-06','08:11:12','17:00:30',6),(3852,10,'2024-06-06','00:00:00','00:00:00',6),(3853,11,'2024-06-06','08:08:57','17:07:00',6),(3854,12,'2024-06-06','08:02:23','17:02:55',6),(3855,13,'2024-06-06','08:10:31','17:02:09',6),(3856,14,'2024-06-06','08:02:15','14:39:05',6),(3857,15,'2024-06-06','08:06:44','17:05:18',6),(3858,16,'2024-06-06','08:04:26','17:05:00',6),(3859,17,'2024-06-06','08:08:26','17:06:31',6),(3860,18,'2024-06-06','00:00:00','00:00:00',6),(3861,19,'2024-06-06','08:00:00','17:09:57',6),(3862,20,'2024-06-06','08:06:35','17:00:08',6),(3863,21,'2024-06-06','08:11:55','17:06:14',6),(3864,22,'2024-06-06','08:11:38','17:03:37',6),(3865,23,'2024-06-06','00:00:00','00:00:00',6),(3866,24,'2024-06-06','08:07:59','17:09:53',6),(3867,25,'2024-06-06','08:08:27','17:32:02',6),(3868,26,'2024-06-06','08:11:04','17:00:06',6),(3869,27,'2024-06-06','08:08:48','17:01:31',6),(3870,28,'2024-06-06','08:02:20','17:07:06',6),(3871,29,'2024-06-06','00:00:00','00:00:00',6),(3872,30,'2024-06-06','08:07:35','17:06:57',6),(3873,31,'2024-06-06','00:00:00','00:00:00',6),(3874,32,'2024-06-06','08:04:06','17:07:49',6),(3875,33,'2024-06-06','08:08:06','17:09:29',6),(3876,34,'2024-06-06','08:09:24','17:04:10',6),(3877,1,'2024-06-07','08:02:41','17:01:20',6),(3878,2,'2024-06-07','08:09:07','17:06:47',6),(3879,3,'2024-06-07','00:00:00','00:00:00',6),(3880,4,'2024-06-07','08:10:56','17:00:16',6),(3881,5,'2024-06-07','08:03:35','17:07:45',6),(3882,6,'2024-06-07','08:07:03','17:01:03',6),(3883,7,'2024-06-07','08:08:15','13:16:58',6),(3884,8,'2024-06-07','08:05:56','17:05:30',6),(3885,9,'2024-06-07','08:10:42','17:02:22',6),(3886,10,'2024-06-07','08:07:04','17:05:07',6),(3887,11,'2024-06-07','08:03:18','17:06:02',6),(3888,12,'2024-06-07','08:07:34','17:02:56',6),(3889,13,'2024-06-07','08:03:29','17:03:46',6),(3890,14,'2024-06-07','08:01:20','17:07:56',6),(3891,15,'2024-06-07','08:09:30','17:06:07',6),(3892,16,'2024-06-07','08:10:16','17:04:39',6),(3893,17,'2024-06-07','08:03:16','17:01:49',6),(3894,18,'2024-06-07','08:07:13','17:01:09',6),(3895,19,'2024-06-07','08:03:19','17:05:37',6),(3896,20,'2024-06-07','08:03:32','16:31:03',6),(3897,21,'2024-06-07','08:09:01','17:06:04',6),(3898,22,'2024-06-07','08:03:06','17:04:40',6),(3899,23,'2024-06-07','08:09:26','17:07:55',6),(3900,24,'2024-06-07','08:02:19','17:06:02',6),(3901,25,'2024-06-07','08:11:32','17:09:47',6),(3902,26,'2024-06-07','08:05:13','17:09:12',6),(3903,27,'2024-06-07','08:00:37','13:16:36',6),(3904,28,'2024-06-07','00:00:00','00:00:00',6),(3905,29,'2024-06-07','08:00:56','16:40:47',6),(3906,30,'2024-06-07','08:02:38','17:09:37',6),(3907,31,'2024-06-07','08:00:00','14:55:27',6),(3908,32,'2024-06-07','08:06:59','17:07:21',6),(3909,33,'2024-06-07','08:09:32','17:00:03',6),(3910,34,'2024-06-07','08:10:59','17:09:25',6),(3911,1,'2024-06-10','08:11:51','17:08:50',6),(3912,2,'2024-06-10','08:09:37','17:00:22',6),(3913,3,'2024-06-10','08:09:02','14:28:32',6),(3914,4,'2024-06-10','08:06:54','17:00:42',6),(3915,5,'2024-06-10','08:02:20','17:09:33',6),(3916,6,'2024-06-10','08:10:14','17:00:06',6),(3917,7,'2024-06-10','08:00:24','17:09:19',6),(3918,8,'2024-06-10','08:01:39','17:06:53',6),(3919,9,'2024-06-10','08:02:21','17:07:36',6),(3920,10,'2024-06-10','08:07:53','14:57:27',6),(3921,11,'2024-06-10','08:08:59','17:01:20',6),(3922,12,'2024-06-10','08:03:12','17:05:53',6),(3923,13,'2024-06-10','08:04:40','16:49:19',6),(3924,14,'2024-06-10','08:08:35','17:06:37',6),(3925,15,'2024-06-10','08:03:17','17:08:08',6),(3926,16,'2024-06-10','08:10:56','17:08:38',6),(3927,17,'2024-06-10','08:00:32','17:01:07',6),(3928,18,'2024-06-10','08:09:36','17:03:08',6),(3929,19,'2024-06-10','08:00:01','17:08:40',6),(3930,20,'2024-06-10','08:11:04','17:07:32',6),(3931,21,'2024-06-10','00:00:00','00:00:00',6),(3932,22,'2024-06-10','08:10:59','17:06:18',6),(3933,23,'2024-06-10','08:02:25','17:08:12',6),(3934,24,'2024-06-10','08:10:31','17:36:05',6),(3935,25,'2024-06-10','08:03:16','17:07:22',6),(3936,26,'2024-06-10','08:05:45','17:09:00',6),(3937,27,'2024-06-10','08:07:47','17:00:52',6),(3938,28,'2024-06-10','08:02:31','17:04:02',6),(3939,29,'2024-06-10','00:00:00','00:00:00',6),(3940,30,'2024-06-10','00:00:00','00:00:00',6),(3941,31,'2024-06-10','08:06:04','17:09:58',6),(3942,32,'2024-06-10','00:00:00','00:00:00',6),(3943,33,'2024-06-10','08:07:06','17:09:48',6),(3944,34,'2024-06-10','08:11:17','17:05:34',6),(3945,1,'2024-06-11','08:03:44','17:04:22',6),(3946,2,'2024-06-11','00:00:00','00:00:00',6),(3947,3,'2024-06-11','08:09:55','17:00:51',6),(3948,4,'2024-06-11','08:01:31','17:01:17',6),(3949,5,'2024-06-11','08:11:24','17:03:26',6),(3950,6,'2024-06-11','08:07:28','17:43:00',6),(3951,7,'2024-06-11','08:10:29','17:00:10',6),(3952,8,'2024-06-11','08:06:31','17:00:34',6),(3953,9,'2024-06-11','08:06:14','17:09:28',6),(3954,10,'2024-06-11','08:00:53','15:44:10',6),(3955,11,'2024-06-11','08:07:50','17:00:31',6),(3956,12,'2024-06-11','08:02:43','17:01:37',6),(3957,13,'2024-06-11','08:00:25','17:09:38',6),(3958,14,'2024-06-11','08:07:15','17:08:56',6),(3959,15,'2024-06-11','08:08:05','13:04:40',6),(3960,16,'2024-06-11','08:04:33','14:14:52',6),(3961,17,'2024-06-11','08:07:43','17:00:22',6),(3962,18,'2024-06-11','08:11:38','17:07:22',6),(3963,19,'2024-06-11','00:00:00','00:00:00',6),(3964,20,'2024-06-11','08:11:53','17:08:58',6),(3965,21,'2024-06-11','08:10:07','17:09:42',6),(3966,22,'2024-06-11','08:05:50','15:26:05',6),(3967,23,'2024-06-11','08:03:14','17:02:07',6),(3968,24,'2024-06-11','08:01:43','14:44:44',6),(3969,25,'2024-06-11','08:03:26','17:08:41',6),(3970,26,'2024-06-11','08:00:43','17:08:53',6),(3971,27,'2024-06-11','08:01:35','17:07:50',6),(3972,28,'2024-06-11','00:00:00','00:00:00',6),(3973,29,'2024-06-11','00:00:00','00:00:00',6),(3974,30,'2024-06-11','08:00:25','17:00:57',6),(3975,31,'2024-06-11','08:10:09','17:04:31',6),(3976,32,'2024-06-11','08:08:42','17:09:57',6),(3977,33,'2024-06-11','08:10:06','17:05:55',6),(3978,34,'2024-06-11','08:06:42','17:00:59',6),(3979,1,'2024-06-12','08:00:23','17:06:27',6),(3980,2,'2024-06-12','08:06:53','17:04:09',6),(3981,3,'2024-06-12','08:08:47','17:09:40',6),(3982,4,'2024-06-12','08:03:23','17:01:47',6),(3983,5,'2024-06-12','08:06:39','17:09:56',6),(3984,6,'2024-06-12','08:08:26','17:02:13',6),(3985,7,'2024-06-12','08:08:32','17:04:28',6),(3986,8,'2024-06-12','08:04:07','17:04:35',6),(3987,9,'2024-06-12','08:09:24','17:02:18',6),(3988,10,'2024-06-12','08:00:39','17:09:19',6),(3989,11,'2024-06-12','08:03:09','17:04:57',6),(3990,12,'2024-06-12','08:03:10','17:00:05',6),(3991,13,'2024-06-12','08:00:12','17:00:25',6),(3992,14,'2024-06-12','08:00:35','17:09:20',6),(3993,15,'2024-06-12','08:11:31','17:07:13',6),(3994,16,'2024-06-12','08:04:04','16:40:41',6),(3995,17,'2024-06-12','08:02:14','17:01:27',6),(3996,18,'2024-06-12','08:07:14','17:35:50',6),(3997,19,'2024-06-12','08:05:48','17:01:39',6),(3998,20,'2024-06-12','08:03:45','17:07:27',6),(3999,21,'2024-06-12','08:01:42','17:01:49',6),(4000,22,'2024-06-12','08:02:31','17:00:36',6),(4001,23,'2024-06-12','08:03:10','17:02:34',6),(4002,24,'2024-06-12','08:11:59','17:06:15',6),(4003,25,'2024-06-12','08:06:12','17:01:00',6),(4004,26,'2024-06-12','08:07:09','17:01:41',6),(4005,27,'2024-06-12','08:10:43','17:05:41',6),(4006,28,'2024-06-12','08:02:49','17:06:25',6),(4007,29,'2024-06-12','08:04:43','17:05:09',6),(4008,30,'2024-06-12','08:03:47','17:00:12',6),(4009,31,'2024-06-12','08:09:30','17:08:22',6),(4010,32,'2024-06-12','08:06:40','17:04:53',6),(4011,33,'2024-06-12','08:00:25','13:12:31',6),(4012,34,'2024-06-12','08:10:04','17:07:29',6),(4013,1,'2024-06-13','08:11:15','17:04:05',6),(4014,2,'2024-06-13','08:06:26','17:09:36',6),(4015,3,'2024-06-13','08:08:09','17:07:59',6),(4016,4,'2024-06-13','08:06:39','17:08:17',6),(4017,5,'2024-06-13','08:02:32','17:07:22',6),(4018,6,'2024-06-13','08:04:57','17:04:11',6),(4019,7,'2024-06-13','08:06:32','15:42:17',6),(4020,8,'2024-06-13','08:10:33','17:05:21',6),(4021,9,'2024-06-13','08:08:31','17:03:54',6),(4022,10,'2024-06-13','08:01:20','17:08:52',6),(4023,11,'2024-06-13','08:05:54','17:03:55',6),(4024,12,'2024-06-13','08:08:58','17:07:53',6),(4025,13,'2024-06-13','08:02:16','17:09:00',6),(4026,14,'2024-06-13','00:00:00','00:00:00',6),(4027,15,'2024-06-13','08:00:34','17:07:11',6),(4028,16,'2024-06-13','00:00:00','00:00:00',6),(4029,17,'2024-06-13','08:06:30','17:03:40',6),(4030,18,'2024-06-13','08:11:09','17:05:11',6),(4031,19,'2024-06-13','08:08:35','17:00:14',6),(4032,20,'2024-06-13','08:06:52','17:04:24',6),(4033,21,'2024-06-13','08:00:28','17:03:33',6),(4034,22,'2024-06-13','08:06:55','17:01:22',6),(4035,23,'2024-06-13','08:02:50','17:07:53',6),(4036,24,'2024-06-13','08:03:36','17:05:38',6),(4037,25,'2024-06-13','08:11:37','17:09:28',6),(4038,26,'2024-06-13','08:04:15','17:04:09',6),(4039,27,'2024-06-13','00:00:00','00:00:00',6),(4040,28,'2024-06-13','08:05:09','14:17:16',6),(4041,29,'2024-06-13','08:07:36','17:09:20',6),(4042,30,'2024-06-13','08:09:35','17:09:17',6),(4043,31,'2024-06-13','08:00:09','17:00:03',6),(4044,32,'2024-06-13','08:00:17','17:01:36',6),(4045,33,'2024-06-13','08:04:27','17:01:36',6),(4046,34,'2024-06-13','00:00:00','00:00:00',6),(4047,1,'2024-06-14','08:09:14','17:05:58',6),(4048,2,'2024-06-14','08:01:21','17:00:42',6),(4049,3,'2024-06-14','08:04:16','17:01:26',6),(4050,4,'2024-06-14','08:09:14','17:05:19',6),(4051,5,'2024-06-14','08:05:04','14:01:34',6),(4052,6,'2024-06-14','08:08:02','17:08:22',6),(4053,7,'2024-06-14','08:08:28','17:05:40',6),(4054,8,'2024-06-14','08:05:27','17:02:21',6),(4055,9,'2024-06-14','08:05:14','17:09:26',6),(4056,10,'2024-06-14','08:08:28','17:06:27',6),(4057,11,'2024-06-14','00:00:00','00:00:00',6),(4058,12,'2024-06-14','08:07:18','17:04:40',6),(4059,13,'2024-06-14','08:06:48','17:07:27',6),(4060,14,'2024-06-14','08:01:04','17:03:43',6),(4061,15,'2024-06-14','08:10:06','17:06:04',6),(4062,16,'2024-06-14','08:03:15','17:05:38',6),(4063,17,'2024-06-14','08:07:28','17:07:01',6),(4064,18,'2024-06-14','08:04:10','17:02:19',6),(4065,19,'2024-06-14','08:08:53','17:06:54',6),(4066,20,'2024-06-14','08:05:37','17:00:07',6),(4067,21,'2024-06-14','08:08:26','17:09:40',6),(4068,22,'2024-06-14','08:06:39','17:08:10',6),(4069,23,'2024-06-14','08:07:03','17:03:19',6),(4070,24,'2024-06-14','08:04:08','17:08:36',6),(4071,25,'2024-06-14','08:11:44','17:03:02',6),(4072,26,'2024-06-14','00:00:00','00:00:00',6),(4073,27,'2024-06-14','08:01:57','17:05:35',6),(4074,28,'2024-06-14','08:02:37','17:04:34',6),(4075,29,'2024-06-14','08:01:49','13:30:51',6),(4076,30,'2024-06-14','08:04:03','17:02:02',6),(4077,31,'2024-06-14','08:05:19','17:09:49',6),(4078,32,'2024-06-14','08:02:35','17:03:39',6),(4079,33,'2024-06-14','08:10:48','17:02:00',6),(4080,34,'2024-06-14','08:06:24','17:08:51',6),(4089,1,'2024-06-26','16:20:24','16:20:29',6),(4090,2,'2024-06-26','16:24:17','16:25:40',6),(4091,4,'2024-06-26','16:26:11','16:26:21',6),(4092,5,'2024-06-29','13:38:17',NULL,6);
/*!40000 ALTER TABLE `timesheet` ENABLE KEYS */;
UNLOCK TABLES;

--
-- Table structure for table `user`
--

DROP TABLE IF EXISTS `user`;
/*!40101 SET @saved_cs_client     = @@character_set_client */;
/*!50503 SET character_set_client = utf8mb4 */;
CREATE TABLE `user` (
  `user_id` int NOT NULL AUTO_INCREMENT,
  `username` varchar(45) NOT NULL,
  `password` varchar(200) NOT NULL,
  `emp_id` int NOT NULL,
  PRIMARY KEY (`user_id`),
  KEY `FK_user_emp_id` (`emp_id`),
  CONSTRAINT `fk_user_to_employee` FOREIGN KEY (`emp_id`) REFERENCES `employee` (`emp_id`)
) ENGINE=InnoDB AUTO_INCREMENT=34 DEFAULT CHARSET=utf8mb4 COLLATE=utf8mb4_0900_ai_ci;
/*!40101 SET character_set_client = @saved_cs_client */;

--
-- Dumping data for table `user`
--

LOCK TABLES `user` WRITE;
/*!40000 ALTER TABLE `user` DISABLE KEYS */;
INSERT INTO `user` VALUES (1,'garman','5994471abb01112afcc18159f6cc74b4f511b99806da59b3caf5a9c173cacfc5',1),(2,'limant','5994471abb01112afcc18159f6cc74b4f511b99806da59b3caf5a9c173cacfc5',2),(3,'reyiss','5994471abb01112afcc18159f6cc74b4f511b99806da59b3caf5a9c173cacfc5',4),(4,'heredu','5994471abb01112afcc18159f6cc74b4f511b99806da59b3caf5a9c173cacfc5',5),(5,'viland','5994471abb01112afcc18159f6cc74b4f511b99806da59b3caf5a9c173cacfc5',6),(6,'sanbra','5994471abb01112afcc18159f6cc74b4f511b99806da59b3caf5a9c173cacfc5',7),(7,'romali','5994471abb01112afcc18159f6cc74b4f511b99806da59b3caf5a9c173cacfc5',8),(8,'atiros','5994471abb01112afcc18159f6cc74b4f511b99806da59b3caf5a9c173cacfc5',9),(9,'alvrod','5994471abb01112afcc18159f6cc74b4f511b99806da59b3caf5a9c173cacfc5',10),(10,'salant','5994471abb01112afcc18159f6cc74b4f511b99806da59b3caf5a9c173cacfc5',11),(11,'lopjos','5994471abb01112afcc18159f6cc74b4f511b99806da59b3caf5a9c173cacfc5',12),(12,'farmar','5994471abb01112afcc18159f6cc74b4f511b99806da59b3caf5a9c173cacfc5',13),(13,'marlei','5994471abb01112afcc18159f6cc74b4f511b99806da59b3caf5a9c173cacfc5',14),(14,'romfre','5994471abb01112afcc18159f6cc74b4f511b99806da59b3caf5a9c173cacfc5',15),(15,'matchr','5994471abb01112afcc18159f6cc74b4f511b99806da59b3caf5a9c173cacfc5',16),(16,'delsel','5994471abb01112afcc18159f6cc74b4f511b99806da59b3caf5a9c173cacfc5',17),(17,'sanall','5994471abb01112afcc18159f6cc74b4f511b99806da59b3caf5a9c173cacfc5',18),(18,'roscyd','5994471abb01112afcc18159f6cc74b4f511b99806da59b3caf5a9c173cacfc5',19),(19,'baumar','5994471abb01112afcc18159f6cc74b4f511b99806da59b3caf5a9c173cacfc5',20),(20,'lazdar','5994471abb01112afcc18159f6cc74b4f511b99806da59b3caf5a9c173cacfc5',21),(21,'delkol','5994471abb01112afcc18159f6cc74b4f511b99806da59b3caf5a9c173cacfc5',22),(22,'sanvel','c8a760da58a8318aa15c8c6a87e2975dca8cc3410a7cf8e8f5592aaea71248c4',23),(23,'deltom','6bf260da68d1ca35feb7a1e6c38d1ea523dffdb290caf583f81d265bb4e87ba4',24),(24,'toljac','a8b4503067f1ef896ca8bfea5479ed8caaaeef921131357dbd945e7be6073e86',25),(25,'gutper','834c61964a8a0f3cc2b4393e524663af09eee922c77ec3bb1b16622e5eb7e1ce',26),(26,'mangar','9b355c564cf9ab17f1ffd51e3a012f590699c92bdf122de88b760757f045e91f',27),(27,'villiz','2bd3190ecce61437362a61a81417445d141acc667ab5874b8f4a48e5270bc2de',28),(28,'ramcar','d695a8110c308b96c16c02b929578b04a6bb69d45ff24fcff3448e2d660e3fcf',29),(29,'maceme','7a7376031a85701ef81891a009b8056ed8bf7449045b1e25b09af496eb0d44fa',30),(30,'agudel','4f0ded50fac81dc1a776b1f992e6393b2950c01fa33a2aed719279fd5990d8ab',31),(31,'casjoh','fbba3479579c3ea41cb6da3d4010279c7b7a1e6bd6b3e8ddeaa640d7dc432874',32),(32,'marcar','74556eed71bc7eb7f3d20fe82d4bb5d97ab066293173c790cdaa66af94c820b4',33),(33,'sanbea','308108f359f30cfacbbe52df0f4e84424502bdb71ba60af8a90ecf398ad343d7',34);
/*!40000 ALTER TABLE `user` ENABLE KEYS */;
UNLOCK TABLES;

--
-- Table structure for table `withholding_tax_matrix`
--

DROP TABLE IF EXISTS `withholding_tax_matrix`;
/*!40101 SET @saved_cs_client     = @@character_set_client */;
/*!50503 SET character_set_client = utf8mb4 */;
CREATE TABLE `withholding_tax_matrix` (
  `withholding_tax_id` int NOT NULL AUTO_INCREMENT,
  `salary_min` decimal(15,2) NOT NULL,
  `salary_max` decimal(15,2) NOT NULL,
  `base_tax` decimal(15,2) DEFAULT NULL,
  `excess_over_min_rate` decimal(5,2) DEFAULT NULL,
  `deduction_type_id` int NOT NULL,
  PRIMARY KEY (`withholding_tax_id`),
  KEY `FK_tax_deduction_type_id` (`deduction_type_id`) /*!80000 INVISIBLE */,
  KEY `IDX_tax_salary_min` (`salary_min`) /*!80000 INVISIBLE */,
  KEY `IDX_tax_salary_max` (`salary_max`),
  CONSTRAINT `withholding_tax_matrix_ibfk_1` FOREIGN KEY (`deduction_type_id`) REFERENCES `deduction_types` (`deduction_type_id`)
) ENGINE=InnoDB AUTO_INCREMENT=7 DEFAULT CHARSET=utf8mb4 COLLATE=utf8mb4_0900_ai_ci;
/*!40101 SET character_set_client = @saved_cs_client */;

--
-- Dumping data for table `withholding_tax_matrix`
--

LOCK TABLES `withholding_tax_matrix` WRITE;
/*!40000 ALTER TABLE `withholding_tax_matrix` DISABLE KEYS */;
INSERT INTO `withholding_tax_matrix` VALUES (1,0.00,20832.00,0.00,0.00,4),(2,20833.00,33332.99,0.00,0.20,4),(3,33333.00,66666.99,2500.00,0.25,4),(4,66667.00,166666.99,10833.00,0.30,4),(5,166667.00,666666.99,40833.33,0.32,4),(6,666667.00,999999999999.99,200833.33,0.35,4);
/*!40000 ALTER TABLE `withholding_tax_matrix` ENABLE KEYS */;
UNLOCK TABLES;

--
-- Final view structure for view `emp_deductions_view`
--

/*!50001 DROP VIEW IF EXISTS `emp_deductions_view`*/;
/*!50001 SET @saved_cs_client          = @@character_set_client */;
/*!50001 SET @saved_cs_results         = @@character_set_results */;
/*!50001 SET @saved_col_connection     = @@collation_connection */;
/*!50001 SET character_set_client      = utf8mb4 */;
/*!50001 SET character_set_results     = utf8mb4 */;
/*!50001 SET collation_connection      = utf8mb4_0900_ai_ci */;
/*!50001 CREATE ALGORITHM=UNDEFINED */
/*!50013 DEFINER=`root`@`localhost` SQL SECURITY DEFINER */
/*!50001 VIEW `emp_deductions_view` AS select `e`.`emp_id` AS `emp_id`,`e`.`last_name` AS `last_name`,`e`.`first_name` AS `first_name`,`pp`.`pay_period_start` AS `pay_period_start`,`pp`.`pay_period_end` AS `pay_period_end`,max((case when (`dt`.`deduction_name` = 'Social Security System') then `ed`.`amount` else 0 end)) AS `sss_contrib_amount`,max((case when (`dt`.`deduction_name` = 'Philhealth') then `ed`.`amount` else 0 end)) AS `philhealth_contrib_amount`,max((case when (`dt`.`deduction_name` = 'Pag-ibig') then `ed`.`amount` else 0 end)) AS `pagibig_contrib_amount`,`pp`.`payroll_period_id` AS `payroll_period_id` from (((`employee` `e` join `emp_deductions` `ed` on((`e`.`emp_id` = `ed`.`emp_id`))) join `payroll_periods` `pp` on((`ed`.`payroll_period_id` = `pp`.`payroll_period_id`))) join `deduction_types` `dt` on((`ed`.`deduction_type_id` = `dt`.`deduction_type_id`))) group by `e`.`emp_id`,`e`.`last_name`,`e`.`first_name`,`pp`.`pay_period_start`,`pp`.`pay_period_end`,`pp`.`payroll_period_id` order by `e`.`emp_id`,`pp`.`payroll_period_id` */;
/*!50001 SET character_set_client      = @saved_cs_client */;
/*!50001 SET character_set_results     = @saved_cs_results */;
/*!50001 SET collation_connection      = @saved_col_connection */;

--
-- Final view structure for view `emp_leave_balance_view`
--

/*!50001 DROP VIEW IF EXISTS `emp_leave_balance_view`*/;
/*!50001 SET @saved_cs_client          = @@character_set_client */;
/*!50001 SET @saved_cs_results         = @@character_set_results */;
/*!50001 SET @saved_col_connection     = @@collation_connection */;
/*!50001 SET character_set_client      = utf8mb4 */;
/*!50001 SET character_set_results     = utf8mb4 */;
/*!50001 SET collation_connection      = utf8mb4_0900_ai_ci */;
/*!50001 CREATE ALGORITHM=UNDEFINED */
/*!50013 DEFINER=`root`@`localhost` SQL SECURITY DEFINER */
/*!50001 VIEW `emp_leave_balance_view` AS select `e`.`emp_id` AS `emp_id`,`e`.`first_name` AS `first_name`,`e`.`last_name` AS `last_name`,coalesce(sum((case when (`lt`.`leave_type_name` = 'Vacation') then `elb`.`leave_days_remaining` else 0 end)),0) AS `vacation_leave`,coalesce(sum((case when (`lt`.`leave_type_name` = 'Sick') then `elb`.`leave_days_remaining` else 0 end)),0) AS `sick_leave`,coalesce(sum((case when (`lt`.`leave_type_name` = 'Emergency') then `elb`.`leave_days_remaining` else 0 end)),0) AS `emergency_leave` from ((`employee` `e` left join `emp_leave_balances` `elb` on((`e`.`emp_id` = `elb`.`emp_id`))) left join `leave_types` `lt` on((`elb`.`leave_type_id` = `lt`.`leave_type_id`))) where (`elb`.`year` = year(curdate())) group by `e`.`emp_id`,`e`.`first_name`,`e`.`last_name` */;
/*!50001 SET character_set_client      = @saved_cs_client */;
/*!50001 SET character_set_results     = @saved_cs_results */;
/*!50001 SET collation_connection      = @saved_col_connection */;

--
-- Final view structure for view `employee_allowances`
--

/*!50001 DROP VIEW IF EXISTS `employee_allowances`*/;
/*!50001 SET @saved_cs_client          = @@character_set_client */;
/*!50001 SET @saved_cs_results         = @@character_set_results */;
/*!50001 SET @saved_col_connection     = @@collation_connection */;
/*!50001 SET character_set_client      = utf8mb4 */;
/*!50001 SET character_set_results     = utf8mb4 */;
/*!50001 SET collation_connection      = utf8mb4_0900_ai_ci */;
/*!50001 CREATE ALGORITHM=UNDEFINED */
/*!50013 DEFINER=`root`@`localhost` SQL SECURITY DEFINER */
/*!50001 VIEW `employee_allowances` AS select `e`.`emp_id` AS `emp_id`,`e`.`last_name` AS `last_name`,`e`.`first_name` AS `first_name`,`p`.`position_name` AS `position_name`,sum((case when (`a`.`allowance_name` = 'Rice Subsidy') then `pa`.`amount` else 0 end)) AS `rice_subsidy`,sum((case when (`a`.`allowance_name` = 'Phone Allowance') then `pa`.`amount` else 0 end)) AS `phone_allowance`,sum((case when (`a`.`allowance_name` = 'Clothing Allowance') then `pa`.`amount` else 0 end)) AS `clothing_allowance` from (((`employee` `e` join `position` `p` on((`e`.`position_id` = `p`.`position_id`))) join `position_allowances` `pa` on((`p`.`position_id` = `pa`.`position_id`))) join `allowances` `a` on((`pa`.`allowance_id` = `a`.`allowance_id`))) group by `e`.`emp_id`,`e`.`last_name`,`e`.`first_name`,`p`.`position_name` order by `e`.`emp_id` */;
/*!50001 SET character_set_client      = @saved_cs_client */;
/*!50001 SET character_set_results     = @saved_cs_results */;
/*!50001 SET collation_connection      = @saved_col_connection */;

--
-- Final view structure for view `employee_details`
--

/*!50001 DROP VIEW IF EXISTS `employee_details`*/;
/*!50001 SET @saved_cs_client          = @@character_set_client */;
/*!50001 SET @saved_cs_results         = @@character_set_results */;
/*!50001 SET @saved_col_connection     = @@collation_connection */;
/*!50001 SET character_set_client      = utf8mb4 */;
/*!50001 SET character_set_results     = utf8mb4 */;
/*!50001 SET collation_connection      = utf8mb4_0900_ai_ci */;
/*!50001 CREATE ALGORITHM=UNDEFINED */
/*!50013 DEFINER=`root`@`localhost` SQL SECURITY DEFINER */
/*!50001 VIEW `employee_details` AS select `e`.`emp_id` AS `emp_id`,`e`.`last_name` AS `last_name`,`e`.`first_name` AS `first_name`,`e`.`birthdate` AS `birthdate`,`e`.`address` AS `address`,`e`.`phone_no` AS `phone_no`,`e`.`sss_no` AS `sss_no`,`e`.`philhealth_no` AS `philhealth_no`,`e`.`bir_no` AS `bir_no`,`e`.`pagibig_no` AS `pagibig_no`,`s`.`status_name` AS `status`,`d`.`dept_name` AS `department`,`p`.`position_name` AS `position`,concat(`sup`.`first_name`,' ',`sup`.`last_name`) AS `supervisor`,`e`.`basic_salary` AS `basic_salary`,round((`e`.`basic_salary` / 2),2) AS `gross_semi_monthly_rate`,round(((`e`.`basic_salary` / 21) / 8),2) AS `hourly_rate` from ((((`employee` `e` left join `status` `s` on((`e`.`status_id` = `s`.`status_id`))) left join `department` `d` on((`e`.`dept_id` = `d`.`dept_id`))) left join `position` `p` on((`e`.`position_id` = `p`.`position_id`))) left join `employee` `sup` on((`e`.`emp_supervisor_id` = `sup`.`emp_id`))) */;
/*!50001 SET character_set_client      = @saved_cs_client */;
/*!50001 SET character_set_results     = @saved_cs_results */;
/*!50001 SET collation_connection      = @saved_col_connection */;

--
-- Final view structure for view `employee_hours_by_pay_period`
--

/*!50001 DROP VIEW IF EXISTS `employee_hours_by_pay_period`*/;
/*!50001 SET @saved_cs_client          = @@character_set_client */;
/*!50001 SET @saved_cs_results         = @@character_set_results */;
/*!50001 SET @saved_col_connection     = @@collation_connection */;
/*!50001 SET character_set_client      = utf8mb4 */;
/*!50001 SET character_set_results     = utf8mb4 */;
/*!50001 SET collation_connection      = utf8mb4_0900_ai_ci */;
/*!50001 CREATE ALGORITHM=UNDEFINED */
/*!50013 DEFINER=`root`@`localhost` SQL SECURITY DEFINER */
/*!50001 VIEW `employee_hours_by_pay_period` AS select `ts`.`emp_id` AS `emp_id`,concat(`e`.`first_name`,' ',`e`.`last_name`) AS `employee_name`,sum(`ts`.`total_hours`) AS `total_hours`,coalesce(sum(`ot`.`total_hours`),0) AS `overtime_total_hours`,`pp`.`pay_period_start` AS `pay_period_start`,`pp`.`pay_period_end` AS `pay_period_end`,`ts`.`pay_period_id` AS `pay_period_id` from (((`timesheet` `ts` join `employee` `e` on((`ts`.`emp_id` = `e`.`emp_id`))) join `payroll_periods` `pp` on((`ts`.`pay_period_id` = `pp`.`payroll_period_id`))) left join `overtime` `ot` on(((`ts`.`emp_id` = `ot`.`emp_id`) and (`ts`.`pay_period_id` = `ot`.`payroll_period_id`) and (`ot`.`status` = 'Approved')))) group by `ts`.`emp_id`,`ts`.`pay_period_id`,`e`.`first_name`,`e`.`last_name`,`pp`.`pay_period_start`,`pp`.`pay_period_end` order by `ts`.`emp_id`,`ts`.`pay_period_id` */;
/*!50001 SET character_set_client      = @saved_cs_client */;
/*!50001 SET character_set_results     = @saved_cs_results */;
/*!50001 SET collation_connection      = @saved_col_connection */;

--
-- Final view structure for view `employee_overtime`
--

/*!50001 DROP VIEW IF EXISTS `employee_overtime`*/;
/*!50001 SET @saved_cs_client          = @@character_set_client */;
/*!50001 SET @saved_cs_results         = @@character_set_results */;
/*!50001 SET @saved_col_connection     = @@collation_connection */;
/*!50001 SET character_set_client      = utf8mb4 */;
/*!50001 SET character_set_results     = utf8mb4 */;
/*!50001 SET collation_connection      = utf8mb4_0900_ai_ci */;
/*!50001 CREATE ALGORITHM=UNDEFINED */
/*!50013 DEFINER=`root`@`localhost` SQL SECURITY DEFINER */
/*!50001 VIEW `employee_overtime` AS select `o`.`emp_id` AS `emp_id`,`e`.`last_name` AS `last_name`,`e`.`first_name` AS `first_name`,`ot`.`overtime_type_name` AS `overtime_type_name`,`ot`.`multiplier` AS `multiplier`,`o`.`date` AS `date`,`o`.`start_time` AS `start_time`,`o`.`end_time` AS `end_time`,`o`.`total_hours` AS `total_hours`,`o`.`reason` AS `reason`,`o`.`status` AS `status`,`o`.`approval_date` AS `approval_date`,concat(`a`.`first_name`,' ',`a`.`last_name`) AS `approver_name` from (((`overtime` `o` join `employee` `e` on((`o`.`emp_id` = `e`.`emp_id`))) left join `employee` `a` on((`o`.`approver_id` = `a`.`emp_id`))) join `overtime_type` `ot` on((`o`.`overtime_type_id` = `ot`.`overtime_type_id`))) */;
/*!50001 SET character_set_client      = @saved_cs_client */;
/*!50001 SET character_set_results     = @saved_cs_results */;
/*!50001 SET collation_connection      = @saved_col_connection */;

--
-- Final view structure for view `employee_permissions_view`
--

/*!50001 DROP VIEW IF EXISTS `employee_permissions_view`*/;
/*!50001 SET @saved_cs_client          = @@character_set_client */;
/*!50001 SET @saved_cs_results         = @@character_set_results */;
/*!50001 SET @saved_col_connection     = @@collation_connection */;
/*!50001 SET character_set_client      = utf8mb4 */;
/*!50001 SET character_set_results     = utf8mb4 */;
/*!50001 SET collation_connection      = utf8mb4_0900_ai_ci */;
/*!50001 CREATE ALGORITHM=UNDEFINED */
/*!50013 DEFINER=`root`@`localhost` SQL SECURITY DEFINER */
/*!50001 VIEW `employee_permissions_view` AS select `e`.`emp_id` AS `emp_id`,`e`.`last_name` AS `last_name`,`e`.`first_name` AS `first_name`,group_concat(`p`.`permissions_name` order by `p`.`permissions_name` ASC separator ', ') AS `permissions` from ((`employee` `e` join `employee_permissions` `ep` on((`e`.`emp_id` = `ep`.`emp_id`))) join `permissions` `p` on((`ep`.`permission_id` = `p`.`permissions_id`))) group by `e`.`emp_id`,`e`.`last_name`,`e`.`first_name` */;
/*!50001 SET character_set_client      = @saved_cs_client */;
/*!50001 SET character_set_results     = @saved_cs_results */;
/*!50001 SET collation_connection      = @saved_col_connection */;

--
-- Final view structure for view `monthly_summary_report_breakdown`
--

/*!50001 DROP VIEW IF EXISTS `monthly_summary_report_breakdown`*/;
/*!50001 SET @saved_cs_client          = @@character_set_client */;
/*!50001 SET @saved_cs_results         = @@character_set_results */;
/*!50001 SET @saved_col_connection     = @@collation_connection */;
/*!50001 SET character_set_client      = utf8mb4 */;
/*!50001 SET character_set_results     = utf8mb4 */;
/*!50001 SET collation_connection      = utf8mb4_0900_ai_ci */;
/*!50001 CREATE ALGORITHM=UNDEFINED */
/*!50013 DEFINER=`root`@`localhost` SQL SECURITY DEFINER */
/*!50001 VIEW `monthly_summary_report_breakdown` AS select `p`.`emp_id` AS `emp_id`,concat(`e`.`first_name`,' ',`e`.`last_name`) AS `employee_name`,`pos`.`position_name` AS `position`,`d`.`dept_name` AS `department`,`p`.`gross_pay` AS `gross_income`,`e`.`sss_no` AS `sss_no`,max((case when (`dt`.`deduction_name` = 'Social Security System') then `ed`.`amount` else 0 end)) AS `sss_contrib_amount`,`e`.`philhealth_no` AS `philhealth_no`,max((case when (`dt`.`deduction_name` = 'PhilHealth') then `ed`.`amount` else 0 end)) AS `philhealth_contrib_amount`,`e`.`pagibig_no` AS `pagibig_no`,max((case when (`dt`.`deduction_name` = 'Pag-IBIG') then `ed`.`amount` else 0 end)) AS `pagibig_contrib_amount`,`e`.`bir_no` AS `bir_no`,`p`.`withholding_tax` AS `withholding_tax`,`p`.`net_pay` AS `net_pay`,`p`.`payroll_period_id` AS `payroll_period_id` from (((((`payslips` `p` join `employee` `e` on((`p`.`emp_id` = `e`.`emp_id`))) join `position` `pos` on((`e`.`position_id` = `pos`.`position_id`))) join `department` `d` on((`e`.`dept_id` = `d`.`dept_id`))) left join `emp_deductions` `ed` on(((`p`.`emp_id` = `ed`.`emp_id`) and (`p`.`payroll_period_id` = `ed`.`payroll_period_id`)))) left join `deduction_types` `dt` on((`ed`.`deduction_type_id` = `dt`.`deduction_type_id`))) group by `p`.`emp_id`,`e`.`first_name`,`e`.`last_name`,`pos`.`position_name`,`d`.`dept_name`,`e`.`sss_no`,`e`.`philhealth_no`,`e`.`pagibig_no`,`e`.`bir_no`,`p`.`gross_pay`,`p`.`withholding_tax`,`p`.`net_pay`,`p`.`payroll_period_id` order by `p`.`emp_id`,`p`.`payroll_period_id` */;
/*!50001 SET character_set_client      = @saved_cs_client */;
/*!50001 SET character_set_results     = @saved_cs_results */;
/*!50001 SET collation_connection      = @saved_col_connection */;

--
-- Final view structure for view `payslip_view`
--

/*!50001 DROP VIEW IF EXISTS `payslip_view`*/;
/*!50001 SET @saved_cs_client          = @@character_set_client */;
/*!50001 SET @saved_cs_results         = @@character_set_results */;
/*!50001 SET @saved_col_connection     = @@collation_connection */;
/*!50001 SET character_set_client      = utf8mb4 */;
/*!50001 SET character_set_results     = utf8mb4 */;
/*!50001 SET collation_connection      = utf8mb4_0900_ai_ci */;
/*!50001 CREATE ALGORITHM=UNDEFINED */
/*!50013 DEFINER=`root`@`localhost` SQL SECURITY DEFINER */
/*!50001 VIEW `payslip_view` AS select `p`.`payslip_id` AS `payslip_id`,`pp`.`pay_period_start` AS `pay_period_start`,`pp`.`pay_period_end` AS `pay_period_end`,`pp`.`payroll_period_id` AS `payroll_period_id`,`p`.`emp_id` AS `emp_id`,concat(`e`.`first_name`,' ',`e`.`last_name`) AS `name`,`pos`.`position_name` AS `position`,`e`.`basic_salary` AS `basic_salary`,round(((`e`.`basic_salary` / 21) / 8),2) AS `hourly_rate`,`p`.`total_hours` AS `total_hours_worked`,`p`.`overtime_hours` AS `overtime_hours`,`p`.`overtime_pay` AS `overtime_pay`,`p`.`gross_pay` AS `gross_pay`,max((case when (`al`.`allowance_name` = 'Rice Subsidy') then `pa`.`amount` else 0 end)) AS `rice_subsidy`,max((case when (`al`.`allowance_name` = 'Phone Allowance') then `pa`.`amount` else 0 end)) AS `phone_allowance`,max((case when (`al`.`allowance_name` = 'Clothing Allowance') then `pa`.`amount` else 0 end)) AS `clothing_allowance`,`p`.`total_allowances` AS `total_allowances`,max((case when (`dt`.`deduction_name` = 'Social Security System') then `ed`.`amount` else 0 end)) AS `sss_contrib_amount`,max((case when (`dt`.`deduction_name` = 'PhilHealth') then `ed`.`amount` else 0 end)) AS `philhealth_contrib_amount`,max((case when (`dt`.`deduction_name` = 'Pag-IBIG') then `ed`.`amount` else 0 end)) AS `pagibig_contrib_amount`,`p`.`withholding_tax` AS `withholding_tax`,`p`.`total_deductions` AS `total_deductions`,`p`.`net_pay` AS `net_pay`,`p`.`date_generated` AS `date_generated` from (((((((`payslips` `p` join `employee` `e` on((`p`.`emp_id` = `e`.`emp_id`))) join `payroll_periods` `pp` on((`p`.`payroll_period_id` = `pp`.`payroll_period_id`))) join `position` `pos` on((`e`.`position_id` = `pos`.`position_id`))) join `position_allowances` `pa` on((`e`.`position_id` = `pa`.`position_id`))) join `allowances` `al` on((`pa`.`allowance_id` = `al`.`allowance_id`))) left join `emp_deductions` `ed` on(((`p`.`emp_id` = `ed`.`emp_id`) and (`p`.`payroll_period_id` = `ed`.`payroll_period_id`)))) left join `deduction_types` `dt` on((`ed`.`deduction_type_id` = `dt`.`deduction_type_id`))) group by `p`.`payslip_id`,`pp`.`pay_period_start`,`pp`.`pay_period_end`,`p`.`emp_id`,`e`.`first_name`,`e`.`last_name`,`pos`.`position_name`,`e`.`basic_salary`,`p`.`total_hours`,`p`.`overtime_hours`,`p`.`overtime_pay`,`p`.`gross_pay`,`p`.`total_allowances`,`p`.`total_deductions`,`p`.`withholding_tax`,`p`.`net_pay`,`p`.`date_generated`,`pp`.`payroll_period_id` */;
/*!50001 SET character_set_client      = @saved_cs_client */;
/*!50001 SET character_set_results     = @saved_cs_results */;
/*!50001 SET collation_connection      = @saved_col_connection */;
/*!40103 SET TIME_ZONE=@OLD_TIME_ZONE */;

/*!40101 SET SQL_MODE=@OLD_SQL_MODE */;
/*!40014 SET FOREIGN_KEY_CHECKS=@OLD_FOREIGN_KEY_CHECKS */;
/*!40014 SET UNIQUE_CHECKS=@OLD_UNIQUE_CHECKS */;
/*!40101 SET CHARACTER_SET_CLIENT=@OLD_CHARACTER_SET_CLIENT */;
/*!40101 SET CHARACTER_SET_RESULTS=@OLD_CHARACTER_SET_RESULTS */;
/*!40101 SET COLLATION_CONNECTION=@OLD_COLLATION_CONNECTION */;
/*!40111 SET SQL_NOTES=@OLD_SQL_NOTES */;

-- Dump completed on 2024-06-29 22:23:05
